key,start,end,epoch,tankl1,tankl2,deltal1,deltal2,hrs1,hrs2,deltahrs1,deltahrs2
UNHCR_LAGOS_OFFICE_DG1_and_DG2_1687819500,2023-06-26T22:45:00,2023-06-26T22:46:00,1687819500,92.78,15.29,0.0,0.0,2003.85,9863.25,0.0,0.0
UNHCR_LAGOS_OFFICE_DG1_and_DG2_1687819560,2023-06-26T22:46:00,2023-06-26T22:47:00,1687819560,92.78,15.29,0.0,0.0,2003.85,9863.25,0.0,0.0
UNHCR_LAGOS_OFFICE_DG1_and_DG2_1687819620,2023-06-26T22:47:00,2023-06-26T22:48:00,1687819620,92.78,15.29,0.0,0.0,2003.85,9863.25,0.0,0.0
UNHCR_LAGOS_OFFICE_DG1_and_DG2_1687819680,2023-06-26T22:48:00,2023-06-26T22:49:00,1687819680,92.78,15.29,0.0,0.0,2003.85,9863.25,0.0,0.0
UNHCR_LAGOS_OFFICE_DG1_and_DG2_1687819740,2023-06-26T22:49:00,2023-06-26T22:50:00,1687819740,92.78,15.29,0.0,0.0,2003.85,9863.25,0.0,0.0
UNHCR_LAGOS_OFFICE_DG1_and_DG2_1687819800,2023-06-26T22:50:00,2023-06-26T22:51:00,1687819800,92.78,15.29,0.0,0.0,2003.85,9863.25,0.0,0.0
UNHCR_LAGOS_OFFICE_DG1_and_DG2_1687819860,2023-06-26T22:51:00,2023-06-26T22:52:00,1687819860,92.78,15.29,0.0,0.0,2003.85,9863.25,0.0,0.0
UNHCR_LAGOS_OFFICE_DG1_and_DG2_1687819920,2023-06-26T22:52:00,2023-06-26T22:53:00,1687819920,92.78,15.29,0.0,0.0,2003.85,9863.25,0.0,0.0
UNHCR_LAGOS_OFFICE_DG1_and_DG2_1687819980,2023-06-26T22:53:00,2023-06-26T22:54:00,1687819980,92.78,15.29,0.0,0.0,2003.85,9863.25,0.0,0.0
UNHCR_LAGOS_OFFICE_DG1_and_DG2_1687820040,2023-06-26T22:54:00,2023-06-26T22:55:00,1687820040,92.78,15.29,0.0,0.0,2003.85,9863.25,0.0,0.0
UNHCR_LAGOS_OFFICE_DG1_and_DG2_1687820100,2023-06-26T22:55:00,2023-06-26T22:56:00,1687820100,92.78,15.29,0.0,0.0,2003.85,9863.25,0.0,0.0
UNHCR_LAGOS_OFFICE_DG1_and_DG2_1687820160,2023-06-26T22:56:00,2023-06-26T22:57:00,1687820160,92.78,15.29,0.0,0.0,2003.85,9863.25,0.0,0.0
UNHCR_LAGOS_OFFICE_DG1_and_DG2_1687820220,2023-06-26T22:57:00,2023-06-26T22:58:00,1687820220,92.78,15.29,0.0,0.0,2003.85,9863.25,0.0,0.0
UNHCR_LAGOS_OFFICE_DG1_and_DG2_1687820280,2023-06-26T22:58:00,2023-06-26T22:59:00,1687820280,92.78,15.29,0.0,0.0,2003.85,9863.25,0.0,0.0
UNHCR_LAGOS_OFFICE_DG1_and_DG2_1687820340,2023-06-26T22:59:00,2023-06-26T23:00:00,1687820340,92.78,15.29,0.0,0.0,2003.85,9863.25,0.0,0.0
UNHCR_LAGOS_OFFICE_DG1_and_DG2_1687820400,2023-06-26T23:00:00,2023-06-26T23:01:00,1687820400,92.78,15.29,0.0,0.0,2003.85,9863.25,0.0,0.0
UNHCR_LAGOS_OFFICE_DG1_and_DG2_1687820460,2023-06-26T23:01:00,2023-06-26T23:02:00,1687820460,92.78,15.29,0.0,0.0,2003.85,9863.25,0.0,0.0
UNHCR_LAGOS_OFFICE_DG1_and_DG2_1687820520,2023-06-26T23:02:00,2023-06-26T23:03:00,1687820520,92.78,15.29,0.0,0.0,2003.85,9863.25,0.0,0.0
UNHCR_LAGOS_OFFICE_DG1_and_DG2_1687820580,2023-06-26T23:03:00,2023-06-26T23:04:00,1687820580,92.78,15.29,0.0,0.0,2003.85,9863.25,0.0,0.0
UNHCR_LAGOS_OFFICE_DG1_and_DG2_1687820640,2023-06-26T23:04:00,2023-06-26T23:05:00,1687820640,92.78,15.29,0.0,0.0,2003.85,9863.25,0.0,0.0
UNHCR_LAGOS_OFFICE_DG1_and_DG2_1687820700,2023-06-26T23:05:00,2023-06-26T23:06:00,1687820700,92.78,15.29,0.0,0.0,2003.85,9863.25,0.0,0.0
UNHCR_LAGOS_OFFICE_DG1_and_DG2_1687820760,2023-06-26T23:06:00,2023-06-26T23:07:00,1687820760,92.78,15.29,0.0,0.0,2003.85,9863.25,0.0,0.0
UNHCR_LAGOS_OFFICE_DG1_and_DG2_1687820820,2023-06-26T23:07:00,2023-06-26T23:08:00,1687820820,92.78,15.29,0.0,0.0,2003.85,9863.25,0.0,0.0
UNHCR_LAGOS_OFFICE_DG1_and_DG2_1687820880,2023-06-26T23:08:00,2023-06-26T23:09:00,1687820880,92.78,15.29,0.0,0.0,2003.85,9863.25,0.0,0.0
UNHCR_LAGOS_OFFICE_DG1_and_DG2_1687820940,2023-06-26T23:09:00,2023-06-26T23:10:00,1687820940,92.78,15.29,0.0,0.0,2003.85,9863.25,0.0,0.0
UNHCR_LAGOS_OFFICE_DG1_and_DG2_1687821000,2023-06-26T23:10:00,2023-06-26T23:11:00,1687821000,92.78,15.29,0.0,0.0,2003.85,9863.25,0.0,0.0
UNHCR_LAGOS_OFFICE_DG1_and_DG2_1687821060,2023-06-26T23:11:00,2023-06-26T23:12:00,1687821060,92.78,15.29,0.0,0.0,2003.85,9863.25,0.0,0.0
UNHCR_LAGOS_OFFICE_DG1_and_DG2_1687821120,2023-06-26T23:12:00,2023-06-26T23:13:00,1687821120,92.78,15.29,0.0,0.0,2003.85,9863.25,0.0,0.0
UNHCR_LAGOS_OFFICE_DG1_and_DG2_1687821180,2023-06-26T23:13:00,2023-06-26T23:14:00,1687821180,92.78,15.29,0.0,0.0,2003.85,9863.25,0.0,0.0
UNHCR_LAGOS_OFFICE_DG1_and_DG2_1687821240,2023-06-26T23:14:00,2023-06-26T23:15:00,1687821240,92.78,15.29,0.0,0.0,2003.85,9863.25,0.0,0.0
UNHCR_LAGOS_OFFICE_DG1_and_DG2_1687821300,2023-06-26T23:15:00,2023-06-26T23:16:00,1687821300,92.78,15.29,0.0,0.0,2003.85,9863.25,0.0,0.0
UNHCR_LAGOS_OFFICE_DG1_and_DG2_1687821360,2023-06-26T23:16:00,2023-06-26T23:17:00,1687821360,92.78,15.29,0.0,0.0,2003.85,9863.25,0.0,0.0
UNHCR_LAGOS_OFFICE_DG1_and_DG2_1687821420,2023-06-26T23:17:00,2023-06-26T23:18:00,1687821420,92.78,15.29,0.0,0.0,2003.85,9863.25,0.0,0.0
UNHCR_LAGOS_OFFICE_DG1_and_DG2_1687821480,2023-06-26T23:18:00,2023-06-26T23:19:00,1687821480,92.78,15.29,0.0,0.0,2003.85,9863.25,0.0,0.0
UNHCR_LAGOS_OFFICE_DG1_and_DG2_1687821540,2023-06-26T23:19:00,2023-06-26T23:20:00,1687821540,92.78,15.29,0.0,0.0,2003.85,9863.25,0.0,0.0
UNHCR_LAGOS_OFFICE_DG1_and_DG2_1687821600,2023-06-26T23:20:00,2023-06-26T23:21:00,1687821600,92.78,15.29,0.0,0.0,2003.85,9863.25,0.0,0.0
UNHCR_LAGOS_OFFICE_DG1_and_DG2_1687821660,2023-06-26T23:21:00,2023-06-26T23:22:00,1687821660,92.78,15.29,0.0,0.0,2003.85,9863.25,0.0,0.0
UNHCR_LAGOS_OFFICE_DG1_and_DG2_1687821720,2023-06-26T23:22:00,2023-06-26T23:23:00,1687821720,92.78,15.29,0.0,0.0,2003.85,9863.25,0.0,0.0
UNHCR_LAGOS_OFFICE_DG1_and_DG2_1687821780,2023-06-26T23:23:00,2023-06-26T23:24:00,1687821780,92.78,15.29,0.0,0.0,2003.85,9863.25,0.0,0.0
UNHCR_LAGOS_OFFICE_DG1_and_DG2_1687821840,2023-06-26T23:24:00,2023-06-26T23:25:00,1687821840,92.78,15.29,0.0,0.0,2003.85,9863.25,0.0,0.0
UNHCR_LAGOS_OFFICE_DG1_and_DG2_1687821900,2023-06-26T23:25:00,2023-06-26T23:26:00,1687821900,92.78,15.29,0.0,0.0,2003.85,9863.25,0.0,0.0
UNHCR_LAGOS_OFFICE_DG1_and_DG2_1687821960,2023-06-26T23:26:00,2023-06-26T23:27:00,1687821960,92.78,15.29,0.0,0.0,2003.85,9863.25,0.0,0.0
UNHCR_LAGOS_OFFICE_DG1_and_DG2_1687822020,2023-06-26T23:27:00,2023-06-26T23:28:00,1687822020,92.78,15.29,0.0,0.0,2003.85,9863.25,0.0,0.0
UNHCR_LAGOS_OFFICE_DG1_and_DG2_1687822080,2023-06-26T23:28:00,2023-06-26T23:29:00,1687822080,92.78,15.29,0.0,0.0,2003.85,9863.25,0.0,0.0
UNHCR_LAGOS_OFFICE_DG1_and_DG2_1687822140,2023-06-26T23:29:00,2023-06-26T23:30:00,1687822140,92.78,15.29,0.0,0.0,2003.85,9863.25,0.0,0.0
UNHCR_LAGOS_OFFICE_DG1_and_DG2_1687822200,2023-06-26T23:30:00,2023-06-26T23:31:00,1687822200,92.78,15.29,0.0,0.0,2003.85,9863.25,0.0,0.0
UNHCR_LAGOS_OFFICE_DG1_and_DG2_1687822260,2023-06-26T23:31:00,2023-06-26T23:32:00,1687822260,92.78,15.29,0.0,0.0,2003.85,9863.25,0.0,0.0
UNHCR_LAGOS_OFFICE_DG1_and_DG2_1687822320,2023-06-26T23:32:00,2023-06-26T23:33:00,1687822320,92.78,15.29,0.0,0.0,2003.85,9863.25,0.0,0.0
UNHCR_LAGOS_OFFICE_DG1_and_DG2_1687822380,2023-06-26T23:33:00,2023-06-26T23:34:00,1687822380,92.78,15.29,0.0,0.0,2003.85,9863.25,0.0,0.0
UNHCR_LAGOS_OFFICE_DG1_and_DG2_1687822440,2023-06-26T23:34:00,2023-06-26T23:35:00,1687822440,92.78,15.29,0.0,0.0,2003.85,9863.25,0.0,0.0
UNHCR_LAGOS_OFFICE_DG1_and_DG2_1687822500,2023-06-26T23:35:00,2023-06-26T23:36:00,1687822500,92.78,15.29,0.0,0.0,2003.85,9863.25,0.0,0.0
UNHCR_LAGOS_OFFICE_DG1_and_DG2_1687822560,2023-06-26T23:36:00,2023-06-26T23:37:00,1687822560,92.78,15.29,0.0,0.0,2003.85,9863.25,0.0,0.0
UNHCR_LAGOS_OFFICE_DG1_and_DG2_1687822620,2023-06-26T23:37:00,2023-06-26T23:38:00,1687822620,92.78,15.29,0.0,0.0,2003.85,9863.25,0.0,0.0
UNHCR_LAGOS_OFFICE_DG1_and_DG2_1687822680,2023-06-26T23:38:00,2023-06-26T23:39:00,1687822680,92.78,15.29,0.0,0.0,2003.85,9863.25,0.0,0.0
UNHCR_LAGOS_OFFICE_DG1_and_DG2_1687822740,2023-06-26T23:39:00,2023-06-26T23:40:00,1687822740,92.78,15.29,0.0,0.0,2003.85,9863.25,0.0,0.0
UNHCR_LAGOS_OFFICE_DG1_and_DG2_1687822800,2023-06-26T23:40:00,2023-06-26T23:41:00,1687822800,92.78,15.29,0.0,0.0,2003.85,9863.25,0.0,0.0
UNHCR_LAGOS_OFFICE_DG1_and_DG2_1687822860,2023-06-26T23:41:00,2023-06-26T23:42:00,1687822860,92.78,15.29,0.0,0.0,2003.85,9863.25,0.0,0.0
UNHCR_LAGOS_OFFICE_DG1_and_DG2_1687822920,2023-06-26T23:42:00,2023-06-26T23:43:00,1687822920,92.78,15.29,0.0,0.0,2003.85,9863.25,0.0,0.0
UNHCR_LAGOS_OFFICE_DG1_and_DG2_1687822980,2023-06-26T23:43:00,2023-06-26T23:44:00,1687822980,92.78,15.29,0.0,0.0,2003.85,9863.25,0.0,0.0
UNHCR_LAGOS_OFFICE_DG1_and_DG2_1687823040,2023-06-26T23:44:00,2023-06-26T23:45:00,1687823040,92.78,15.29,0.0,0.0,2003.85,9863.25,0.0,0.0
UNHCR_LAGOS_OFFICE_DG1_and_DG2_1687823100,2023-06-26T23:45:00,2023-06-26T23:46:00,1687823100,92.78,15.29,0.0,0.0,2003.85,9863.25,0.0,0.0
UNHCR_LAGOS_OFFICE_DG1_and_DG2_1687823160,2023-06-26T23:46:00,2023-06-26T23:47:00,1687823160,92.78,15.29,0.0,0.0,2003.85,9863.25,0.0,0.0
UNHCR_LAGOS_OFFICE_DG1_and_DG2_1687823220,2023-06-26T23:47:00,2023-06-26T23:48:00,1687823220,92.78,15.29,0.0,0.0,2003.85,9863.25,0.0,0.0
UNHCR_LAGOS_OFFICE_DG1_and_DG2_1687823280,2023-06-26T23:48:00,2023-06-26T23:49:00,1687823280,92.78,15.29,0.0,0.0,2003.85,9863.25,0.0,0.0
UNHCR_LAGOS_OFFICE_DG1_and_DG2_1687823340,2023-06-26T23:49:00,2023-06-26T23:50:00,1687823340,92.78,15.29,0.0,0.0,2003.85,9863.25,0.0,0.0
UNHCR_LAGOS_OFFICE_DG1_and_DG2_1687823400,2023-06-26T23:50:00,2023-06-26T23:51:00,1687823400,92.78,15.29,0.0,0.0,2003.85,9863.25,0.0,0.0
UNHCR_LAGOS_OFFICE_DG1_and_DG2_1687823460,2023-06-26T23:51:00,2023-06-26T23:52:00,1687823460,92.78,15.29,0.0,0.0,2003.85,9863.25,0.0,0.0
UNHCR_LAGOS_OFFICE_DG1_and_DG2_1687823520,2023-06-26T23:52:00,2023-06-26T23:53:00,1687823520,92.78,15.29,0.0,0.0,2003.85,9863.25,0.0,0.0
UNHCR_LAGOS_OFFICE_DG1_and_DG2_1687823580,2023-06-26T23:53:00,2023-06-26T23:54:00,1687823580,92.78,15.29,0.0,0.0,2003.85,9863.25,0.0,0.0
UNHCR_LAGOS_OFFICE_DG1_and_DG2_1687823640,2023-06-26T23:54:00,2023-06-26T23:55:00,1687823640,92.78,15.29,0.0,0.0,2003.85,9863.25,0.0,0.0
UNHCR_LAGOS_OFFICE_DG1_and_DG2_1687823700,2023-06-26T23:55:00,2023-06-26T23:56:00,1687823700,92.78,15.29,0.0,0.0,2003.85,9863.25,0.0,0.0
UNHCR_LAGOS_OFFICE_DG1_and_DG2_1687823760,2023-06-26T23:56:00,2023-06-26T23:57:00,1687823760,92.78,15.29,0.0,0.0,2003.85,9863.25,0.0,0.0
UNHCR_LAGOS_OFFICE_DG1_and_DG2_1687823820,2023-06-26T23:57:00,2023-06-26T23:58:00,1687823820,92.78,15.29,0.0,0.0,2003.85,9863.25,0.0,0.0
UNHCR_LAGOS_OFFICE_DG1_and_DG2_1687823880,2023-06-26T23:58:00,2023-06-26T23:59:00,1687823880,92.78,15.29,0.0,0.0,2003.85,9863.25,0.0,0.0
UNHCR_LAGOS_OFFICE_DG1_and_DG2_1687823940,2023-06-26T23:59:00,2023-06-27T00:00:00,1687823940,92.78,15.29,0.0,0.0,2003.85,9863.25,0.0,0.0
UNHCR_LAGOS_OFFICE_DG1_and_DG2_1687824000,2023-06-27T00:00:00,2023-06-27T00:01:00,1687824000,92.78,15.29,0.0,0.0,2003.85,9863.25,0.0,0.0
UNHCR_LAGOS_OFFICE_DG1_and_DG2_1687824060,2023-06-27T00:01:00,2023-06-27T00:02:00,1687824060,92.78,15.29,0.0,0.0,2003.85,9863.25,0.0,0.0
UNHCR_LAGOS_OFFICE_DG1_and_DG2_1687824120,2023-06-27T00:02:00,2023-06-27T00:03:00,1687824120,92.78,15.29,0.0,0.0,2003.85,9863.25,0.0,0.0
UNHCR_LAGOS_OFFICE_DG1_and_DG2_1687824180,2023-06-27T00:03:00,2023-06-27T00:04:00,1687824180,92.78,15.29,0.0,0.0,2003.85,9863.25,0.0,0.0
UNHCR_LAGOS_OFFICE_DG1_and_DG2_1687824240,2023-06-27T00:04:00,2023-06-27T00:05:00,1687824240,92.78,15.29,0.0,0.0,2003.85,9863.25,0.0,0.0
UNHCR_LAGOS_OFFICE_DG1_and_DG2_1687824300,2023-06-27T00:05:00,2023-06-27T00:06:00,1687824300,92.78,15.29,0.0,0.0,2003.85,9863.25,0.0,0.0
UNHCR_LAGOS_OFFICE_DG1_and_DG2_1687824360,2023-06-27T00:06:00,2023-06-27T00:07:00,1687824360,92.78,15.29,0.0,0.0,2003.85,9863.25,0.0,0.0
UNHCR_LAGOS_OFFICE_DG1_and_DG2_1687824420,2023-06-27T00:07:00,2023-06-27T00:08:00,1687824420,92.78,15.29,0.0,0.0,2003.85,9863.25,0.0,0.0
UNHCR_LAGOS_OFFICE_DG1_and_DG2_1687824480,2023-06-27T00:08:00,2023-06-27T00:09:00,1687824480,92.78,15.29,0.0,0.0,2003.85,9863.25,0.0,0.0
UNHCR_LAGOS_OFFICE_DG1_and_DG2_1687824540,2023-06-27T00:09:00,2023-06-27T00:10:00,1687824540,92.78,15.29,0.0,0.0,2003.85,9863.25,0.0,0.0
UNHCR_LAGOS_OFFICE_DG1_and_DG2_1687824600,2023-06-27T00:10:00,2023-06-27T00:11:00,1687824600,92.78,15.29,0.0,0.0,2003.85,9863.25,0.0,0.0
UNHCR_LAGOS_OFFICE_DG1_and_DG2_1687824660,2023-06-27T00:11:00,2023-06-27T00:12:00,1687824660,92.78,15.29,0.0,0.0,2003.85,9863.25,0.0,0.0
UNHCR_LAGOS_OFFICE_DG1_and_DG2_1687824720,2023-06-27T00:12:00,2023-06-27T00:13:00,1687824720,92.78,15.29,0.0,0.0,2003.85,9863.25,0.0,0.0
UNHCR_LAGOS_OFFICE_DG1_and_DG2_1687824780,2023-06-27T00:13:00,2023-06-27T00:14:00,1687824780,92.78,15.29,0.0,0.0,2003.85,9863.25,0.0,0.0
UNHCR_LAGOS_OFFICE_DG1_and_DG2_1687824840,2023-06-27T00:14:00,2023-06-27T00:15:00,1687824840,92.78,15.29,0.0,0.0,2003.85,9863.25,0.0,0.0
UNHCR_LAGOS_OFFICE_DG1_and_DG2_1687824900,2023-06-27T00:15:00,2023-06-27T00:16:00,1687824900,92.78,15.29,0.0,0.0,2003.85,9863.25,0.0,0.0
UNHCR_LAGOS_OFFICE_DG1_and_DG2_1687824960,2023-06-27T00:16:00,2023-06-27T00:17:00,1687824960,92.78,15.29,0.0,0.0,2003.85,9863.25,0.0,0.0
UNHCR_LAGOS_OFFICE_DG1_and_DG2_1687825020,2023-06-27T00:17:00,2023-06-27T00:18:00,1687825020,92.78,15.29,0.0,0.0,2003.85,9863.25,0.0,0.0
UNHCR_LAGOS_OFFICE_DG1_and_DG2_1687825080,2023-06-27T00:18:00,2023-06-27T00:19:00,1687825080,92.78,15.29,0.0,0.0,2003.85,9863.25,0.0,0.0
UNHCR_LAGOS_OFFICE_DG1_and_DG2_1687825140,2023-06-27T00:19:00,2023-06-27T00:20:00,1687825140,92.78,15.29,0.0,0.0,2003.85,9863.25,0.0,0.0
UNHCR_LAGOS_OFFICE_DG1_and_DG2_1687825200,2023-06-27T00:20:00,2023-06-27T00:21:00,1687825200,92.78,15.29,0.0,0.0,2003.85,9863.25,0.0,0.0
UNHCR_LAGOS_OFFICE_DG1_and_DG2_1687825260,2023-06-27T00:21:00,2023-06-27T00:22:00,1687825260,92.78,15.29,0.0,0.0,2003.85,9863.25,0.0,0.0
UNHCR_LAGOS_OFFICE_DG1_and_DG2_1687825320,2023-06-27T00:22:00,2023-06-27T00:23:00,1687825320,92.78,15.29,0.0,0.0,2003.85,9863.25,0.0,0.0
UNHCR_LAGOS_OFFICE_DG1_and_DG2_1687825380,2023-06-27T00:23:00,2023-06-27T00:24:00,1687825380,92.78,15.29,0.0,0.0,2003.85,9863.25,0.0,0.0
UNHCR_LAGOS_OFFICE_DG1_and_DG2_1687825440,2023-06-27T00:24:00,2023-06-27T00:25:00,1687825440,92.78,15.29,0.0,0.0,2003.85,9863.25,0.0,0.0
UNHCR_LAGOS_OFFICE_DG1_and_DG2_1687825500,2023-06-27T00:25:00,2023-06-27T00:26:00,1687825500,92.78,15.29,0.0,0.0,2003.85,9863.25,0.0,0.0
UNHCR_LAGOS_OFFICE_DG1_and_DG2_1687825560,2023-06-27T00:26:00,2023-06-27T00:27:00,1687825560,92.78,15.29,0.0,0.0,2003.85,9863.25,0.0,0.0
UNHCR_LAGOS_OFFICE_DG1_and_DG2_1687825620,2023-06-27T00:27:00,2023-06-27T00:28:00,1687825620,92.78,15.29,0.0,0.0,2003.85,9863.25,0.0,0.0
UNHCR_LAGOS_OFFICE_DG1_and_DG2_1687825680,2023-06-27T00:28:00,2023-06-27T00:29:00,1687825680,92.78,15.29,0.0,0.0,2003.85,9863.25,0.0,0.0
UNHCR_LAGOS_OFFICE_DG1_and_DG2_1687825740,2023-06-27T00:29:00,2023-06-27T00:30:00,1687825740,92.78,15.29,0.0,0.0,2003.85,9863.25,0.0,0.0
UNHCR_LAGOS_OFFICE_DG1_and_DG2_1687825800,2023-06-27T00:30:00,2023-06-27T00:31:00,1687825800,92.78,15.29,0.0,0.0,2003.85,9863.25,0.0,0.0
UNHCR_LAGOS_OFFICE_DG1_and_DG2_1687825860,2023-06-27T00:31:00,2023-06-27T00:32:00,1687825860,92.78,15.29,0.0,0.0,2003.85,9863.25,0.0,0.0
UNHCR_LAGOS_OFFICE_DG1_and_DG2_1687825920,2023-06-27T00:32:00,2023-06-27T00:33:00,1687825920,92.78,15.29,0.0,0.0,2003.85,9863.25,0.0,0.0
UNHCR_LAGOS_OFFICE_DG1_and_DG2_1687825980,2023-06-27T00:33:00,2023-06-27T00:34:00,1687825980,92.78,15.29,0.0,0.0,2003.85,9863.25,0.0,0.0
UNHCR_LAGOS_OFFICE_DG1_and_DG2_1687826040,2023-06-27T00:34:00,2023-06-27T00:35:00,1687826040,92.78,15.29,0.0,0.0,2003.85,9863.25,0.0,0.0
UNHCR_LAGOS_OFFICE_DG1_and_DG2_1687826100,2023-06-27T00:35:00,2023-06-27T00:36:00,1687826100,92.78,15.29,0.0,0.0,2003.85,9863.25,0.0,0.0
UNHCR_LAGOS_OFFICE_DG1_and_DG2_1687826160,2023-06-27T00:36:00,2023-06-27T00:37:00,1687826160,92.78,15.29,0.0,0.0,2003.85,9863.25,0.0,0.0
UNHCR_LAGOS_OFFICE_DG1_and_DG2_1687826220,2023-06-27T00:37:00,2023-06-27T00:38:00,1687826220,92.78,15.29,0.0,0.0,2003.85,9863.25,0.0,0.0
UNHCR_LAGOS_OFFICE_DG1_and_DG2_1687826280,2023-06-27T00:38:00,2023-06-27T00:39:00,1687826280,92.78,15.29,0.0,0.0,2003.85,9863.25,0.0,0.0
UNHCR_LAGOS_OFFICE_DG1_and_DG2_1687826340,2023-06-27T00:39:00,2023-06-27T00:40:00,1687826340,92.78,15.29,0.0,0.0,2003.85,9863.25,0.0,0.0
UNHCR_LAGOS_OFFICE_DG1_and_DG2_1687826400,2023-06-27T00:40:00,2023-06-27T00:41:00,1687826400,92.78,15.29,0.0,0.0,2003.85,9863.25,0.0,0.0
UNHCR_LAGOS_OFFICE_DG1_and_DG2_1687826460,2023-06-27T00:41:00,2023-06-27T00:42:00,1687826460,92.78,15.29,0.0,0.0,2003.85,9863.25,0.0,0.0
UNHCR_LAGOS_OFFICE_DG1_and_DG2_1687826520,2023-06-27T00:42:00,2023-06-27T00:43:00,1687826520,92.78,15.29,0.0,0.0,2003.85,9863.25,0.0,0.0
UNHCR_LAGOS_OFFICE_DG1_and_DG2_1687826580,2023-06-27T00:43:00,2023-06-27T00:44:00,1687826580,92.78,15.29,0.0,0.0,2003.85,9863.25,0.0,0.0
UNHCR_LAGOS_OFFICE_DG1_and_DG2_1687826640,2023-06-27T00:44:00,2023-06-27T00:45:00,1687826640,92.78,15.29,0.0,0.0,2003.85,9863.25,0.0,0.0
UNHCR_LAGOS_OFFICE_DG1_and_DG2_1687826700,2023-06-27T00:45:00,2023-06-27T00:46:00,1687826700,92.78,15.29,0.0,0.0,2003.85,9863.25,0.0,0.0
UNHCR_LAGOS_OFFICE_DG1_and_DG2_1687826760,2023-06-27T00:46:00,2023-06-27T00:47:00,1687826760,92.78,15.29,0.0,0.0,2003.85,9863.25,0.0,0.0
UNHCR_LAGOS_OFFICE_DG1_and_DG2_1687826820,2023-06-27T00:47:00,2023-06-27T00:48:00,1687826820,92.78,15.29,0.0,0.0,2003.85,9863.25,0.0,0.0
UNHCR_LAGOS_OFFICE_DG1_and_DG2_1687826880,2023-06-27T00:48:00,2023-06-27T00:49:00,1687826880,92.78,15.29,0.0,0.0,2003.85,9863.25,0.0,0.0
UNHCR_LAGOS_OFFICE_DG1_and_DG2_1687826940,2023-06-27T00:49:00,2023-06-27T00:50:00,1687826940,92.78,15.29,0.0,0.0,2003.85,9863.25,0.0,0.0
UNHCR_LAGOS_OFFICE_DG1_and_DG2_1687827000,2023-06-27T00:50:00,2023-06-27T00:51:00,1687827000,92.78,15.29,0.0,0.0,2003.85,9863.25,0.0,0.0
UNHCR_LAGOS_OFFICE_DG1_and_DG2_1687827060,2023-06-27T00:51:00,2023-06-27T00:52:00,1687827060,92.78,15.29,0.0,0.0,2003.85,9863.25,0.0,0.0
UNHCR_LAGOS_OFFICE_DG1_and_DG2_1687827120,2023-06-27T00:52:00,2023-06-27T00:53:00,1687827120,92.78,15.29,0.0,0.0,2003.85,9863.25,0.0,0.0
UNHCR_LAGOS_OFFICE_DG1_and_DG2_1687827180,2023-06-27T00:53:00,2023-06-27T00:54:00,1687827180,92.78,15.29,0.0,0.0,2003.85,9863.25,0.0,0.0
UNHCR_LAGOS_OFFICE_DG1_and_DG2_1687827240,2023-06-27T00:54:00,2023-06-27T00:55:00,1687827240,92.78,15.29,0.0,0.0,2003.85,9863.25,0.0,0.0
UNHCR_LAGOS_OFFICE_DG1_and_DG2_1687827300,2023-06-27T00:55:00,2023-06-27T00:56:00,1687827300,92.78,15.29,0.0,0.0,2003.85,9863.25,0.0,0.0
UNHCR_LAGOS_OFFICE_DG1_and_DG2_1687827360,2023-06-27T00:56:00,2023-06-27T00:57:00,1687827360,92.78,15.29,0.0,0.0,2003.85,9863.25,0.0,0.0
UNHCR_LAGOS_OFFICE_DG1_and_DG2_1687827420,2023-06-27T00:57:00,2023-06-27T00:58:00,1687827420,92.78,15.29,0.0,0.0,2003.85,9863.25,0.0,0.0
UNHCR_LAGOS_OFFICE_DG1_and_DG2_1687827480,2023-06-27T00:58:00,2023-06-27T00:59:00,1687827480,92.78,15.29,0.0,0.0,2003.85,9863.25,0.0,0.0
UNHCR_LAGOS_OFFICE_DG1_and_DG2_1687827540,2023-06-27T00:59:00,2023-06-27T01:00:00,1687827540,92.78,15.29,0.0,0.0,2003.85,9863.25,0.0,0.0
UNHCR_LAGOS_OFFICE_DG1_and_DG2_1687827600,2023-06-27T01:00:00,2023-06-27T01:01:00,1687827600,92.78,15.29,0.0,0.0,2003.85,9863.25,0.0,0.0
UNHCR_LAGOS_OFFICE_DG1_and_DG2_1687827660,2023-06-27T01:01:00,2023-06-27T01:02:00,1687827660,92.78,15.29,0.0,0.0,2003.85,9863.25,0.0,0.0
UNHCR_LAGOS_OFFICE_DG1_and_DG2_1687827720,2023-06-27T01:02:00,2023-06-27T01:03:00,1687827720,92.78,15.29,0.0,0.0,2003.85,9863.25,0.0,0.0
UNHCR_LAGOS_OFFICE_DG1_and_DG2_1687827780,2023-06-27T01:03:00,2023-06-27T01:04:00,1687827780,92.78,15.29,0.0,0.0,2003.85,9863.25,0.0,0.0
UNHCR_LAGOS_OFFICE_DG1_and_DG2_1687827840,2023-06-27T01:04:00,2023-06-27T01:05:00,1687827840,92.78,15.29,0.0,0.0,2003.85,9863.25,0.0,0.0
UNHCR_LAGOS_OFFICE_DG1_and_DG2_1687827900,2023-06-27T01:05:00,2023-06-27T01:06:00,1687827900,92.78,15.29,0.0,0.0,2003.85,9863.25,0.0,0.0
UNHCR_LAGOS_OFFICE_DG1_and_DG2_1687827960,2023-06-27T01:06:00,2023-06-27T01:07:00,1687827960,92.78,15.29,0.0,0.0,2003.85,9863.25,0.0,0.0
UNHCR_LAGOS_OFFICE_DG1_and_DG2_1687828020,2023-06-27T01:07:00,2023-06-27T01:08:00,1687828020,92.78,15.29,0.0,0.0,2003.85,9863.25,0.0,0.0
UNHCR_LAGOS_OFFICE_DG1_and_DG2_1687828080,2023-06-27T01:08:00,2023-06-27T01:09:00,1687828080,92.78,15.29,0.0,0.0,2003.85,9863.25,0.0,0.0
UNHCR_LAGOS_OFFICE_DG1_and_DG2_1687828140,2023-06-27T01:09:00,2023-06-27T01:10:00,1687828140,92.78,15.29,0.0,0.0,2003.85,9863.25,0.0,0.0
UNHCR_LAGOS_OFFICE_DG1_and_DG2_1687828200,2023-06-27T01:10:00,2023-06-27T01:11:00,1687828200,92.78,15.29,0.0,0.0,2003.85,9863.25,0.0,0.0
UNHCR_LAGOS_OFFICE_DG1_and_DG2_1687828260,2023-06-27T01:11:00,2023-06-27T01:12:00,1687828260,92.78,15.29,0.0,0.0,2003.85,9863.25,0.0,0.0
UNHCR_LAGOS_OFFICE_DG1_and_DG2_1687828320,2023-06-27T01:12:00,2023-06-27T01:13:00,1687828320,92.78,15.29,0.0,0.0,2003.85,9863.25,0.0,0.0
UNHCR_LAGOS_OFFICE_DG1_and_DG2_1687828380,2023-06-27T01:13:00,2023-06-27T01:14:00,1687828380,92.78,15.29,0.0,0.0,2003.85,9863.25,0.0,0.0
UNHCR_LAGOS_OFFICE_DG1_and_DG2_1687828440,2023-06-27T01:14:00,2023-06-27T01:15:00,1687828440,92.78,15.29,0.0,0.0,2003.85,9863.25,0.0,0.0
UNHCR_LAGOS_OFFICE_DG1_and_DG2_1687828500,2023-06-27T01:15:00,2023-06-27T01:16:00,1687828500,92.78,15.29,0.0,0.0,2003.85,9863.25,0.0,0.0
UNHCR_LAGOS_OFFICE_DG1_and_DG2_1687828560,2023-06-27T01:16:00,2023-06-27T01:17:00,1687828560,92.78,15.29,0.0,0.0,2003.85,9863.25,0.0,0.0
UNHCR_LAGOS_OFFICE_DG1_and_DG2_1687828620,2023-06-27T01:17:00,2023-06-27T01:18:00,1687828620,92.78,15.29,0.0,0.0,2003.85,9863.25,0.0,0.0
UNHCR_LAGOS_OFFICE_DG1_and_DG2_1687828680,2023-06-27T01:18:00,2023-06-27T01:19:00,1687828680,92.78,15.29,0.0,0.0,2003.85,9863.25,0.0,0.0
UNHCR_LAGOS_OFFICE_DG1_and_DG2_1687828740,2023-06-27T01:19:00,2023-06-27T01:20:00,1687828740,92.78,15.29,0.0,0.0,2003.85,9863.25,0.0,0.0
UNHCR_LAGOS_OFFICE_DG1_and_DG2_1687828800,2023-06-27T01:20:00,2023-06-27T01:21:00,1687828800,92.78,15.29,0.0,0.0,2003.85,9863.25,0.0,0.0
UNHCR_LAGOS_OFFICE_DG1_and_DG2_1687828860,2023-06-27T01:21:00,2023-06-27T01:22:00,1687828860,92.78,15.29,0.0,0.0,2003.85,9863.25,0.0,0.0
UNHCR_LAGOS_OFFICE_DG1_and_DG2_1687828920,2023-06-27T01:22:00,2023-06-27T01:23:00,1687828920,92.78,15.29,0.0,0.0,2003.85,9863.25,0.0,0.0
UNHCR_LAGOS_OFFICE_DG1_and_DG2_1687828980,2023-06-27T01:23:00,2023-06-27T01:24:00,1687828980,92.78,15.29,0.0,0.0,2003.85,9863.25,0.0,0.0
UNHCR_LAGOS_OFFICE_DG1_and_DG2_1687829040,2023-06-27T01:24:00,2023-06-27T01:25:00,1687829040,92.78,15.29,0.0,0.0,2003.85,9863.25,0.0,0.0
UNHCR_LAGOS_OFFICE_DG1_and_DG2_1687829100,2023-06-27T01:25:00,2023-06-27T01:26:00,1687829100,92.78,15.29,0.0,0.0,2003.85,9863.25,0.0,0.0
UNHCR_LAGOS_OFFICE_DG1_and_DG2_1687829160,2023-06-27T01:26:00,2023-06-27T01:27:00,1687829160,92.78,15.29,0.0,0.0,2003.85,9863.25,0.0,0.0
UNHCR_LAGOS_OFFICE_DG1_and_DG2_1687829220,2023-06-27T01:27:00,2023-06-27T01:28:00,1687829220,92.78,15.29,0.0,0.0,2003.85,9863.25,0.0,0.0
UNHCR_LAGOS_OFFICE_DG1_and_DG2_1687829280,2023-06-27T01:28:00,2023-06-27T01:29:00,1687829280,92.78,15.29,0.0,0.0,2003.85,9863.25,0.0,0.0
UNHCR_LAGOS_OFFICE_DG1_and_DG2_1687829340,2023-06-27T01:29:00,2023-06-27T01:30:00,1687829340,92.78,15.29,0.0,0.0,2003.85,9863.25,0.0,0.0
UNHCR_LAGOS_OFFICE_DG1_and_DG2_1687829400,2023-06-27T01:30:00,2023-06-27T01:31:00,1687829400,92.78,15.29,0.0,0.0,2003.85,9863.25,0.0,0.0
UNHCR_LAGOS_OFFICE_DG1_and_DG2_1687829460,2023-06-27T01:31:00,2023-06-27T01:32:00,1687829460,92.78,15.29,0.0,0.0,2003.85,9863.25,0.0,0.0
UNHCR_LAGOS_OFFICE_DG1_and_DG2_1687829520,2023-06-27T01:32:00,2023-06-27T01:33:00,1687829520,92.78,15.29,0.0,0.0,2003.85,9863.25,0.0,0.0
UNHCR_LAGOS_OFFICE_DG1_and_DG2_1687829580,2023-06-27T01:33:00,2023-06-27T01:34:00,1687829580,92.78,15.29,0.0,0.0,2003.85,9863.25,0.0,0.0
UNHCR_LAGOS_OFFICE_DG1_and_DG2_1687829640,2023-06-27T01:34:00,2023-06-27T01:35:00,1687829640,92.78,15.29,0.0,0.0,2003.85,9863.25,0.0,0.0
UNHCR_LAGOS_OFFICE_DG1_and_DG2_1687829700,2023-06-27T01:35:00,2023-06-27T01:36:00,1687829700,92.78,15.29,0.0,0.0,2003.85,9863.25,0.0,0.0
UNHCR_LAGOS_OFFICE_DG1_and_DG2_1687829760,2023-06-27T01:36:00,2023-06-27T01:37:00,1687829760,92.78,15.29,0.0,0.0,2003.85,9863.25,0.0,0.0
UNHCR_LAGOS_OFFICE_DG1_and_DG2_1687829820,2023-06-27T01:37:00,2023-06-27T01:38:00,1687829820,92.78,15.29,0.0,0.0,2003.85,9863.25,0.0,0.0
UNHCR_LAGOS_OFFICE_DG1_and_DG2_1687829880,2023-06-27T01:38:00,2023-06-27T01:39:00,1687829880,92.78,15.29,0.0,0.0,2003.85,9863.25,0.0,0.0
UNHCR_LAGOS_OFFICE_DG1_and_DG2_1687829940,2023-06-27T01:39:00,2023-06-27T01:40:00,1687829940,92.78,15.29,0.0,0.0,2003.85,9863.25,0.0,0.0
UNHCR_LAGOS_OFFICE_DG1_and_DG2_1687830000,2023-06-27T01:40:00,2023-06-27T01:41:00,1687830000,92.78,15.29,0.0,0.0,2003.85,9863.25,0.0,0.0
UNHCR_LAGOS_OFFICE_DG1_and_DG2_1687830060,2023-06-27T01:41:00,2023-06-27T01:42:00,1687830060,92.78,15.29,0.0,0.0,2003.85,9863.25,0.0,0.0
UNHCR_LAGOS_OFFICE_DG1_and_DG2_1687830120,2023-06-27T01:42:00,2023-06-27T01:43:00,1687830120,92.78,15.29,0.0,0.0,2003.85,9863.25,0.0,0.0
UNHCR_LAGOS_OFFICE_DG1_and_DG2_1687830180,2023-06-27T01:43:00,2023-06-27T01:44:00,1687830180,92.78,15.29,0.0,0.0,2003.85,9863.25,0.0,0.0
UNHCR_LAGOS_OFFICE_DG1_and_DG2_1687830240,2023-06-27T01:44:00,2023-06-27T01:45:00,1687830240,92.78,15.29,0.0,0.0,2003.85,9863.25,0.0,0.0
UNHCR_LAGOS_OFFICE_DG1_and_DG2_1687830300,2023-06-27T01:45:00,2023-06-27T01:46:00,1687830300,92.78,15.29,0.0,0.0,2003.85,9863.25,0.0,0.0
UNHCR_LAGOS_OFFICE_DG1_and_DG2_1687830360,2023-06-27T01:46:00,2023-06-27T01:47:00,1687830360,92.78,15.29,0.0,0.0,2003.85,9863.25,0.0,0.0
UNHCR_LAGOS_OFFICE_DG1_and_DG2_1687830420,2023-06-27T01:47:00,2023-06-27T01:48:00,1687830420,92.78,15.29,0.0,0.0,2003.85,9863.25,0.0,0.0
UNHCR_LAGOS_OFFICE_DG1_and_DG2_1687830480,2023-06-27T01:48:00,2023-06-27T01:49:00,1687830480,92.78,15.29,0.0,0.0,2003.85,9863.25,0.0,0.0
UNHCR_LAGOS_OFFICE_DG1_and_DG2_1687830540,2023-06-27T01:49:00,2023-06-27T01:50:00,1687830540,92.78,15.29,0.0,0.0,2003.85,9863.25,0.0,0.0
UNHCR_LAGOS_OFFICE_DG1_and_DG2_1687830600,2023-06-27T01:50:00,2023-06-27T01:51:00,1687830600,92.78,15.29,0.0,0.0,2003.85,9863.25,0.0,0.0
UNHCR_LAGOS_OFFICE_DG1_and_DG2_1687830660,2023-06-27T01:51:00,2023-06-27T01:52:00,1687830660,92.78,15.29,0.0,0.0,2003.85,9863.25,0.0,0.0
UNHCR_LAGOS_OFFICE_DG1_and_DG2_1687830720,2023-06-27T01:52:00,2023-06-27T01:53:00,1687830720,92.78,15.29,0.0,0.0,2003.85,9863.25,0.0,0.0
UNHCR_LAGOS_OFFICE_DG1_and_DG2_1687830780,2023-06-27T01:53:00,2023-06-27T01:54:00,1687830780,92.78,15.29,0.0,0.0,2003.85,9863.25,0.0,0.0
UNHCR_LAGOS_OFFICE_DG1_and_DG2_1687830840,2023-06-27T01:54:00,2023-06-27T01:55:00,1687830840,92.78,15.29,0.0,0.0,2003.85,9863.25,0.0,0.0
UNHCR_LAGOS_OFFICE_DG1_and_DG2_1687830900,2023-06-27T01:55:00,2023-06-27T01:56:00,1687830900,92.78,15.29,0.0,0.0,2003.85,9863.25,0.0,0.0
UNHCR_LAGOS_OFFICE_DG1_and_DG2_1687830960,2023-06-27T01:56:00,2023-06-27T01:57:00,1687830960,92.78,15.29,0.0,0.0,2003.85,9863.25,0.0,0.0
UNHCR_LAGOS_OFFICE_DG1_and_DG2_1687831020,2023-06-27T01:57:00,2023-06-27T01:58:00,1687831020,92.78,15.29,0.0,0.0,2003.85,9863.25,0.0,0.0
UNHCR_LAGOS_OFFICE_DG1_and_DG2_1687831080,2023-06-27T01:58:00,2023-06-27T01:59:00,1687831080,92.78,15.29,0.0,0.0,2003.85,9863.25,0.0,0.0
UNHCR_LAGOS_OFFICE_DG1_and_DG2_1687831140,2023-06-27T01:59:00,2023-06-27T02:00:00,1687831140,92.78,15.29,0.0,0.0,2003.85,9863.25,0.0,0.0
UNHCR_LAGOS_OFFICE_DG1_and_DG2_1687831200,2023-06-27T02:00:00,2023-06-27T02:01:00,1687831200,92.78,15.29,0.0,0.0,2003.85,9863.25,0.0,0.0
UNHCR_LAGOS_OFFICE_DG1_and_DG2_1687831260,2023-06-27T02:01:00,2023-06-27T02:02:00,1687831260,92.78,15.29,0.0,0.0,2003.85,9863.25,0.0,0.0
UNHCR_LAGOS_OFFICE_DG1_and_DG2_1687831320,2023-06-27T02:02:00,2023-06-27T02:03:00,1687831320,92.78,15.29,0.0,0.0,2003.85,9863.25,0.0,0.0
UNHCR_LAGOS_OFFICE_DG1_and_DG2_1687831380,2023-06-27T02:03:00,2023-06-27T02:04:00,1687831380,92.78,15.29,0.0,0.0,2003.85,9863.25,0.0,0.0
UNHCR_LAGOS_OFFICE_DG1_and_DG2_1687831440,2023-06-27T02:04:00,2023-06-27T02:05:00,1687831440,92.78,15.29,0.0,0.0,2003.85,9863.25,0.0,0.0
UNHCR_LAGOS_OFFICE_DG1_and_DG2_1687831500,2023-06-27T02:05:00,2023-06-27T02:06:00,1687831500,92.78,15.29,0.0,0.0,2003.85,9863.25,0.0,0.0
UNHCR_LAGOS_OFFICE_DG1_and_DG2_1687831560,2023-06-27T02:06:00,2023-06-27T02:07:00,1687831560,92.78,15.29,0.0,0.0,2003.85,9863.25,0.0,0.0
UNHCR_LAGOS_OFFICE_DG1_and_DG2_1687831620,2023-06-27T02:07:00,2023-06-27T02:08:00,1687831620,92.78,15.29,0.0,0.0,2003.85,9863.25,0.0,0.0
UNHCR_LAGOS_OFFICE_DG1_and_DG2_1687831680,2023-06-27T02:08:00,2023-06-27T02:09:00,1687831680,92.78,15.29,0.0,0.0,2003.85,9863.25,0.0,0.0
UNHCR_LAGOS_OFFICE_DG1_and_DG2_1687831740,2023-06-27T02:09:00,2023-06-27T02:10:00,1687831740,92.78,15.29,0.0,0.0,2003.85,9863.25,0.0,0.0
UNHCR_LAGOS_OFFICE_DG1_and_DG2_1687831800,2023-06-27T02:10:00,2023-06-27T02:11:00,1687831800,92.78,15.29,0.0,0.0,2003.85,9863.25,0.0,0.0
UNHCR_LAGOS_OFFICE_DG1_and_DG2_1687831860,2023-06-27T02:11:00,2023-06-27T02:12:00,1687831860,92.78,15.29,0.0,0.0,2003.85,9863.25,0.0,0.0
UNHCR_LAGOS_OFFICE_DG1_and_DG2_1687831920,2023-06-27T02:12:00,2023-06-27T02:13:00,1687831920,92.78,15.29,0.0,0.0,2003.85,9863.25,0.0,0.0
UNHCR_LAGOS_OFFICE_DG1_and_DG2_1687831980,2023-06-27T02:13:00,2023-06-27T02:14:00,1687831980,92.78,15.29,0.0,0.0,2003.85,9863.25,0.0,0.0
UNHCR_LAGOS_OFFICE_DG1_and_DG2_1687832040,2023-06-27T02:14:00,2023-06-27T02:15:00,1687832040,92.78,15.29,0.0,0.0,2003.85,9863.25,0.0,0.0
UNHCR_LAGOS_OFFICE_DG1_and_DG2_1687832100,2023-06-27T02:15:00,2023-06-27T02:16:00,1687832100,92.78,15.29,0.0,0.0,2003.85,9863.25,0.0,0.0
UNHCR_LAGOS_OFFICE_DG1_and_DG2_1687832160,2023-06-27T02:16:00,2023-06-27T02:17:00,1687832160,92.78,15.29,0.0,0.0,2003.85,9863.25,0.0,0.0
UNHCR_LAGOS_OFFICE_DG1_and_DG2_1687832220,2023-06-27T02:17:00,2023-06-27T02:18:00,1687832220,92.78,15.29,0.0,0.0,2003.85,9863.25,0.0,0.0
UNHCR_LAGOS_OFFICE_DG1_and_DG2_1687832280,2023-06-27T02:18:00,2023-06-27T02:19:00,1687832280,92.78,15.29,0.0,0.0,2003.85,9863.25,0.0,0.0
UNHCR_LAGOS_OFFICE_DG1_and_DG2_1687832340,2023-06-27T02:19:00,2023-06-27T02:20:00,1687832340,92.78,15.29,0.0,0.0,2003.85,9863.25,0.0,0.0
UNHCR_LAGOS_OFFICE_DG1_and_DG2_1687832400,2023-06-27T02:20:00,2023-06-27T02:21:00,1687832400,92.78,15.29,0.0,0.0,2003.85,9863.25,0.0,0.0
UNHCR_LAGOS_OFFICE_DG1_and_DG2_1687832460,2023-06-27T02:21:00,2023-06-27T02:22:00,1687832460,92.78,15.29,0.0,0.0,2003.85,9863.25,0.0,0.0
UNHCR_LAGOS_OFFICE_DG1_and_DG2_1687832520,2023-06-27T02:22:00,2023-06-27T02:23:00,1687832520,92.78,15.29,0.0,0.0,2003.85,9863.25,0.0,0.0
UNHCR_LAGOS_OFFICE_DG1_and_DG2_1687832580,2023-06-27T02:23:00,2023-06-27T02:24:00,1687832580,92.78,15.29,0.0,0.0,2003.85,9863.25,0.0,0.0
UNHCR_LAGOS_OFFICE_DG1_and_DG2_1687832640,2023-06-27T02:24:00,2023-06-27T02:25:00,1687832640,92.78,15.29,0.0,0.0,2003.85,9863.25,0.0,0.0
UNHCR_LAGOS_OFFICE_DG1_and_DG2_1687832700,2023-06-27T02:25:00,2023-06-27T02:26:00,1687832700,92.78,15.29,0.0,0.0,2003.85,9863.25,0.0,0.0
UNHCR_LAGOS_OFFICE_DG1_and_DG2_1687832760,2023-06-27T02:26:00,2023-06-27T02:27:00,1687832760,92.78,15.29,0.0,0.0,2003.85,9863.25,0.0,0.0
UNHCR_LAGOS_OFFICE_DG1_and_DG2_1687832820,2023-06-27T02:27:00,2023-06-27T02:28:00,1687832820,92.78,15.29,0.0,0.0,2003.85,9863.25,0.0,0.0
UNHCR_LAGOS_OFFICE_DG1_and_DG2_1687832880,2023-06-27T02:28:00,2023-06-27T02:29:00,1687832880,92.78,15.29,0.0,0.0,2003.85,9863.25,0.0,0.0
UNHCR_LAGOS_OFFICE_DG1_and_DG2_1687832940,2023-06-27T02:29:00,2023-06-27T02:30:00,1687832940,92.78,15.29,0.0,0.0,2003.85,9863.25,0.0,0.0
UNHCR_LAGOS_OFFICE_DG1_and_DG2_1687833000,2023-06-27T02:30:00,2023-06-27T02:31:00,1687833000,92.78,15.29,0.0,0.0,2003.85,9863.25,0.0,0.0
UNHCR_LAGOS_OFFICE_DG1_and_DG2_1687833060,2023-06-27T02:31:00,2023-06-27T02:32:00,1687833060,92.78,15.29,0.0,0.0,2003.85,9863.25,0.0,0.0
UNHCR_LAGOS_OFFICE_DG1_and_DG2_1687833120,2023-06-27T02:32:00,2023-06-27T02:33:00,1687833120,92.78,15.29,0.0,0.0,2003.85,9863.25,0.0,0.0
UNHCR_LAGOS_OFFICE_DG1_and_DG2_1687833180,2023-06-27T02:33:00,2023-06-27T02:34:00,1687833180,92.78,15.29,0.0,0.0,2003.85,9863.25,0.0,0.0
UNHCR_LAGOS_OFFICE_DG1_and_DG2_1687833240,2023-06-27T02:34:00,2023-06-27T02:35:00,1687833240,92.78,15.29,0.0,0.0,2003.85,9863.25,0.0,0.0
UNHCR_LAGOS_OFFICE_DG1_and_DG2_1687833300,2023-06-27T02:35:00,2023-06-27T02:36:00,1687833300,92.78,15.29,0.0,0.0,2003.85,9863.25,0.0,0.0
UNHCR_LAGOS_OFFICE_DG1_and_DG2_1687833360,2023-06-27T02:36:00,2023-06-27T02:37:00,1687833360,92.78,15.29,0.0,0.0,2003.85,9863.25,0.0,0.0
UNHCR_LAGOS_OFFICE_DG1_and_DG2_1687833420,2023-06-27T02:37:00,2023-06-27T02:38:00,1687833420,92.78,15.29,0.0,0.0,2003.85,9863.25,0.0,0.0
UNHCR_LAGOS_OFFICE_DG1_and_DG2_1687833480,2023-06-27T02:38:00,2023-06-27T02:39:00,1687833480,92.78,15.29,0.0,0.0,2003.85,9863.25,0.0,0.0
UNHCR_LAGOS_OFFICE_DG1_and_DG2_1687833540,2023-06-27T02:39:00,2023-06-27T02:40:00,1687833540,92.78,15.29,0.0,0.0,2003.85,9863.25,0.0,0.0
UNHCR_LAGOS_OFFICE_DG1_and_DG2_1687833600,2023-06-27T02:40:00,2023-06-27T02:41:00,1687833600,92.78,15.29,0.0,0.0,2003.85,9863.25,0.0,0.0
UNHCR_LAGOS_OFFICE_DG1_and_DG2_1687833660,2023-06-27T02:41:00,2023-06-27T02:42:00,1687833660,92.78,15.29,0.0,0.0,2003.85,9863.25,0.0,0.0
UNHCR_LAGOS_OFFICE_DG1_and_DG2_1687833720,2023-06-27T02:42:00,2023-06-27T02:43:00,1687833720,92.78,15.29,0.0,0.0,2003.85,9863.25,0.0,0.0
UNHCR_LAGOS_OFFICE_DG1_and_DG2_1687833780,2023-06-27T02:43:00,2023-06-27T02:44:00,1687833780,92.78,15.29,0.0,0.0,2003.85,9863.25,0.0,0.0
UNHCR_LAGOS_OFFICE_DG1_and_DG2_1687833840,2023-06-27T02:44:00,2023-06-27T02:45:00,1687833840,92.78,15.29,0.0,0.0,2003.85,9863.25,0.0,0.0
UNHCR_LAGOS_OFFICE_DG1_and_DG2_1687833900,2023-06-27T02:45:00,2023-06-27T02:46:00,1687833900,92.78,15.29,0.0,0.0,2003.85,9863.25,0.0,0.0
UNHCR_LAGOS_OFFICE_DG1_and_DG2_1687833960,2023-06-27T02:46:00,2023-06-27T02:47:00,1687833960,92.78,15.29,0.0,0.0,2003.85,9863.25,0.0,0.0
UNHCR_LAGOS_OFFICE_DG1_and_DG2_1687834020,2023-06-27T02:47:00,2023-06-27T02:48:00,1687834020,92.78,15.29,0.0,0.0,2003.85,9863.25,0.0,0.0
UNHCR_LAGOS_OFFICE_DG1_and_DG2_1687834080,2023-06-27T02:48:00,2023-06-27T02:49:00,1687834080,92.78,15.29,0.0,0.0,2003.85,9863.25,0.0,0.0
UNHCR_LAGOS_OFFICE_DG1_and_DG2_1687834140,2023-06-27T02:49:00,2023-06-27T02:50:00,1687834140,92.78,15.29,0.0,0.0,2003.85,9863.25,0.0,0.0
UNHCR_LAGOS_OFFICE_DG1_and_DG2_1687834200,2023-06-27T02:50:00,2023-06-27T02:51:00,1687834200,92.78,15.29,0.0,0.0,2003.85,9863.25,0.0,0.0
UNHCR_LAGOS_OFFICE_DG1_and_DG2_1687834260,2023-06-27T02:51:00,2023-06-27T02:52:00,1687834260,92.78,15.29,0.0,0.0,2003.85,9863.25,0.0,0.0
UNHCR_LAGOS_OFFICE_DG1_and_DG2_1687834320,2023-06-27T02:52:00,2023-06-27T02:53:00,1687834320,92.78,15.29,0.0,0.0,2003.85,9863.25,0.0,0.0
UNHCR_LAGOS_OFFICE_DG1_and_DG2_1687834380,2023-06-27T02:53:00,2023-06-27T02:54:00,1687834380,92.78,15.29,0.0,0.0,2003.85,9863.25,0.0,0.0
UNHCR_LAGOS_OFFICE_DG1_and_DG2_1687834440,2023-06-27T02:54:00,2023-06-27T02:55:00,1687834440,92.78,15.29,0.0,0.0,2003.85,9863.25,0.0,0.0
UNHCR_LAGOS_OFFICE_DG1_and_DG2_1687834500,2023-06-27T02:55:00,2023-06-27T02:56:00,1687834500,92.78,15.29,0.0,0.0,2003.85,9863.25,0.0,0.0
UNHCR_LAGOS_OFFICE_DG1_and_DG2_1687834560,2023-06-27T02:56:00,2023-06-27T02:57:00,1687834560,92.78,15.29,0.0,0.0,2003.85,9863.25,0.0,0.0
UNHCR_LAGOS_OFFICE_DG1_and_DG2_1687834620,2023-06-27T02:57:00,2023-06-27T02:58:00,1687834620,92.78,15.29,0.0,0.0,2003.85,9863.25,0.0,0.0
UNHCR_LAGOS_OFFICE_DG1_and_DG2_1687834680,2023-06-27T02:58:00,2023-06-27T02:59:00,1687834680,92.78,15.29,0.0,0.0,2003.85,9863.25,0.0,0.0
UNHCR_LAGOS_OFFICE_DG1_and_DG2_1687834740,2023-06-27T02:59:00,2023-06-27T03:00:00,1687834740,92.78,15.29,0.0,0.0,2003.85,9863.25,0.0,0.0
UNHCR_LAGOS_OFFICE_DG1_and_DG2_1687834800,2023-06-27T03:00:00,2023-06-27T03:01:00,1687834800,92.78,15.29,0.0,0.0,2003.85,9863.25,0.0,0.0
UNHCR_LAGOS_OFFICE_DG1_and_DG2_1687834860,2023-06-27T03:01:00,2023-06-27T03:02:00,1687834860,92.78,15.29,0.0,0.0,2003.85,9863.25,0.0,0.0
UNHCR_LAGOS_OFFICE_DG1_and_DG2_1687834920,2023-06-27T03:02:00,2023-06-27T03:03:00,1687834920,92.78,15.29,0.0,0.0,2003.85,9863.25,0.0,0.0
UNHCR_LAGOS_OFFICE_DG1_and_DG2_1687834980,2023-06-27T03:03:00,2023-06-27T03:04:00,1687834980,92.78,15.29,0.0,0.0,2003.85,9863.25,0.0,0.0
UNHCR_LAGOS_OFFICE_DG1_and_DG2_1687835040,2023-06-27T03:04:00,2023-06-27T03:05:00,1687835040,92.78,15.29,0.0,0.0,2003.85,9863.25,0.0,0.0
UNHCR_LAGOS_OFFICE_DG1_and_DG2_1687835100,2023-06-27T03:05:00,2023-06-27T03:06:00,1687835100,92.78,15.29,0.0,0.0,2003.85,9863.25,0.0,0.0
UNHCR_LAGOS_OFFICE_DG1_and_DG2_1687835160,2023-06-27T03:06:00,2023-06-27T03:07:00,1687835160,92.78,15.29,0.0,0.0,2003.85,9863.25,0.0,0.0
UNHCR_LAGOS_OFFICE_DG1_and_DG2_1687835220,2023-06-27T03:07:00,2023-06-27T03:08:00,1687835220,92.78,15.29,0.0,0.0,2003.85,9863.25,0.0,0.0
UNHCR_LAGOS_OFFICE_DG1_and_DG2_1687835280,2023-06-27T03:08:00,2023-06-27T03:09:00,1687835280,92.78,15.29,0.0,0.0,2003.85,9863.25,0.0,0.0
UNHCR_LAGOS_OFFICE_DG1_and_DG2_1687835340,2023-06-27T03:09:00,2023-06-27T03:10:00,1687835340,92.78,15.29,0.0,0.0,2003.85,9863.25,0.0,0.0
UNHCR_LAGOS_OFFICE_DG1_and_DG2_1687835400,2023-06-27T03:10:00,2023-06-27T03:11:00,1687835400,92.78,15.29,0.0,0.0,2003.85,9863.25,0.0,0.0
UNHCR_LAGOS_OFFICE_DG1_and_DG2_1687835460,2023-06-27T03:11:00,2023-06-27T03:12:00,1687835460,92.78,15.29,0.0,0.0,2003.85,9863.25,0.0,0.0
UNHCR_LAGOS_OFFICE_DG1_and_DG2_1687835520,2023-06-27T03:12:00,2023-06-27T03:13:00,1687835520,92.78,15.29,0.0,0.0,2003.85,9863.25,0.0,0.0
UNHCR_LAGOS_OFFICE_DG1_and_DG2_1687835580,2023-06-27T03:13:00,2023-06-27T03:14:00,1687835580,92.78,15.29,0.0,0.0,2003.85,9863.25,0.0,0.0
UNHCR_LAGOS_OFFICE_DG1_and_DG2_1687835640,2023-06-27T03:14:00,2023-06-27T03:15:00,1687835640,92.78,15.29,0.0,0.0,2003.85,9863.25,0.0,0.0
UNHCR_LAGOS_OFFICE_DG1_and_DG2_1687835700,2023-06-27T03:15:00,2023-06-27T03:16:00,1687835700,92.78,15.29,0.0,0.0,2003.85,9863.25,0.0,0.0
UNHCR_LAGOS_OFFICE_DG1_and_DG2_1687835760,2023-06-27T03:16:00,2023-06-27T03:17:00,1687835760,92.78,15.29,0.0,0.0,2003.85,9863.25,0.0,0.0
UNHCR_LAGOS_OFFICE_DG1_and_DG2_1687835820,2023-06-27T03:17:00,2023-06-27T03:18:00,1687835820,92.78,15.29,0.0,0.0,2003.85,9863.25,0.0,0.0
UNHCR_LAGOS_OFFICE_DG1_and_DG2_1687835880,2023-06-27T03:18:00,2023-06-27T03:19:00,1687835880,92.78,15.29,0.0,0.0,2003.85,9863.25,0.0,0.0
UNHCR_LAGOS_OFFICE_DG1_and_DG2_1687835940,2023-06-27T03:19:00,2023-06-27T03:20:00,1687835940,92.78,15.29,0.0,0.0,2003.85,9863.25,0.0,0.0
UNHCR_LAGOS_OFFICE_DG1_and_DG2_1687836000,2023-06-27T03:20:00,2023-06-27T03:21:00,1687836000,92.78,15.29,0.0,0.0,2003.85,9863.25,0.0,0.0
UNHCR_LAGOS_OFFICE_DG1_and_DG2_1687836060,2023-06-27T03:21:00,2023-06-27T03:22:00,1687836060,92.78,15.29,0.0,0.0,2003.85,9863.25,0.0,0.0
UNHCR_LAGOS_OFFICE_DG1_and_DG2_1687836120,2023-06-27T03:22:00,2023-06-27T03:23:00,1687836120,92.78,15.29,0.0,0.0,2003.85,9863.25,0.0,0.0
UNHCR_LAGOS_OFFICE_DG1_and_DG2_1687836180,2023-06-27T03:23:00,2023-06-27T03:24:00,1687836180,92.78,15.29,0.0,0.0,2003.85,9863.25,0.0,0.0
UNHCR_LAGOS_OFFICE_DG1_and_DG2_1687836240,2023-06-27T03:24:00,2023-06-27T03:25:00,1687836240,92.78,15.29,0.0,0.0,2003.85,9863.25,0.0,0.0
UNHCR_LAGOS_OFFICE_DG1_and_DG2_1687836300,2023-06-27T03:25:00,2023-06-27T03:26:00,1687836300,92.78,15.29,0.0,0.0,2003.85,9863.25,0.0,0.0
UNHCR_LAGOS_OFFICE_DG1_and_DG2_1687836360,2023-06-27T03:26:00,2023-06-27T03:27:00,1687836360,92.78,15.29,0.0,0.0,2003.85,9863.25,0.0,0.0
UNHCR_LAGOS_OFFICE_DG1_and_DG2_1687836420,2023-06-27T03:27:00,2023-06-27T03:28:00,1687836420,92.78,15.29,0.0,0.0,2003.85,9863.25,0.0,0.0
UNHCR_LAGOS_OFFICE_DG1_and_DG2_1687836480,2023-06-27T03:28:00,2023-06-27T03:29:00,1687836480,92.78,15.29,0.0,0.0,2003.85,9863.25,0.0,0.0
UNHCR_LAGOS_OFFICE_DG1_and_DG2_1687836540,2023-06-27T03:29:00,2023-06-27T03:30:00,1687836540,92.78,15.29,0.0,0.0,2003.85,9863.25,0.0,0.0
UNHCR_LAGOS_OFFICE_DG1_and_DG2_1687836600,2023-06-27T03:30:00,2023-06-27T03:31:00,1687836600,92.78,15.29,0.0,0.0,2003.85,9863.25,0.0,0.0
UNHCR_LAGOS_OFFICE_DG1_and_DG2_1687836660,2023-06-27T03:31:00,2023-06-27T03:32:00,1687836660,92.78,15.29,0.0,0.0,2003.85,9863.25,0.0,0.0
UNHCR_LAGOS_OFFICE_DG1_and_DG2_1687836720,2023-06-27T03:32:00,2023-06-27T03:33:00,1687836720,92.78,15.29,0.0,0.0,2003.85,9863.25,0.0,0.0
UNHCR_LAGOS_OFFICE_DG1_and_DG2_1687836780,2023-06-27T03:33:00,2023-06-27T03:34:00,1687836780,92.78,15.29,0.0,0.0,2003.85,9863.25,0.0,0.0
UNHCR_LAGOS_OFFICE_DG1_and_DG2_1687836840,2023-06-27T03:34:00,2023-06-27T03:35:00,1687836840,92.78,15.29,0.0,0.0,2003.85,9863.25,0.0,0.0
UNHCR_LAGOS_OFFICE_DG1_and_DG2_1687836900,2023-06-27T03:35:00,2023-06-27T03:36:00,1687836900,92.78,15.29,0.0,0.0,2003.85,9863.25,0.0,0.0
UNHCR_LAGOS_OFFICE_DG1_and_DG2_1687836960,2023-06-27T03:36:00,2023-06-27T03:37:00,1687836960,92.78,15.29,0.0,0.0,2003.85,9863.25,0.0,0.0
UNHCR_LAGOS_OFFICE_DG1_and_DG2_1687837020,2023-06-27T03:37:00,2023-06-27T03:38:00,1687837020,92.78,15.29,0.0,0.0,2003.85,9863.25,0.0,0.0
UNHCR_LAGOS_OFFICE_DG1_and_DG2_1687837080,2023-06-27T03:38:00,2023-06-27T03:39:00,1687837080,92.78,15.29,0.0,0.0,2003.85,9863.25,0.0,0.0
UNHCR_LAGOS_OFFICE_DG1_and_DG2_1687837140,2023-06-27T03:39:00,2023-06-27T03:40:00,1687837140,92.78,15.29,0.0,0.0,2003.85,9863.25,0.0,0.0
UNHCR_LAGOS_OFFICE_DG1_and_DG2_1687837200,2023-06-27T03:40:00,2023-06-27T03:41:00,1687837200,92.78,15.29,0.0,0.0,2003.85,9863.25,0.0,0.0
UNHCR_LAGOS_OFFICE_DG1_and_DG2_1687837260,2023-06-27T03:41:00,2023-06-27T03:42:00,1687837260,92.78,15.29,0.0,0.0,2003.85,9863.25,0.0,0.0
UNHCR_LAGOS_OFFICE_DG1_and_DG2_1687837320,2023-06-27T03:42:00,2023-06-27T03:43:00,1687837320,92.78,15.29,0.0,0.0,2003.85,9863.25,0.0,0.0
UNHCR_LAGOS_OFFICE_DG1_and_DG2_1687837380,2023-06-27T03:43:00,2023-06-27T03:44:00,1687837380,92.78,15.29,0.0,0.0,2003.85,9863.25,0.0,0.0
UNHCR_LAGOS_OFFICE_DG1_and_DG2_1687837440,2023-06-27T03:44:00,2023-06-27T03:45:00,1687837440,92.78,15.29,0.0,0.0,2003.85,9863.25,0.0,0.0
UNHCR_LAGOS_OFFICE_DG1_and_DG2_1687837500,2023-06-27T03:45:00,2023-06-27T03:46:00,1687837500,92.78,15.29,0.0,0.0,2003.85,9863.25,0.0,0.0
UNHCR_LAGOS_OFFICE_DG1_and_DG2_1687837560,2023-06-27T03:46:00,2023-06-27T03:47:00,1687837560,92.78,15.29,0.0,0.0,2003.85,9863.25,0.0,0.0
UNHCR_LAGOS_OFFICE_DG1_and_DG2_1687837620,2023-06-27T03:47:00,2023-06-27T03:48:00,1687837620,92.78,15.29,0.0,0.0,2003.85,9863.25,0.0,0.0
UNHCR_LAGOS_OFFICE_DG1_and_DG2_1687837680,2023-06-27T03:48:00,2023-06-27T03:49:00,1687837680,92.78,15.29,0.0,0.0,2003.85,9863.25,0.0,0.0
UNHCR_LAGOS_OFFICE_DG1_and_DG2_1687837740,2023-06-27T03:49:00,2023-06-27T03:50:00,1687837740,92.78,15.29,0.0,0.0,2003.85,9863.25,0.0,0.0
UNHCR_LAGOS_OFFICE_DG1_and_DG2_1687837800,2023-06-27T03:50:00,2023-06-27T03:51:00,1687837800,92.78,15.29,0.0,0.0,2003.85,9863.25,0.0,0.0
UNHCR_LAGOS_OFFICE_DG1_and_DG2_1687837860,2023-06-27T03:51:00,2023-06-27T03:52:00,1687837860,92.78,15.29,0.0,0.0,2003.85,9863.25,0.0,0.0
UNHCR_LAGOS_OFFICE_DG1_and_DG2_1687837920,2023-06-27T03:52:00,2023-06-27T03:53:00,1687837920,92.78,15.29,0.0,0.0,2003.85,9863.25,0.0,0.0
UNHCR_LAGOS_OFFICE_DG1_and_DG2_1687837980,2023-06-27T03:53:00,2023-06-27T03:54:00,1687837980,92.78,15.29,0.0,0.0,2003.85,9863.25,0.0,0.0
UNHCR_LAGOS_OFFICE_DG1_and_DG2_1687838040,2023-06-27T03:54:00,2023-06-27T03:55:00,1687838040,92.78,15.29,0.0,0.0,2003.85,9863.25,0.0,0.0
UNHCR_LAGOS_OFFICE_DG1_and_DG2_1687838100,2023-06-27T03:55:00,2023-06-27T03:56:00,1687838100,92.78,15.29,0.0,0.0,2003.85,9863.25,0.0,0.0
UNHCR_LAGOS_OFFICE_DG1_and_DG2_1687838160,2023-06-27T03:56:00,2023-06-27T03:57:00,1687838160,92.78,15.29,0.0,0.0,2003.85,9863.25,0.0,0.0
UNHCR_LAGOS_OFFICE_DG1_and_DG2_1687838220,2023-06-27T03:57:00,2023-06-27T03:58:00,1687838220,92.78,15.29,0.0,0.0,2003.85,9863.25,0.0,0.0
UNHCR_LAGOS_OFFICE_DG1_and_DG2_1687838280,2023-06-27T03:58:00,2023-06-27T03:59:00,1687838280,92.78,15.29,0.0,0.0,2003.85,9863.25,0.0,0.0
UNHCR_LAGOS_OFFICE_DG1_and_DG2_1687838340,2023-06-27T03:59:00,2023-06-27T04:00:00,1687838340,92.78,15.29,0.0,0.0,2003.85,9863.25,0.0,0.0
UNHCR_LAGOS_OFFICE_DG1_and_DG2_1687838400,2023-06-27T04:00:00,2023-06-27T04:01:00,1687838400,92.78,15.29,0.0,0.0,2003.85,9863.25,0.0,0.0
UNHCR_LAGOS_OFFICE_DG1_and_DG2_1687838460,2023-06-27T04:01:00,2023-06-27T04:02:00,1687838460,92.78,15.29,0.0,0.0,2003.85,9863.25,0.0,0.0
UNHCR_LAGOS_OFFICE_DG1_and_DG2_1687838520,2023-06-27T04:02:00,2023-06-27T04:03:00,1687838520,92.78,15.29,0.0,0.0,2003.85,9863.25,0.0,0.0
UNHCR_LAGOS_OFFICE_DG1_and_DG2_1687838580,2023-06-27T04:03:00,2023-06-27T04:04:00,1687838580,92.78,15.29,0.0,0.0,2003.85,9863.25,0.0,0.0
UNHCR_LAGOS_OFFICE_DG1_and_DG2_1687838640,2023-06-27T04:04:00,2023-06-27T04:05:00,1687838640,92.78,15.29,0.0,0.0,2003.85,9863.25,0.0,0.0
UNHCR_LAGOS_OFFICE_DG1_and_DG2_1687838700,2023-06-27T04:05:00,2023-06-27T04:06:00,1687838700,92.78,15.29,0.0,0.0,2003.85,9863.25,0.0,0.0
UNHCR_LAGOS_OFFICE_DG1_and_DG2_1687838760,2023-06-27T04:06:00,2023-06-27T04:07:00,1687838760,92.78,15.29,0.0,0.0,2003.85,9863.25,0.0,0.0
UNHCR_LAGOS_OFFICE_DG1_and_DG2_1687838820,2023-06-27T04:07:00,2023-06-27T04:08:00,1687838820,92.78,15.29,0.0,0.0,2003.85,9863.25,0.0,0.0
UNHCR_LAGOS_OFFICE_DG1_and_DG2_1687838880,2023-06-27T04:08:00,2023-06-27T04:09:00,1687838880,92.78,15.29,0.0,0.0,2003.85,9863.25,0.0,0.0
UNHCR_LAGOS_OFFICE_DG1_and_DG2_1687838940,2023-06-27T04:09:00,2023-06-27T04:10:00,1687838940,92.78,15.29,0.0,0.0,2003.85,9863.25,0.0,0.0
UNHCR_LAGOS_OFFICE_DG1_and_DG2_1687839000,2023-06-27T04:10:00,2023-06-27T04:11:00,1687839000,92.78,15.29,0.0,0.0,2003.85,9863.25,0.0,0.0
UNHCR_LAGOS_OFFICE_DG1_and_DG2_1687839060,2023-06-27T04:11:00,2023-06-27T04:12:00,1687839060,92.78,15.29,0.0,0.0,2003.85,9863.25,0.0,0.0
UNHCR_LAGOS_OFFICE_DG1_and_DG2_1687839120,2023-06-27T04:12:00,2023-06-27T04:13:00,1687839120,92.78,15.29,0.0,0.0,2003.85,9863.25,0.0,0.0
UNHCR_LAGOS_OFFICE_DG1_and_DG2_1687839180,2023-06-27T04:13:00,2023-06-27T04:14:00,1687839180,92.78,15.29,0.0,0.0,2003.85,9863.25,0.0,0.0
UNHCR_LAGOS_OFFICE_DG1_and_DG2_1687839240,2023-06-27T04:14:00,2023-06-27T04:15:00,1687839240,92.78,15.29,0.0,0.0,2003.85,9863.25,0.0,0.0
UNHCR_LAGOS_OFFICE_DG1_and_DG2_1687839300,2023-06-27T04:15:00,2023-06-27T04:16:00,1687839300,92.78,15.29,0.0,0.0,2003.85,9863.25,0.0,0.0
UNHCR_LAGOS_OFFICE_DG1_and_DG2_1687839360,2023-06-27T04:16:00,2023-06-27T04:17:00,1687839360,92.78,15.29,0.0,0.0,2003.85,9863.25,0.0,0.0
UNHCR_LAGOS_OFFICE_DG1_and_DG2_1687839420,2023-06-27T04:17:00,2023-06-27T04:18:00,1687839420,92.78,15.29,0.0,0.0,2003.85,9863.25,0.0,0.0
UNHCR_LAGOS_OFFICE_DG1_and_DG2_1687839480,2023-06-27T04:18:00,2023-06-27T04:19:00,1687839480,92.78,15.29,0.0,0.0,2003.85,9863.25,0.0,0.0
UNHCR_LAGOS_OFFICE_DG1_and_DG2_1687839540,2023-06-27T04:19:00,2023-06-27T04:20:00,1687839540,92.78,15.29,0.0,0.0,2003.85,9863.25,0.0,0.0
UNHCR_LAGOS_OFFICE_DG1_and_DG2_1687839600,2023-06-27T04:20:00,2023-06-27T04:21:00,1687839600,92.78,15.29,0.0,0.0,2003.85,9863.25,0.0,0.0
UNHCR_LAGOS_OFFICE_DG1_and_DG2_1687839660,2023-06-27T04:21:00,2023-06-27T04:22:00,1687839660,92.78,15.29,0.0,0.0,2003.85,9863.25,0.0,0.0
UNHCR_LAGOS_OFFICE_DG1_and_DG2_1687839720,2023-06-27T04:22:00,2023-06-27T04:23:00,1687839720,92.78,15.29,0.0,0.0,2003.85,9863.25,0.0,0.0
UNHCR_LAGOS_OFFICE_DG1_and_DG2_1687839780,2023-06-27T04:23:00,2023-06-27T04:24:00,1687839780,92.78,15.29,0.0,0.0,2003.85,9863.25,0.0,0.0
UNHCR_LAGOS_OFFICE_DG1_and_DG2_1687839840,2023-06-27T04:24:00,2023-06-27T04:25:00,1687839840,92.78,15.29,0.0,0.0,2003.85,9863.25,0.0,0.0
UNHCR_LAGOS_OFFICE_DG1_and_DG2_1687839900,2023-06-27T04:25:00,2023-06-27T04:26:00,1687839900,92.78,15.29,0.0,0.0,2003.85,9863.25,0.0,0.0
UNHCR_LAGOS_OFFICE_DG1_and_DG2_1687839960,2023-06-27T04:26:00,2023-06-27T04:27:00,1687839960,92.78,15.29,0.0,0.0,2003.85,9863.25,0.0,0.0
UNHCR_LAGOS_OFFICE_DG1_and_DG2_1687840020,2023-06-27T04:27:00,2023-06-27T04:28:00,1687840020,92.78,15.29,0.0,0.0,2003.85,9863.25,0.0,0.0
UNHCR_LAGOS_OFFICE_DG1_and_DG2_1687840080,2023-06-27T04:28:00,2023-06-27T04:29:00,1687840080,92.78,15.29,0.0,0.0,2003.85,9863.25,0.0,0.0
UNHCR_LAGOS_OFFICE_DG1_and_DG2_1687840140,2023-06-27T04:29:00,2023-06-27T04:30:00,1687840140,92.78,15.29,0.0,0.0,2003.85,9863.25,0.0,0.0
UNHCR_LAGOS_OFFICE_DG1_and_DG2_1687840200,2023-06-27T04:30:00,2023-06-27T04:31:00,1687840200,92.78,15.29,0.0,0.0,2003.85,9863.25,0.0,0.0
UNHCR_LAGOS_OFFICE_DG1_and_DG2_1687840260,2023-06-27T04:31:00,2023-06-27T04:32:00,1687840260,92.78,15.29,0.0,0.0,2003.85,9863.25,0.0,0.0
UNHCR_LAGOS_OFFICE_DG1_and_DG2_1687840320,2023-06-27T04:32:00,2023-06-27T04:33:00,1687840320,92.78,15.29,0.0,0.0,2003.85,9863.25,0.0,0.0
UNHCR_LAGOS_OFFICE_DG1_and_DG2_1687840380,2023-06-27T04:33:00,2023-06-27T04:34:00,1687840380,92.78,15.29,0.0,0.0,2003.85,9863.25,0.0,0.0
UNHCR_LAGOS_OFFICE_DG1_and_DG2_1687840440,2023-06-27T04:34:00,2023-06-27T04:35:00,1687840440,92.78,15.29,0.0,0.0,2003.85,9863.25,0.0,0.0
UNHCR_LAGOS_OFFICE_DG1_and_DG2_1687840500,2023-06-27T04:35:00,2023-06-27T04:36:00,1687840500,92.78,15.29,0.0,0.0,2003.85,9863.25,0.0,0.0
UNHCR_LAGOS_OFFICE_DG1_and_DG2_1687840560,2023-06-27T04:36:00,2023-06-27T04:37:00,1687840560,92.78,15.29,0.0,0.0,2003.85,9863.25,0.0,0.0
UNHCR_LAGOS_OFFICE_DG1_and_DG2_1687840620,2023-06-27T04:37:00,2023-06-27T04:38:00,1687840620,92.78,15.29,0.0,0.0,2003.85,9863.25,0.0,0.0
UNHCR_LAGOS_OFFICE_DG1_and_DG2_1687840680,2023-06-27T04:38:00,2023-06-27T04:39:00,1687840680,92.78,15.29,0.0,0.0,2003.85,9863.25,0.0,0.0
UNHCR_LAGOS_OFFICE_DG1_and_DG2_1687840740,2023-06-27T04:39:00,2023-06-27T04:40:00,1687840740,92.78,15.29,0.0,0.0,2003.85,9863.25,0.0,0.0
UNHCR_LAGOS_OFFICE_DG1_and_DG2_1687840800,2023-06-27T04:40:00,2023-06-27T04:41:00,1687840800,92.78,15.29,0.0,0.0,2003.85,9863.25,0.0,0.0
UNHCR_LAGOS_OFFICE_DG1_and_DG2_1687840860,2023-06-27T04:41:00,2023-06-27T04:42:00,1687840860,92.78,15.29,0.0,0.0,2003.85,9863.25,0.0,0.0
UNHCR_LAGOS_OFFICE_DG1_and_DG2_1687840920,2023-06-27T04:42:00,2023-06-27T04:43:00,1687840920,92.78,15.29,0.0,0.0,2003.85,9863.25,0.0,0.0
UNHCR_LAGOS_OFFICE_DG1_and_DG2_1687840980,2023-06-27T04:43:00,2023-06-27T04:44:00,1687840980,92.78,15.29,0.0,0.0,2003.85,9863.25,0.0,0.0
UNHCR_LAGOS_OFFICE_DG1_and_DG2_1687841040,2023-06-27T04:44:00,2023-06-27T04:45:00,1687841040,92.78,15.29,0.0,0.0,2003.85,9863.25,0.0,0.0
UNHCR_LAGOS_OFFICE_DG1_and_DG2_1687841100,2023-06-27T04:45:00,2023-06-27T04:46:00,1687841100,92.78,15.29,0.0,0.0,2003.85,9863.25,0.0,0.0
UNHCR_LAGOS_OFFICE_DG1_and_DG2_1687841160,2023-06-27T04:46:00,2023-06-27T04:47:00,1687841160,92.78,15.29,0.0,0.0,2003.85,9863.25,0.0,0.0
UNHCR_LAGOS_OFFICE_DG1_and_DG2_1687841220,2023-06-27T04:47:00,2023-06-27T04:48:00,1687841220,92.78,15.29,0.0,0.0,2003.85,9863.25,0.0,0.0
UNHCR_LAGOS_OFFICE_DG1_and_DG2_1687841280,2023-06-27T04:48:00,2023-06-27T04:49:00,1687841280,92.78,15.29,0.0,0.0,2003.85,9863.25,0.0,0.0
UNHCR_LAGOS_OFFICE_DG1_and_DG2_1687841340,2023-06-27T04:49:00,2023-06-27T04:50:00,1687841340,92.78,15.29,0.0,0.0,2003.85,9863.25,0.0,0.0
UNHCR_LAGOS_OFFICE_DG1_and_DG2_1687841400,2023-06-27T04:50:00,2023-06-27T04:51:00,1687841400,92.78,15.29,0.0,0.0,2003.85,9863.25,0.0,0.0
UNHCR_LAGOS_OFFICE_DG1_and_DG2_1687841460,2023-06-27T04:51:00,2023-06-27T04:52:00,1687841460,92.78,15.29,0.0,0.0,2003.85,9863.25,0.0,0.0
UNHCR_LAGOS_OFFICE_DG1_and_DG2_1687841520,2023-06-27T04:52:00,2023-06-27T04:53:00,1687841520,92.78,15.29,0.0,0.0,2003.85,9863.25,0.0,0.0
UNHCR_LAGOS_OFFICE_DG1_and_DG2_1687841580,2023-06-27T04:53:00,2023-06-27T04:54:00,1687841580,92.78,15.29,0.0,0.0,2003.85,9863.25,0.0,0.0
UNHCR_LAGOS_OFFICE_DG1_and_DG2_1687841640,2023-06-27T04:54:00,2023-06-27T04:55:00,1687841640,92.78,15.29,0.0,0.0,2003.85,9863.25,0.0,0.0
UNHCR_LAGOS_OFFICE_DG1_and_DG2_1687841700,2023-06-27T04:55:00,2023-06-27T04:56:00,1687841700,92.78,15.29,0.0,0.0,2003.85,9863.25,0.0,0.0
UNHCR_LAGOS_OFFICE_DG1_and_DG2_1687841760,2023-06-27T04:56:00,2023-06-27T04:57:00,1687841760,92.78,15.29,0.0,0.0,2003.85,9863.25,0.0,0.0
UNHCR_LAGOS_OFFICE_DG1_and_DG2_1687841820,2023-06-27T04:57:00,2023-06-27T04:58:00,1687841820,92.78,15.29,0.0,0.0,2003.85,9863.25,0.0,0.0
UNHCR_LAGOS_OFFICE_DG1_and_DG2_1687841880,2023-06-27T04:58:00,2023-06-27T04:59:00,1687841880,92.78,15.29,0.0,0.0,2003.85,9863.25,0.0,0.0
UNHCR_LAGOS_OFFICE_DG1_and_DG2_1687841940,2023-06-27T04:59:00,2023-06-27T05:00:00,1687841940,92.78,15.29,0.0,0.0,2003.85,9863.25,0.0,0.0
UNHCR_LAGOS_OFFICE_DG1_and_DG2_1687842000,2023-06-27T05:00:00,2023-06-27T05:01:00,1687842000,92.78,15.29,0.0,0.0,2003.85,9863.25,0.0,0.0
UNHCR_LAGOS_OFFICE_DG1_and_DG2_1687842060,2023-06-27T05:01:00,2023-06-27T05:02:00,1687842060,92.78,15.29,0.0,0.0,2003.85,9863.25,0.0,0.0
UNHCR_LAGOS_OFFICE_DG1_and_DG2_1687842120,2023-06-27T05:02:00,2023-06-27T05:03:00,1687842120,92.78,15.29,0.0,0.0,2003.85,9863.25,0.0,0.0
UNHCR_LAGOS_OFFICE_DG1_and_DG2_1687842180,2023-06-27T05:03:00,2023-06-27T05:04:00,1687842180,92.78,15.29,0.0,0.0,2003.85,9863.25,0.0,0.0
UNHCR_LAGOS_OFFICE_DG1_and_DG2_1687842240,2023-06-27T05:04:00,2023-06-27T05:05:00,1687842240,92.78,15.29,0.0,0.0,2003.85,9863.25,0.0,0.0
UNHCR_LAGOS_OFFICE_DG1_and_DG2_1687842300,2023-06-27T05:05:00,2023-06-27T05:06:00,1687842300,92.78,15.29,0.0,0.0,2003.85,9863.25,0.0,0.0
UNHCR_LAGOS_OFFICE_DG1_and_DG2_1687842360,2023-06-27T05:06:00,2023-06-27T05:07:00,1687842360,92.78,15.29,0.0,0.0,2003.85,9863.25,0.0,0.0
UNHCR_LAGOS_OFFICE_DG1_and_DG2_1687842420,2023-06-27T05:07:00,2023-06-27T05:08:00,1687842420,92.78,15.29,0.0,0.0,2003.85,9863.25,0.0,0.0
UNHCR_LAGOS_OFFICE_DG1_and_DG2_1687842480,2023-06-27T05:08:00,2023-06-27T05:09:00,1687842480,92.78,15.29,0.0,0.0,2003.85,9863.25,0.0,0.0
UNHCR_LAGOS_OFFICE_DG1_and_DG2_1687842540,2023-06-27T05:09:00,2023-06-27T05:10:00,1687842540,92.78,15.29,0.0,0.0,2003.85,9863.25,0.0,0.0
UNHCR_LAGOS_OFFICE_DG1_and_DG2_1687842600,2023-06-27T05:10:00,2023-06-27T05:11:00,1687842600,92.78,15.29,0.0,0.0,2003.85,9863.25,0.0,0.0
UNHCR_LAGOS_OFFICE_DG1_and_DG2_1687842660,2023-06-27T05:11:00,2023-06-27T05:12:00,1687842660,92.78,15.29,0.0,0.0,2003.85,9863.25,0.0,0.0
UNHCR_LAGOS_OFFICE_DG1_and_DG2_1687842720,2023-06-27T05:12:00,2023-06-27T05:13:00,1687842720,92.78,15.29,0.0,0.0,2003.85,9863.25,0.0,0.0
UNHCR_LAGOS_OFFICE_DG1_and_DG2_1687842780,2023-06-27T05:13:00,2023-06-27T05:14:00,1687842780,92.78,15.29,0.0,0.0,2003.85,9863.25,0.0,0.0
UNHCR_LAGOS_OFFICE_DG1_and_DG2_1687842840,2023-06-27T05:14:00,2023-06-27T05:15:00,1687842840,92.78,15.29,0.0,0.0,2003.85,9863.25,0.0,0.0
UNHCR_LAGOS_OFFICE_DG1_and_DG2_1687842900,2023-06-27T05:15:00,2023-06-27T05:16:00,1687842900,92.78,15.29,0.0,0.0,2003.85,9863.25,0.0,0.0
UNHCR_LAGOS_OFFICE_DG1_and_DG2_1687842960,2023-06-27T05:16:00,2023-06-27T05:17:00,1687842960,92.78,15.29,0.0,0.0,2003.85,9863.25,0.0,0.0
UNHCR_LAGOS_OFFICE_DG1_and_DG2_1687843020,2023-06-27T05:17:00,2023-06-27T05:18:00,1687843020,92.78,15.29,0.0,0.0,2003.85,9863.25,0.0,0.0
UNHCR_LAGOS_OFFICE_DG1_and_DG2_1687843080,2023-06-27T05:18:00,2023-06-27T05:19:00,1687843080,92.78,15.29,0.0,0.0,2003.85,9863.25,0.0,0.0
UNHCR_LAGOS_OFFICE_DG1_and_DG2_1687843140,2023-06-27T05:19:00,2023-06-27T05:20:00,1687843140,92.78,15.29,0.0,0.0,2003.85,9863.25,0.0,0.0
UNHCR_LAGOS_OFFICE_DG1_and_DG2_1687843200,2023-06-27T05:20:00,2023-06-27T05:21:00,1687843200,92.78,15.29,0.0,0.0,2003.85,9863.25,0.0,0.0
UNHCR_LAGOS_OFFICE_DG1_and_DG2_1687843260,2023-06-27T05:21:00,2023-06-27T05:22:00,1687843260,92.78,15.29,0.0,0.0,2003.85,9863.25,0.0,0.0
UNHCR_LAGOS_OFFICE_DG1_and_DG2_1687843320,2023-06-27T05:22:00,2023-06-27T05:23:00,1687843320,92.78,15.29,0.0,0.0,2003.85,9863.25,0.0,0.0
UNHCR_LAGOS_OFFICE_DG1_and_DG2_1687843380,2023-06-27T05:23:00,2023-06-27T05:24:00,1687843380,92.78,15.29,0.0,0.0,2003.85,9863.25,0.0,0.0
UNHCR_LAGOS_OFFICE_DG1_and_DG2_1687843440,2023-06-27T05:24:00,2023-06-27T05:25:00,1687843440,92.78,15.29,0.0,0.0,2003.85,9863.25,0.0,0.0
UNHCR_LAGOS_OFFICE_DG1_and_DG2_1687843500,2023-06-27T05:25:00,2023-06-27T05:26:00,1687843500,92.78,15.29,0.0,0.0,2003.85,9863.25,0.0,0.0
UNHCR_LAGOS_OFFICE_DG1_and_DG2_1687843560,2023-06-27T05:26:00,2023-06-27T05:27:00,1687843560,92.78,15.29,0.0,0.0,2003.85,9863.25,0.0,0.0
UNHCR_LAGOS_OFFICE_DG1_and_DG2_1687843620,2023-06-27T05:27:00,2023-06-27T05:28:00,1687843620,92.78,15.29,0.0,0.0,2003.85,9863.25,0.0,0.0
UNHCR_LAGOS_OFFICE_DG1_and_DG2_1687843680,2023-06-27T05:28:00,2023-06-27T05:29:00,1687843680,92.78,15.29,0.0,0.0,2003.85,9863.25,0.0,0.0
UNHCR_LAGOS_OFFICE_DG1_and_DG2_1687843740,2023-06-27T05:29:00,2023-06-27T05:30:00,1687843740,92.78,15.29,0.0,0.0,2003.85,9863.25,0.0,0.0
UNHCR_LAGOS_OFFICE_DG1_and_DG2_1687843800,2023-06-27T05:30:00,2023-06-27T05:31:00,1687843800,92.78,15.29,0.0,0.0,2003.85,9863.25,0.0,0.0
UNHCR_LAGOS_OFFICE_DG1_and_DG2_1687843860,2023-06-27T05:31:00,2023-06-27T05:32:00,1687843860,92.78,15.29,0.0,0.0,2003.85,9863.25,0.0,0.0
UNHCR_LAGOS_OFFICE_DG1_and_DG2_1687843920,2023-06-27T05:32:00,2023-06-27T05:33:00,1687843920,92.78,15.29,0.0,0.0,2003.85,9863.25,0.0,0.0
UNHCR_LAGOS_OFFICE_DG1_and_DG2_1687843980,2023-06-27T05:33:00,2023-06-27T05:34:00,1687843980,92.78,15.29,0.0,0.0,2003.85,9863.25,0.0,0.0
UNHCR_LAGOS_OFFICE_DG1_and_DG2_1687844040,2023-06-27T05:34:00,2023-06-27T05:35:00,1687844040,92.78,15.29,0.0,0.0,2003.85,9863.25,0.0,0.0
UNHCR_LAGOS_OFFICE_DG1_and_DG2_1687844100,2023-06-27T05:35:00,2023-06-27T05:36:00,1687844100,92.78,15.29,0.0,0.0,2003.85,9863.25,0.0,0.0
UNHCR_LAGOS_OFFICE_DG1_and_DG2_1687844160,2023-06-27T05:36:00,2023-06-27T05:37:00,1687844160,92.78,15.29,0.0,0.0,2003.85,9863.25,0.0,0.0
UNHCR_LAGOS_OFFICE_DG1_and_DG2_1687844220,2023-06-27T05:37:00,2023-06-27T05:38:00,1687844220,92.78,15.29,0.0,0.0,2003.85,9863.25,0.0,0.0
UNHCR_LAGOS_OFFICE_DG1_and_DG2_1687844280,2023-06-27T05:38:00,2023-06-27T05:39:00,1687844280,92.78,15.29,0.0,0.0,2003.85,9863.25,0.0,0.0
UNHCR_LAGOS_OFFICE_DG1_and_DG2_1687844340,2023-06-27T05:39:00,2023-06-27T05:40:00,1687844340,92.78,15.29,0.0,0.0,2003.85,9863.25,0.0,0.0
UNHCR_LAGOS_OFFICE_DG1_and_DG2_1687844400,2023-06-27T05:40:00,2023-06-27T05:41:00,1687844400,92.78,15.29,0.0,0.0,2003.85,9863.25,0.0,0.0
UNHCR_LAGOS_OFFICE_DG1_and_DG2_1687844460,2023-06-27T05:41:00,2023-06-27T05:42:00,1687844460,92.78,15.29,0.0,0.0,2003.85,9863.25,0.0,0.0
UNHCR_LAGOS_OFFICE_DG1_and_DG2_1687844520,2023-06-27T05:42:00,2023-06-27T05:43:00,1687844520,92.78,15.29,0.0,0.0,2003.85,9863.25,0.0,0.0
UNHCR_LAGOS_OFFICE_DG1_and_DG2_1687844580,2023-06-27T05:43:00,2023-06-27T05:44:00,1687844580,92.78,15.29,0.0,0.0,2003.85,9863.25,0.0,0.0
UNHCR_LAGOS_OFFICE_DG1_and_DG2_1687844640,2023-06-27T05:44:00,2023-06-27T05:45:00,1687844640,92.78,15.29,0.0,0.0,2003.85,9863.25,0.0,0.0
UNHCR_LAGOS_OFFICE_DG1_and_DG2_1687844700,2023-06-27T05:45:00,2023-06-27T05:46:00,1687844700,92.78,15.29,0.0,0.0,2003.85,9863.25,0.0,0.0
UNHCR_LAGOS_OFFICE_DG1_and_DG2_1687844760,2023-06-27T05:46:00,2023-06-27T05:47:00,1687844760,92.78,15.29,0.0,0.0,2003.85,9863.25,0.0,0.0
UNHCR_LAGOS_OFFICE_DG1_and_DG2_1687844820,2023-06-27T05:47:00,2023-06-27T05:48:00,1687844820,92.78,15.29,0.0,0.0,2003.85,9863.25,0.0,0.0
UNHCR_LAGOS_OFFICE_DG1_and_DG2_1687844880,2023-06-27T05:48:00,2023-06-27T05:49:00,1687844880,92.78,15.29,0.0,0.0,2003.85,9863.25,0.0,0.0
UNHCR_LAGOS_OFFICE_DG1_and_DG2_1687844940,2023-06-27T05:49:00,2023-06-27T05:50:00,1687844940,92.78,15.29,0.0,0.0,2003.85,9863.25,0.0,0.0
UNHCR_LAGOS_OFFICE_DG1_and_DG2_1687845000,2023-06-27T05:50:00,2023-06-27T05:51:00,1687845000,92.78,15.29,0.0,0.0,2003.85,9863.25,0.0,0.0
UNHCR_LAGOS_OFFICE_DG1_and_DG2_1687845060,2023-06-27T05:51:00,2023-06-27T05:52:00,1687845060,92.78,15.29,0.0,0.0,2003.85,9863.25,0.0,0.0
UNHCR_LAGOS_OFFICE_DG1_and_DG2_1687845120,2023-06-27T05:52:00,2023-06-27T05:53:00,1687845120,92.78,15.29,0.0,0.0,2003.85,9863.25,0.0,0.0
UNHCR_LAGOS_OFFICE_DG1_and_DG2_1687845180,2023-06-27T05:53:00,2023-06-27T05:54:00,1687845180,92.78,15.29,0.0,0.0,2003.85,9863.25,0.0,0.0
UNHCR_LAGOS_OFFICE_DG1_and_DG2_1687845240,2023-06-27T05:54:00,2023-06-27T05:55:00,1687845240,92.78,15.29,0.0,0.0,2003.85,9863.25,0.0,0.0
UNHCR_LAGOS_OFFICE_DG1_and_DG2_1687845300,2023-06-27T05:55:00,2023-06-27T05:56:00,1687845300,92.78,15.29,0.0,0.0,2003.85,9863.25,0.0,0.0
UNHCR_LAGOS_OFFICE_DG1_and_DG2_1687845360,2023-06-27T05:56:00,2023-06-27T05:57:00,1687845360,92.78,15.29,0.0,0.0,2003.85,9863.25,0.0,0.0
UNHCR_LAGOS_OFFICE_DG1_and_DG2_1687845420,2023-06-27T05:57:00,2023-06-27T05:58:00,1687845420,92.78,15.29,0.0,0.0,2003.85,9863.25,0.0,0.0
UNHCR_LAGOS_OFFICE_DG1_and_DG2_1687845480,2023-06-27T05:58:00,2023-06-27T05:59:00,1687845480,92.78,15.29,0.0,0.0,2003.85,9863.25,0.0,0.0
UNHCR_LAGOS_OFFICE_DG1_and_DG2_1687845540,2023-06-27T05:59:00,2023-06-27T06:00:00,1687845540,92.78,15.29,0.0,0.0,2003.85,9863.25,0.0,0.0
UNHCR_LAGOS_OFFICE_DG1_and_DG2_1687845600,2023-06-27T06:00:00,2023-06-27T06:01:00,1687845600,92.78,15.29,0.0,0.0,2003.85,9863.25,0.0,0.0
UNHCR_LAGOS_OFFICE_DG1_and_DG2_1687845660,2023-06-27T06:01:00,2023-06-27T06:02:00,1687845660,92.78,15.29,0.0,0.0,2003.85,9863.25,0.0,0.0
UNHCR_LAGOS_OFFICE_DG1_and_DG2_1687845720,2023-06-27T06:02:00,2023-06-27T06:03:00,1687845720,92.78,15.29,0.0,0.0,2003.85,9863.25,0.0,0.0
UNHCR_LAGOS_OFFICE_DG1_and_DG2_1687845780,2023-06-27T06:03:00,2023-06-27T06:04:00,1687845780,92.78,15.29,0.0,0.0,2003.85,9863.25,0.0,0.0
UNHCR_LAGOS_OFFICE_DG1_and_DG2_1687845840,2023-06-27T06:04:00,2023-06-27T06:05:00,1687845840,92.78,15.29,0.0,0.0,2003.85,9863.25,0.0,0.0
UNHCR_LAGOS_OFFICE_DG1_and_DG2_1687845900,2023-06-27T06:05:00,2023-06-27T06:06:00,1687845900,92.78,15.29,0.0,0.0,2003.85,9863.25,0.0,0.0
UNHCR_LAGOS_OFFICE_DG1_and_DG2_1687845960,2023-06-27T06:06:00,2023-06-27T06:07:00,1687845960,92.78,15.29,0.0,0.0,2003.85,9863.25,0.0,0.0
UNHCR_LAGOS_OFFICE_DG1_and_DG2_1687846020,2023-06-27T06:07:00,2023-06-27T06:08:00,1687846020,92.78,15.29,0.0,0.0,2003.85,9863.25,0.0,0.0
UNHCR_LAGOS_OFFICE_DG1_and_DG2_1687846080,2023-06-27T06:08:00,2023-06-27T06:09:00,1687846080,92.78,15.29,0.0,0.0,2003.85,9863.25,0.0,0.0
UNHCR_LAGOS_OFFICE_DG1_and_DG2_1687846140,2023-06-27T06:09:00,2023-06-27T06:10:00,1687846140,92.78,15.29,0.0,0.0,2003.85,9863.25,0.0,0.0
UNHCR_LAGOS_OFFICE_DG1_and_DG2_1687846200,2023-06-27T06:10:00,2023-06-27T06:11:00,1687846200,92.78,15.29,0.0,0.0,2003.85,9863.25,0.0,0.0
UNHCR_LAGOS_OFFICE_DG1_and_DG2_1687846260,2023-06-27T06:11:00,2023-06-27T06:12:00,1687846260,92.78,15.29,0.0,0.0,2003.85,9863.25,0.0,0.0
UNHCR_LAGOS_OFFICE_DG1_and_DG2_1687846320,2023-06-27T06:12:00,2023-06-27T06:13:00,1687846320,92.78,15.29,0.0,0.0,2003.85,9863.25,0.0,0.0
UNHCR_LAGOS_OFFICE_DG1_and_DG2_1687846380,2023-06-27T06:13:00,2023-06-27T06:14:00,1687846380,92.78,15.29,0.0,0.0,2003.85,9863.25,0.0,0.0
UNHCR_LAGOS_OFFICE_DG1_and_DG2_1687846440,2023-06-27T06:14:00,2023-06-27T06:15:00,1687846440,92.78,15.29,0.0,0.0,2003.85,9863.25,0.0,0.0
UNHCR_LAGOS_OFFICE_DG1_and_DG2_1687846500,2023-06-27T06:15:00,2023-06-27T06:16:00,1687846500,92.78,15.29,0.0,0.0,2003.85,9863.25,0.0,0.0
UNHCR_LAGOS_OFFICE_DG1_and_DG2_1687846560,2023-06-27T06:16:00,2023-06-27T06:17:00,1687846560,92.78,15.29,0.0,0.0,2003.85,9863.25,0.0,0.0
UNHCR_LAGOS_OFFICE_DG1_and_DG2_1687846620,2023-06-27T06:17:00,2023-06-27T06:18:00,1687846620,92.78,15.29,0.0,0.0,2003.85,9863.25,0.0,0.0
UNHCR_LAGOS_OFFICE_DG1_and_DG2_1687846680,2023-06-27T06:18:00,2023-06-27T06:19:00,1687846680,92.78,15.29,0.0,0.0,2003.85,9863.25,0.0,0.0
UNHCR_LAGOS_OFFICE_DG1_and_DG2_1687846740,2023-06-27T06:19:00,2023-06-27T06:20:00,1687846740,92.78,15.29,0.0,0.0,2003.85,9863.25,0.0,0.0
UNHCR_LAGOS_OFFICE_DG1_and_DG2_1687846800,2023-06-27T06:20:00,2023-06-27T06:21:00,1687846800,92.78,15.29,0.0,0.0,2003.85,9863.25,0.0,0.0
UNHCR_LAGOS_OFFICE_DG1_and_DG2_1687846860,2023-06-27T06:21:00,2023-06-27T06:22:00,1687846860,92.78,15.29,0.0,0.0,2003.85,9863.25,0.0,0.0
UNHCR_LAGOS_OFFICE_DG1_and_DG2_1687846920,2023-06-27T06:22:00,2023-06-27T06:23:00,1687846920,92.78,15.29,0.0,0.0,2003.85,9863.25,0.0,0.0
UNHCR_LAGOS_OFFICE_DG1_and_DG2_1687846980,2023-06-27T06:23:00,2023-06-27T06:24:00,1687846980,92.78,15.29,0.0,0.0,2003.85,9863.25,0.0,0.0
UNHCR_LAGOS_OFFICE_DG1_and_DG2_1687847040,2023-06-27T06:24:00,2023-06-27T06:25:00,1687847040,92.78,15.29,0.0,0.0,2003.85,9863.25,0.0,0.0
UNHCR_LAGOS_OFFICE_DG1_and_DG2_1687847100,2023-06-27T06:25:00,2023-06-27T06:26:00,1687847100,92.78,15.29,0.0,0.0,2003.85,9863.25,0.0,0.0
UNHCR_LAGOS_OFFICE_DG1_and_DG2_1687847160,2023-06-27T06:26:00,2023-06-27T06:27:00,1687847160,92.78,15.29,0.0,0.0,2003.85,9863.25,0.0,0.0
UNHCR_LAGOS_OFFICE_DG1_and_DG2_1687847220,2023-06-27T06:27:00,2023-06-27T06:28:00,1687847220,92.78,15.29,0.0,0.0,2003.85,9863.25,0.0,0.0
UNHCR_LAGOS_OFFICE_DG1_and_DG2_1687847280,2023-06-27T06:28:00,2023-06-27T06:29:00,1687847280,92.78,15.29,0.0,0.0,2003.85,9863.25,0.0,0.0
UNHCR_LAGOS_OFFICE_DG1_and_DG2_1687847340,2023-06-27T06:29:00,2023-06-27T06:30:00,1687847340,92.78,15.29,0.0,0.0,2003.85,9863.25,0.0,0.0
UNHCR_LAGOS_OFFICE_DG1_and_DG2_1687847400,2023-06-27T06:30:00,2023-06-27T06:31:00,1687847400,92.78,15.29,0.0,0.0,2003.85,9863.25,0.0,0.0
UNHCR_LAGOS_OFFICE_DG1_and_DG2_1687847460,2023-06-27T06:31:00,2023-06-27T06:32:00,1687847460,92.78,15.29,0.0,0.0,2003.85,9863.25,0.0,0.0
UNHCR_LAGOS_OFFICE_DG1_and_DG2_1687847520,2023-06-27T06:32:00,2023-06-27T06:33:00,1687847520,92.78,15.29,0.0,0.0,2003.85,9863.25,0.0,0.0
UNHCR_LAGOS_OFFICE_DG1_and_DG2_1687847580,2023-06-27T06:33:00,2023-06-27T06:34:00,1687847580,92.78,15.29,0.0,0.0,2003.85,9863.25,0.0,0.0
UNHCR_LAGOS_OFFICE_DG1_and_DG2_1687847640,2023-06-27T06:34:00,2023-06-27T06:35:00,1687847640,92.78,15.29,0.0,0.0,2003.85,9863.25,0.0,0.0
UNHCR_LAGOS_OFFICE_DG1_and_DG2_1687847700,2023-06-27T06:35:00,2023-06-27T06:36:00,1687847700,92.78,15.29,0.0,0.0,2003.85,9863.25,0.0,0.0
UNHCR_LAGOS_OFFICE_DG1_and_DG2_1687847760,2023-06-27T06:36:00,2023-06-27T06:37:00,1687847760,92.78,15.29,0.0,0.0,2003.85,9863.25,0.0,0.0
UNHCR_LAGOS_OFFICE_DG1_and_DG2_1687847820,2023-06-27T06:37:00,2023-06-27T06:38:00,1687847820,92.78,15.29,0.0,0.0,2003.85,9863.25,0.0,0.0
UNHCR_LAGOS_OFFICE_DG1_and_DG2_1687847880,2023-06-27T06:38:00,2023-06-27T06:39:00,1687847880,92.78,15.29,0.0,0.0,2003.85,9863.25,0.0,0.0
UNHCR_LAGOS_OFFICE_DG1_and_DG2_1687847940,2023-06-27T06:39:00,2023-06-27T06:40:00,1687847940,92.78,15.29,0.0,0.0,2003.85,9863.25,0.0,0.0
UNHCR_LAGOS_OFFICE_DG1_and_DG2_1687848000,2023-06-27T06:40:00,2023-06-27T06:41:00,1687848000,92.78,15.29,0.0,0.0,2003.85,9863.25,0.0,0.0
UNHCR_LAGOS_OFFICE_DG1_and_DG2_1687848060,2023-06-27T06:41:00,2023-06-27T06:42:00,1687848060,92.78,15.29,0.0,0.0,2003.85,9863.25,0.0,0.0
UNHCR_LAGOS_OFFICE_DG1_and_DG2_1687848120,2023-06-27T06:42:00,2023-06-27T06:43:00,1687848120,92.78,15.29,0.0,0.0,2003.85,9863.25,0.0,0.0
UNHCR_LAGOS_OFFICE_DG1_and_DG2_1687848180,2023-06-27T06:43:00,2023-06-27T06:44:00,1687848180,92.78,15.29,0.0,0.0,2003.85,9863.25,0.0,0.0
UNHCR_LAGOS_OFFICE_DG1_and_DG2_1687848240,2023-06-27T06:44:00,2023-06-27T06:45:00,1687848240,92.78,15.29,0.0,0.0,2003.85,9863.25,0.0,0.0
UNHCR_LAGOS_OFFICE_DG1_and_DG2_1687848300,2023-06-27T06:45:00,2023-06-27T06:46:00,1687848300,92.78,15.29,0.0,0.0,2003.85,9863.25,0.0,0.0
UNHCR_LAGOS_OFFICE_DG1_and_DG2_1687848360,2023-06-27T06:46:00,2023-06-27T06:47:00,1687848360,92.78,15.29,0.0,0.0,2003.85,9863.25,0.0,0.0
UNHCR_LAGOS_OFFICE_DG1_and_DG2_1687848420,2023-06-27T06:47:00,2023-06-27T06:48:00,1687848420,92.78,15.29,0.0,0.0,2003.85,9863.25,0.0,0.0
UNHCR_LAGOS_OFFICE_DG1_and_DG2_1687848480,2023-06-27T06:48:00,2023-06-27T06:49:00,1687848480,92.78,15.29,0.0,0.0,2003.85,9863.25,0.0,0.0
UNHCR_LAGOS_OFFICE_DG1_and_DG2_1687848540,2023-06-27T06:49:00,2023-06-27T06:50:00,1687848540,92.78,15.29,0.0,0.0,2003.85,9863.25,0.0,0.0
UNHCR_LAGOS_OFFICE_DG1_and_DG2_1687848600,2023-06-27T06:50:00,2023-06-27T06:51:00,1687848600,92.78,15.29,0.0,0.0,2003.85,9863.25,0.0,0.0
UNHCR_LAGOS_OFFICE_DG1_and_DG2_1687848660,2023-06-27T06:51:00,2023-06-27T06:52:00,1687848660,92.78,15.29,0.0,0.0,2003.85,9863.25,0.0,0.0
UNHCR_LAGOS_OFFICE_DG1_and_DG2_1687848720,2023-06-27T06:52:00,2023-06-27T06:53:00,1687848720,92.78,15.29,0.0,0.0,2003.85,9863.25,0.0,0.0
UNHCR_LAGOS_OFFICE_DG1_and_DG2_1687848780,2023-06-27T06:53:00,2023-06-27T06:54:00,1687848780,92.78,15.29,0.0,0.0,2003.85,9863.25,0.0,0.0
UNHCR_LAGOS_OFFICE_DG1_and_DG2_1687848840,2023-06-27T06:54:00,2023-06-27T06:55:00,1687848840,92.78,15.29,0.0,0.0,2003.85,9863.25,0.0,0.0
UNHCR_LAGOS_OFFICE_DG1_and_DG2_1687848900,2023-06-27T06:55:00,2023-06-27T06:56:00,1687848900,92.78,15.29,0.0,0.0,2003.85,9863.25,0.0,0.0
UNHCR_LAGOS_OFFICE_DG1_and_DG2_1687848960,2023-06-27T06:56:00,2023-06-27T06:57:00,1687848960,92.78,15.29,0.0,0.0,2003.85,9863.25,0.0,0.0
UNHCR_LAGOS_OFFICE_DG1_and_DG2_1687849020,2023-06-27T06:57:00,2023-06-27T06:58:00,1687849020,92.78,15.29,0.0,0.0,2003.85,9863.25,0.0,0.0
UNHCR_LAGOS_OFFICE_DG1_and_DG2_1687849080,2023-06-27T06:58:00,2023-06-27T06:59:00,1687849080,92.78,15.29,0.0,0.0,2003.85,9863.25,0.0,0.0
UNHCR_LAGOS_OFFICE_DG1_and_DG2_1687849140,2023-06-27T06:59:00,2023-06-27T07:00:00,1687849140,92.78,15.29,0.0,0.0,2003.85,9863.25,0.0,0.0
UNHCR_LAGOS_OFFICE_DG1_and_DG2_1687849200,2023-06-27T07:00:00,2023-06-27T07:01:00,1687849200,92.78,15.29,0.0,0.0,2003.85,9863.25,0.0,0.0
UNHCR_LAGOS_OFFICE_DG1_and_DG2_1687849260,2023-06-27T07:01:00,2023-06-27T07:02:00,1687849260,92.78,15.29,0.0,0.0,2003.85,9863.25,0.0,0.0
UNHCR_LAGOS_OFFICE_DG1_and_DG2_1687849320,2023-06-27T07:02:00,2023-06-27T07:03:00,1687849320,92.78,15.29,0.0,0.0,2003.85,9863.25,0.0,0.0
UNHCR_LAGOS_OFFICE_DG1_and_DG2_1687849380,2023-06-27T07:03:00,2023-06-27T07:04:00,1687849380,92.78,15.29,0.0,0.0,2003.85,9863.25,0.0,0.0
UNHCR_LAGOS_OFFICE_DG1_and_DG2_1687849440,2023-06-27T07:04:00,2023-06-27T07:05:00,1687849440,92.78,15.29,0.0,0.0,2003.85,9863.25,0.0,0.0
UNHCR_LAGOS_OFFICE_DG1_and_DG2_1687849500,2023-06-27T07:05:00,2023-06-27T07:06:00,1687849500,92.78,15.29,0.0,0.0,2003.85,9863.25,0.0,0.0
UNHCR_LAGOS_OFFICE_DG1_and_DG2_1687849560,2023-06-27T07:06:00,2023-06-27T07:07:00,1687849560,92.78,15.29,0.0,0.0,2003.85,9863.25,0.0,0.0
UNHCR_LAGOS_OFFICE_DG1_and_DG2_1687849620,2023-06-27T07:07:00,2023-06-27T07:08:00,1687849620,92.78,15.29,0.0,0.0,2003.85,9863.25,0.0,0.0
UNHCR_LAGOS_OFFICE_DG1_and_DG2_1687849680,2023-06-27T07:08:00,2023-06-27T07:09:00,1687849680,92.78,15.29,0.0,0.0,2003.85,9863.25,0.0,0.0
UNHCR_LAGOS_OFFICE_DG1_and_DG2_1687849740,2023-06-27T07:09:00,2023-06-27T07:10:00,1687849740,92.78,15.29,0.0,0.0,2003.85,9863.25,0.0,0.0
UNHCR_LAGOS_OFFICE_DG1_and_DG2_1687849800,2023-06-27T07:10:00,2023-06-27T07:11:00,1687849800,92.78,15.29,0.0,0.0,2003.85,9863.25,0.0,0.0
UNHCR_LAGOS_OFFICE_DG1_and_DG2_1687849860,2023-06-27T07:11:00,2023-06-27T07:12:00,1687849860,92.78,15.29,0.0,0.0,2003.85,9863.25,0.0,0.0
UNHCR_LAGOS_OFFICE_DG1_and_DG2_1687849920,2023-06-27T07:12:00,2023-06-27T07:13:00,1687849920,92.78,15.29,0.0,0.0,2003.85,9863.25,0.0,0.0
UNHCR_LAGOS_OFFICE_DG1_and_DG2_1687849980,2023-06-27T07:13:00,2023-06-27T07:14:00,1687849980,92.78,15.29,0.0,0.0,2003.85,9863.25,0.0,0.0
UNHCR_LAGOS_OFFICE_DG1_and_DG2_1687850040,2023-06-27T07:14:00,2023-06-27T07:15:00,1687850040,92.78,15.29,0.0,0.0,2003.85,9863.25,0.0,0.0
UNHCR_LAGOS_OFFICE_DG1_and_DG2_1687850100,2023-06-27T07:15:00,2023-06-27T07:16:00,1687850100,92.78,15.29,0.0,0.0,2003.85,9863.25,0.0,0.0
UNHCR_LAGOS_OFFICE_DG1_and_DG2_1687850160,2023-06-27T07:16:00,2023-06-27T07:17:00,1687850160,92.78,15.29,0.0,0.0,2003.85,9863.25,0.0,0.0
UNHCR_LAGOS_OFFICE_DG1_and_DG2_1687850220,2023-06-27T07:17:00,2023-06-27T07:18:00,1687850220,92.78,15.29,0.0,0.0,2003.85,9863.25,0.0,0.0
UNHCR_LAGOS_OFFICE_DG1_and_DG2_1687850280,2023-06-27T07:18:00,2023-06-27T07:19:00,1687850280,92.78,15.29,0.0,0.0,2003.85,9863.25,0.0,0.0
UNHCR_LAGOS_OFFICE_DG1_and_DG2_1687850340,2023-06-27T07:19:00,2023-06-27T07:20:00,1687850340,92.78,15.29,0.0,0.0,2003.85,9863.25,0.0,0.0
UNHCR_LAGOS_OFFICE_DG1_and_DG2_1687850400,2023-06-27T07:20:00,2023-06-27T07:21:00,1687850400,92.78,15.29,0.0,0.0,2003.85,9863.25,0.0,0.0
UNHCR_LAGOS_OFFICE_DG1_and_DG2_1687850460,2023-06-27T07:21:00,2023-06-27T07:22:00,1687850460,92.78,15.29,0.0,0.0,2003.85,9863.25,0.0,0.0
UNHCR_LAGOS_OFFICE_DG1_and_DG2_1687850520,2023-06-27T07:22:00,2023-06-27T07:23:00,1687850520,92.78,15.29,0.0,0.0,2003.85,9863.25,0.0,0.0
UNHCR_LAGOS_OFFICE_DG1_and_DG2_1687850580,2023-06-27T07:23:00,2023-06-27T07:24:00,1687850580,92.78,15.29,0.0,0.0,2003.85,9863.25,0.0,0.0
UNHCR_LAGOS_OFFICE_DG1_and_DG2_1687850640,2023-06-27T07:24:00,2023-06-27T07:25:00,1687850640,92.78,15.29,0.0,0.0,2003.85,9863.25,0.0,0.0
UNHCR_LAGOS_OFFICE_DG1_and_DG2_1687850700,2023-06-27T07:25:00,2023-06-27T07:26:00,1687850700,92.78,15.29,0.0,0.0,2003.85,9863.25,0.0,0.0
UNHCR_LAGOS_OFFICE_DG1_and_DG2_1687850760,2023-06-27T07:26:00,2023-06-27T07:27:00,1687850760,92.78,15.29,0.0,0.0,2003.85,9863.25,0.0,0.0
UNHCR_LAGOS_OFFICE_DG1_and_DG2_1687850820,2023-06-27T07:27:00,2023-06-27T07:28:00,1687850820,92.78,15.29,0.0,0.0,2003.85,9863.25,0.0,0.0
UNHCR_LAGOS_OFFICE_DG1_and_DG2_1687850880,2023-06-27T07:28:00,2023-06-27T07:29:00,1687850880,92.78,15.29,0.0,0.0,2003.85,9863.25,0.0,0.0
UNHCR_LAGOS_OFFICE_DG1_and_DG2_1687850940,2023-06-27T07:29:00,2023-06-27T07:30:00,1687850940,92.78,15.29,0.0,0.0,2003.85,9863.25,0.0,0.0
UNHCR_LAGOS_OFFICE_DG1_and_DG2_1687851000,2023-06-27T07:30:00,2023-06-27T07:31:00,1687851000,92.78,15.29,0.0,0.0,2003.85,9863.25,0.0,0.0
UNHCR_LAGOS_OFFICE_DG1_and_DG2_1687851060,2023-06-27T07:31:00,2023-06-27T07:32:00,1687851060,92.78,15.29,0.0,0.0,2003.85,9863.25,0.0,0.0
UNHCR_LAGOS_OFFICE_DG1_and_DG2_1687851120,2023-06-27T07:32:00,2023-06-27T07:33:00,1687851120,92.78,15.29,0.0,0.0,2003.85,9863.25,0.0,0.0
UNHCR_LAGOS_OFFICE_DG1_and_DG2_1687851180,2023-06-27T07:33:00,2023-06-27T07:34:00,1687851180,92.78,15.29,0.0,0.0,2003.85,9863.25,0.0,0.0
UNHCR_LAGOS_OFFICE_DG1_and_DG2_1687851240,2023-06-27T07:34:00,2023-06-27T07:35:00,1687851240,92.78,15.29,0.0,0.0,2003.85,9863.25,0.0,0.0
UNHCR_LAGOS_OFFICE_DG1_and_DG2_1687851300,2023-06-27T07:35:00,2023-06-27T07:36:00,1687851300,92.78,15.29,0.0,0.0,2003.85,9863.25,0.0,0.0
UNHCR_LAGOS_OFFICE_DG1_and_DG2_1687851360,2023-06-27T07:36:00,2023-06-27T07:37:00,1687851360,92.78,15.29,0.0,0.0,2003.85,9863.25,0.0,0.0
UNHCR_LAGOS_OFFICE_DG1_and_DG2_1687851420,2023-06-27T07:37:00,2023-06-27T07:38:00,1687851420,92.78,15.29,0.0,0.0,2003.85,9863.25,0.0,0.0
UNHCR_LAGOS_OFFICE_DG1_and_DG2_1687851480,2023-06-27T07:38:00,2023-06-27T07:39:00,1687851480,92.78,15.29,0.0,0.0,2003.85,9863.25,0.0,0.0
UNHCR_LAGOS_OFFICE_DG1_and_DG2_1687851540,2023-06-27T07:39:00,2023-06-27T07:40:00,1687851540,92.78,15.29,0.0,0.0,2003.85,9863.25,0.0,0.0
UNHCR_LAGOS_OFFICE_DG1_and_DG2_1687851600,2023-06-27T07:40:00,2023-06-27T07:41:00,1687851600,92.78,15.29,0.0,0.0,2003.85,9863.25,0.0,0.0
UNHCR_LAGOS_OFFICE_DG1_and_DG2_1687851660,2023-06-27T07:41:00,2023-06-27T07:42:00,1687851660,92.78,15.29,0.0,0.0,2003.85,9863.25,0.0,0.0
UNHCR_LAGOS_OFFICE_DG1_and_DG2_1687851720,2023-06-27T07:42:00,2023-06-27T07:43:00,1687851720,92.78,15.29,0.0,0.0,2003.85,9863.25,0.0,0.0
UNHCR_LAGOS_OFFICE_DG1_and_DG2_1687851780,2023-06-27T07:43:00,2023-06-27T07:44:00,1687851780,92.78,15.29,0.0,0.0,2003.85,9863.25,0.0,0.0
UNHCR_LAGOS_OFFICE_DG1_and_DG2_1687851840,2023-06-27T07:44:00,2023-06-27T07:45:00,1687851840,92.78,15.29,0.0,0.0,2003.85,9863.25,0.0,0.0
UNHCR_LAGOS_OFFICE_DG1_and_DG2_1687851900,2023-06-27T07:45:00,2023-06-27T07:46:00,1687851900,92.78,15.29,0.0,0.0,2003.85,9863.25,0.0,0.0
UNHCR_LAGOS_OFFICE_DG1_and_DG2_1687851960,2023-06-27T07:46:00,2023-06-27T07:47:00,1687851960,92.78,15.29,0.0,0.0,2003.85,9863.25,0.0,0.0
UNHCR_LAGOS_OFFICE_DG1_and_DG2_1687852020,2023-06-27T07:47:00,2023-06-27T07:48:00,1687852020,92.78,15.29,0.0,0.0,2003.85,9863.25,0.0,0.0
UNHCR_LAGOS_OFFICE_DG1_and_DG2_1687852080,2023-06-27T07:48:00,2023-06-27T07:49:00,1687852080,92.78,15.29,0.0,0.0,2003.85,9863.25,0.0,0.0
UNHCR_LAGOS_OFFICE_DG1_and_DG2_1687852140,2023-06-27T07:49:00,2023-06-27T07:50:00,1687852140,92.78,15.29,0.0,0.0,2003.85,9863.25,0.0,0.0
UNHCR_LAGOS_OFFICE_DG1_and_DG2_1687852200,2023-06-27T07:50:00,2023-06-27T07:51:00,1687852200,92.78,15.29,0.0,0.0,2003.85,9863.25,0.0,0.0
UNHCR_LAGOS_OFFICE_DG1_and_DG2_1687852260,2023-06-27T07:51:00,2023-06-27T07:52:00,1687852260,92.78,15.29,0.0,0.0,2003.85,9863.25,0.0,0.0
UNHCR_LAGOS_OFFICE_DG1_and_DG2_1687852320,2023-06-27T07:52:00,2023-06-27T07:53:00,1687852320,92.78,15.29,0.0,0.0,2003.85,9863.25,0.0,0.0
UNHCR_LAGOS_OFFICE_DG1_and_DG2_1687852380,2023-06-27T07:53:00,2023-06-27T07:54:00,1687852380,92.78,15.29,0.0,0.0,2003.85,9863.25,0.0,0.0
UNHCR_LAGOS_OFFICE_DG1_and_DG2_1687852440,2023-06-27T07:54:00,2023-06-27T07:55:00,1687852440,92.78,15.29,0.0,0.0,2003.85,9863.25,0.0,0.0
UNHCR_LAGOS_OFFICE_DG1_and_DG2_1687852500,2023-06-27T07:55:00,2023-06-27T07:56:00,1687852500,92.78,15.29,0.0,0.0,2003.85,9863.25,0.0,0.0
UNHCR_LAGOS_OFFICE_DG1_and_DG2_1687852560,2023-06-27T07:56:00,2023-06-27T07:57:00,1687852560,92.78,15.29,0.0,0.0,2003.85,9863.25,0.0,0.0
UNHCR_LAGOS_OFFICE_DG1_and_DG2_1687852620,2023-06-27T07:57:00,2023-06-27T07:58:00,1687852620,92.78,15.29,0.0,0.0,2003.85,9863.25,0.0,0.0
UNHCR_LAGOS_OFFICE_DG1_and_DG2_1687852680,2023-06-27T07:58:00,2023-06-27T07:59:00,1687852680,92.78,15.29,0.0,0.0,2003.85,9863.25,0.0,0.0
UNHCR_LAGOS_OFFICE_DG1_and_DG2_1687852740,2023-06-27T07:59:00,2023-06-27T08:00:00,1687852740,92.78,15.29,0.0,0.0,2003.85,9863.25,0.0,0.0
UNHCR_LAGOS_OFFICE_DG1_and_DG2_1687852800,2023-06-27T08:00:00,2023-06-27T08:01:00,1687852800,92.78,15.29,0.0,0.0,2003.85,9863.25,0.0,0.0
UNHCR_LAGOS_OFFICE_DG1_and_DG2_1687852860,2023-06-27T08:01:00,2023-06-27T08:02:00,1687852860,92.78,15.29,0.0,0.0,2003.85,9863.25,0.0,0.0
UNHCR_LAGOS_OFFICE_DG1_and_DG2_1687852920,2023-06-27T08:02:00,2023-06-27T08:03:00,1687852920,92.78,15.29,0.0,0.0,2003.85,9863.25,0.0,0.0
UNHCR_LAGOS_OFFICE_DG1_and_DG2_1687852980,2023-06-27T08:03:00,2023-06-27T08:04:00,1687852980,92.78,15.29,0.0,0.0,2003.86,9863.25,-0.009999999999990905,0.0
UNHCR_LAGOS_OFFICE_DG1_and_DG2_1687853040,2023-06-27T08:04:00,2023-06-27T08:05:00,1687853040,92.78,15.29,0.0,0.0,2003.88,9863.25,-0.03000000000020009,0.0
UNHCR_LAGOS_OFFICE_DG1_and_DG2_1687853100,2023-06-27T08:05:00,2023-06-27T08:06:00,1687853100,92.78,15.29,0.0,0.0,2003.9,9863.25,-0.0500000000001819,0.0
UNHCR_LAGOS_OFFICE_DG1_and_DG2_1687853160,2023-06-27T08:06:00,2023-06-27T08:07:00,1687853160,92.78,15.29,0.0,0.0,2003.92,9863.25,-0.07000000000016371,0.0
UNHCR_LAGOS_OFFICE_DG1_and_DG2_1687853220,2023-06-27T08:07:00,2023-06-27T08:08:00,1687853220,92.55,15.29,0.23000000000000398,0.0,2003.93,9863.25,-0.08000000000015461,0.0
UNHCR_LAGOS_OFFICE_DG1_and_DG2_1687853280,2023-06-27T08:08:00,2023-06-27T08:09:00,1687853280,92.55,15.29,0.0,0.0,2003.95,9863.25,-0.10000000000013642,0.0
UNHCR_LAGOS_OFFICE_DG1_and_DG2_1687853340,2023-06-27T08:09:00,2023-06-27T08:10:00,1687853340,92.55,15.29,0.0,0.0,2003.96,9863.25,-0.11000000000012733,0.0
UNHCR_LAGOS_OFFICE_DG1_and_DG2_1687853400,2023-06-27T08:10:00,2023-06-27T08:11:00,1687853400,92.32,15.29,0.23000000000000398,0.0,2003.98,9863.25,-0.13000000000010914,0.0
UNHCR_LAGOS_OFFICE_DG1_and_DG2_1687853460,2023-06-27T08:11:00,2023-06-27T08:12:00,1687853460,92.32,15.29,0.0,0.0,2004.0,9863.25,-0.15000000000009095,0.0
UNHCR_LAGOS_OFFICE_DG1_and_DG2_1687853520,2023-06-27T08:12:00,2023-06-27T08:13:00,1687853520,92.32,15.29,0.0,0.0,2004.02,9863.25,-0.17000000000007276,0.0
UNHCR_LAGOS_OFFICE_DG1_and_DG2_1687853580,2023-06-27T08:13:00,2023-06-27T08:14:00,1687853580,92.09,15.29,0.22999999999998977,0.0,2004.03,9863.25,-0.18000000000006366,0.0
UNHCR_LAGOS_OFFICE_DG1_and_DG2_1687853640,2023-06-27T08:14:00,2023-06-27T08:15:00,1687853640,92.09,15.29,0.0,0.0,2004.05,9863.25,-0.20000000000004547,0.0
UNHCR_LAGOS_OFFICE_DG1_and_DG2_1687853700,2023-06-27T08:15:00,2023-06-27T08:16:00,1687853700,91.62,15.29,0.46999999999999886,0.0,2004.06,9863.25,-0.21000000000003638,0.0
UNHCR_LAGOS_OFFICE_DG1_and_DG2_1687853760,2023-06-27T08:16:00,2023-06-27T08:17:00,1687853760,91.39,15.29,0.23000000000000398,0.0,2004.08,9863.25,-0.2300000000000182,0.0
UNHCR_LAGOS_OFFICE_DG1_and_DG2_1687853820,2023-06-27T08:17:00,2023-06-27T08:18:00,1687853820,91.39,15.29,0.0,0.0,2004.1,9863.25,-0.25,0.0
UNHCR_LAGOS_OFFICE_DG1_and_DG2_1687853880,2023-06-27T08:18:00,2023-06-27T08:19:00,1687853880,91.16,15.29,0.23000000000000398,0.0,2004.12,9863.25,-0.2699999999999818,0.0
UNHCR_LAGOS_OFFICE_DG1_and_DG2_1687853940,2023-06-27T08:19:00,2023-06-27T08:20:00,1687853940,91.16,15.29,0.0,0.0,2004.13,9863.25,-0.2800000000002001,0.0
UNHCR_LAGOS_OFFICE_DG1_and_DG2_1687854000,2023-06-27T08:20:00,2023-06-27T08:21:00,1687854000,91.16,15.29,0.0,0.0,2004.15,9863.25,-0.3000000000001819,0.0
UNHCR_LAGOS_OFFICE_DG1_and_DG2_1687854060,2023-06-27T08:21:00,2023-06-27T08:22:00,1687854060,90.93,15.29,0.22999999999998977,0.0,2004.16,9863.25,-0.3100000000001728,0.0
UNHCR_LAGOS_OFFICE_DG1_and_DG2_1687854120,2023-06-27T08:22:00,2023-06-27T08:23:00,1687854120,90.93,15.29,0.0,0.0,2004.18,9863.25,-0.3300000000001546,0.0
UNHCR_LAGOS_OFFICE_DG1_and_DG2_1687854180,2023-06-27T08:23:00,2023-06-27T08:24:00,1687854180,90.93,15.29,0.0,0.0,2004.2,9863.25,-0.3500000000001364,0.0
UNHCR_LAGOS_OFFICE_DG1_and_DG2_1687854240,2023-06-27T08:24:00,2023-06-27T08:25:00,1687854240,90.93,15.29,0.0,0.0,2004.22,9863.25,-0.37000000000011823,0.0
UNHCR_LAGOS_OFFICE_DG1_and_DG2_1687854300,2023-06-27T08:25:00,2023-06-27T08:26:00,1687854300,90.93,15.29,0.0,0.0,2004.23,9863.25,-0.38000000000010914,0.0
UNHCR_LAGOS_OFFICE_DG1_and_DG2_1687854360,2023-06-27T08:26:00,2023-06-27T08:27:00,1687854360,90.7,15.29,0.23000000000000398,0.0,2004.25,9863.25,-0.40000000000009095,0.0
UNHCR_LAGOS_OFFICE_DG1_and_DG2_1687854420,2023-06-27T08:27:00,2023-06-27T08:28:00,1687854420,90.46,15.29,0.2400000000000091,0.0,2004.26,9863.25,-0.41000000000008185,0.0
UNHCR_LAGOS_OFFICE_DG1_and_DG2_1687854480,2023-06-27T08:28:00,2023-06-27T08:29:00,1687854480,90.23,15.29,0.22999999999998977,0.0,2004.28,9863.25,-0.43000000000006366,0.0
UNHCR_LAGOS_OFFICE_DG1_and_DG2_1687854540,2023-06-27T08:29:00,2023-06-27T08:30:00,1687854540,90.0,15.29,0.23000000000000398,0.0,2004.3,9863.25,-0.4500000000000455,0.0
UNHCR_LAGOS_OFFICE_DG1_and_DG2_1687854600,2023-06-27T08:30:00,2023-06-27T08:31:00,1687854600,90.0,15.29,0.0,0.0,2004.32,9863.25,-0.4700000000000273,0.0
UNHCR_LAGOS_OFFICE_DG1_and_DG2_1687854660,2023-06-27T08:31:00,2023-06-27T08:32:00,1687854660,90.0,15.29,0.0,0.0,2004.33,9863.25,-0.4800000000000182,0.0
UNHCR_LAGOS_OFFICE_DG1_and_DG2_1687854720,2023-06-27T08:32:00,2023-06-27T08:33:00,1687854720,89.77,15.29,0.23000000000000398,0.0,2004.35,9863.25,-0.5,0.0
UNHCR_LAGOS_OFFICE_DG1_and_DG2_1687854780,2023-06-27T08:33:00,2023-06-27T08:34:00,1687854780,89.77,15.29,0.0,0.0,2004.36,9863.25,-0.5099999999999909,0.0
UNHCR_LAGOS_OFFICE_DG1_and_DG2_1687854840,2023-06-27T08:34:00,2023-06-27T08:35:00,1687854840,89.77,15.29,0.0,0.0,2004.38,9863.25,-0.5300000000002001,0.0
UNHCR_LAGOS_OFFICE_DG1_and_DG2_1687854900,2023-06-27T08:35:00,2023-06-27T08:36:00,1687854900,89.54,15.29,0.22999999999998977,0.0,2004.4,9863.25,-0.5500000000001819,0.0
UNHCR_LAGOS_OFFICE_DG1_and_DG2_1687854960,2023-06-27T08:36:00,2023-06-27T08:37:00,1687854960,89.54,15.29,0.0,0.0,2004.42,9863.25,-0.5700000000001637,0.0
UNHCR_LAGOS_OFFICE_DG1_and_DG2_1687855020,2023-06-27T08:37:00,2023-06-27T08:38:00,1687855020,89.3,15.29,0.2400000000000091,0.0,2004.43,9863.25,-0.5800000000001546,0.0
UNHCR_LAGOS_OFFICE_DG1_and_DG2_1687855080,2023-06-27T08:38:00,2023-06-27T08:39:00,1687855080,89.07,15.29,0.23000000000000398,0.0,2004.45,9863.25,-0.6000000000001364,0.0
UNHCR_LAGOS_OFFICE_DG1_and_DG2_1687855140,2023-06-27T08:39:00,2023-06-27T08:40:00,1687855140,89.07,15.29,0.0,0.0,2004.46,9863.25,-0.6100000000001273,0.0
UNHCR_LAGOS_OFFICE_DG1_and_DG2_1687855200,2023-06-27T08:40:00,2023-06-27T08:41:00,1687855200,89.07,15.29,0.0,0.0,2004.48,9863.25,-0.6300000000001091,0.0
UNHCR_LAGOS_OFFICE_DG1_and_DG2_1687855260,2023-06-27T08:41:00,2023-06-27T08:42:00,1687855260,89.07,15.29,0.0,0.0,2004.5,9863.25,-0.650000000000091,0.0
UNHCR_LAGOS_OFFICE_DG1_and_DG2_1687855320,2023-06-27T08:42:00,2023-06-27T08:43:00,1687855320,89.07,15.29,0.0,0.0,2004.5,9863.25,-0.650000000000091,0.0
UNHCR_LAGOS_OFFICE_DG1_and_DG2_1687855380,2023-06-27T08:43:00,2023-06-27T08:44:00,1687855380,89.07,15.29,0.0,0.0,2004.5,9863.25,-0.650000000000091,0.0
UNHCR_LAGOS_OFFICE_DG1_and_DG2_1687855440,2023-06-27T08:44:00,2023-06-27T08:45:00,1687855440,89.07,15.29,0.0,0.0,2004.5,9863.25,-0.650000000000091,0.0
UNHCR_LAGOS_OFFICE_DG1_and_DG2_1687855500,2023-06-27T08:45:00,2023-06-27T08:46:00,1687855500,89.07,15.29,0.0,0.0,2004.5,9863.25,-0.650000000000091,0.0
UNHCR_LAGOS_OFFICE_DG1_and_DG2_1687855560,2023-06-27T08:46:00,2023-06-27T08:47:00,1687855560,89.07,15.29,0.0,0.0,2004.5,9863.25,-0.650000000000091,0.0
UNHCR_LAGOS_OFFICE_DG1_and_DG2_1687855620,2023-06-27T08:47:00,2023-06-27T08:48:00,1687855620,89.07,15.29,0.0,0.0,2004.5,9863.25,-0.650000000000091,0.0
UNHCR_LAGOS_OFFICE_DG1_and_DG2_1687855680,2023-06-27T08:48:00,2023-06-27T08:49:00,1687855680,89.07,15.29,0.0,0.0,2004.5,9863.25,-0.650000000000091,0.0
UNHCR_LAGOS_OFFICE_DG1_and_DG2_1687855740,2023-06-27T08:49:00,2023-06-27T08:50:00,1687855740,89.07,15.29,0.0,0.0,2004.5,9863.25,-0.650000000000091,0.0
UNHCR_LAGOS_OFFICE_DG1_and_DG2_1687855800,2023-06-27T08:50:00,2023-06-27T08:51:00,1687855800,89.07,15.29,0.0,0.0,2004.5,9863.25,-0.650000000000091,0.0
UNHCR_LAGOS_OFFICE_DG1_and_DG2_1687855860,2023-06-27T08:51:00,2023-06-27T08:52:00,1687855860,89.07,15.29,0.0,0.0,2004.5,9863.25,-0.650000000000091,0.0
UNHCR_LAGOS_OFFICE_DG1_and_DG2_1687855920,2023-06-27T08:52:00,2023-06-27T08:53:00,1687855920,89.07,15.29,0.0,0.0,2004.5,9863.25,-0.650000000000091,0.0
UNHCR_LAGOS_OFFICE_DG1_and_DG2_1687855980,2023-06-27T08:53:00,2023-06-27T08:54:00,1687855980,89.07,15.29,0.0,0.0,2004.5,9863.25,-0.650000000000091,0.0
UNHCR_LAGOS_OFFICE_DG1_and_DG2_1687856040,2023-06-27T08:54:00,2023-06-27T08:55:00,1687856040,89.07,15.29,0.0,0.0,2004.5,9863.25,-0.650000000000091,0.0
UNHCR_LAGOS_OFFICE_DG1_and_DG2_1687856100,2023-06-27T08:55:00,2023-06-27T08:56:00,1687856100,89.07,15.29,0.0,0.0,2004.5,9863.25,-0.650000000000091,0.0
UNHCR_LAGOS_OFFICE_DG1_and_DG2_1687856160,2023-06-27T08:56:00,2023-06-27T08:57:00,1687856160,89.07,15.29,0.0,0.0,2004.5,9863.25,-0.650000000000091,0.0
UNHCR_LAGOS_OFFICE_DG1_and_DG2_1687856220,2023-06-27T08:57:00,2023-06-27T08:58:00,1687856220,89.07,15.29,0.0,0.0,2004.5,9863.25,-0.650000000000091,0.0
UNHCR_LAGOS_OFFICE_DG1_and_DG2_1687856280,2023-06-27T08:58:00,2023-06-27T08:59:00,1687856280,89.07,15.29,0.0,0.0,2004.5,9863.25,-0.650000000000091,0.0
UNHCR_LAGOS_OFFICE_DG1_and_DG2_1687856340,2023-06-27T08:59:00,2023-06-27T09:00:00,1687856340,89.07,15.29,0.0,0.0,2004.5,9863.25,-0.650000000000091,0.0
UNHCR_LAGOS_OFFICE_DG1_and_DG2_1687856400,2023-06-27T09:00:00,2023-06-27T09:01:00,1687856400,89.07,15.29,0.0,0.0,2004.5,9863.25,-0.650000000000091,0.0
UNHCR_LAGOS_OFFICE_DG1_and_DG2_1687856460,2023-06-27T09:01:00,2023-06-27T09:02:00,1687856460,89.07,15.29,0.0,0.0,2004.5,9863.25,-0.650000000000091,0.0
UNHCR_LAGOS_OFFICE_DG1_and_DG2_1687856520,2023-06-27T09:02:00,2023-06-27T09:03:00,1687856520,89.07,15.29,0.0,0.0,2004.5,9863.25,-0.650000000000091,0.0
UNHCR_LAGOS_OFFICE_DG1_and_DG2_1687856580,2023-06-27T09:03:00,2023-06-27T09:04:00,1687856580,89.07,15.29,0.0,0.0,2004.5,9863.25,-0.650000000000091,0.0
UNHCR_LAGOS_OFFICE_DG1_and_DG2_1687856640,2023-06-27T09:04:00,2023-06-27T09:05:00,1687856640,89.07,15.29,0.0,0.0,2004.5,9863.25,-0.650000000000091,0.0
UNHCR_LAGOS_OFFICE_DG1_and_DG2_1687856700,2023-06-27T09:05:00,2023-06-27T09:06:00,1687856700,89.07,15.29,0.0,0.0,2004.5,9863.25,-0.650000000000091,0.0
UNHCR_LAGOS_OFFICE_DG1_and_DG2_1687856760,2023-06-27T09:06:00,2023-06-27T09:07:00,1687856760,89.07,15.29,0.0,0.0,2004.5,9863.25,-0.650000000000091,0.0
UNHCR_LAGOS_OFFICE_DG1_and_DG2_1687856820,2023-06-27T09:07:00,2023-06-27T09:08:00,1687856820,89.07,15.29,0.0,0.0,2004.5,9863.25,-0.650000000000091,0.0
UNHCR_LAGOS_OFFICE_DG1_and_DG2_1687856880,2023-06-27T09:08:00,2023-06-27T09:09:00,1687856880,89.07,15.29,0.0,0.0,2004.5,9863.25,-0.650000000000091,0.0
UNHCR_LAGOS_OFFICE_DG1_and_DG2_1687856940,2023-06-27T09:09:00,2023-06-27T09:10:00,1687856940,89.07,15.29,0.0,0.0,2004.5,9863.25,-0.650000000000091,0.0
UNHCR_LAGOS_OFFICE_DG1_and_DG2_1687857000,2023-06-27T09:10:00,2023-06-27T09:11:00,1687857000,89.07,15.29,0.0,0.0,2004.5,9863.25,-0.650000000000091,0.0
UNHCR_LAGOS_OFFICE_DG1_and_DG2_1687857060,2023-06-27T09:11:00,2023-06-27T09:12:00,1687857060,89.07,15.29,0.0,0.0,2004.5,9863.25,-0.650000000000091,0.0
UNHCR_LAGOS_OFFICE_DG1_and_DG2_1687857120,2023-06-27T09:12:00,2023-06-27T09:13:00,1687857120,89.07,15.29,0.0,0.0,2004.5,9863.25,-0.650000000000091,0.0
UNHCR_LAGOS_OFFICE_DG1_and_DG2_1687857180,2023-06-27T09:13:00,2023-06-27T09:14:00,1687857180,89.07,15.29,0.0,0.0,2004.52,9863.25,-0.6700000000000728,0.0
UNHCR_LAGOS_OFFICE_DG1_and_DG2_1687857240,2023-06-27T09:14:00,2023-06-27T09:15:00,1687857240,89.07,15.29,0.0,0.0,2004.53,9863.25,-0.6800000000000637,0.0
UNHCR_LAGOS_OFFICE_DG1_and_DG2_1687857300,2023-06-27T09:15:00,2023-06-27T09:16:00,1687857300,89.07,15.29,0.0,0.0,2004.55,9863.25,-0.7000000000000455,0.0
UNHCR_LAGOS_OFFICE_DG1_and_DG2_1687857360,2023-06-27T09:16:00,2023-06-27T09:17:00,1687857360,89.07,15.29,0.0,0.0,2004.57,9863.25,-0.7200000000000273,0.0
UNHCR_LAGOS_OFFICE_DG1_and_DG2_1687857420,2023-06-27T09:17:00,2023-06-27T09:18:00,1687857420,88.84,15.29,0.22999999999998977,0.0,2004.58,9863.25,-0.7300000000000182,0.0
UNHCR_LAGOS_OFFICE_DG1_and_DG2_1687857480,2023-06-27T09:18:00,2023-06-27T09:19:00,1687857480,88.61,15.29,0.23000000000000398,0.0,2004.6,9863.25,-0.75,0.0
UNHCR_LAGOS_OFFICE_DG1_and_DG2_1687857540,2023-06-27T09:19:00,2023-06-27T09:20:00,1687857540,88.38,15.29,0.23000000000000398,0.0,2004.62,9863.25,-0.7699999999999818,0.0
UNHCR_LAGOS_OFFICE_DG1_and_DG2_1687857600,2023-06-27T09:20:00,2023-06-27T09:21:00,1687857600,88.14,15.29,0.23999999999999488,0.0,2004.63,9863.25,-0.7800000000002001,0.0
UNHCR_LAGOS_OFFICE_DG1_and_DG2_1687857660,2023-06-27T09:21:00,2023-06-27T09:22:00,1687857660,88.14,15.29,0.0,0.0,2004.65,9863.25,-0.8000000000001819,0.0
UNHCR_LAGOS_OFFICE_DG1_and_DG2_1687857720,2023-06-27T09:22:00,2023-06-27T09:23:00,1687857720,88.14,15.29,0.0,0.0,2004.67,9863.25,-0.8200000000001637,0.0
UNHCR_LAGOS_OFFICE_DG1_and_DG2_1687857780,2023-06-27T09:23:00,2023-06-27T09:24:00,1687857780,87.91,15.29,0.23000000000000398,0.0,2004.68,9863.25,-0.8300000000001546,0.0
UNHCR_LAGOS_OFFICE_DG1_and_DG2_1687857840,2023-06-27T09:24:00,2023-06-27T09:25:00,1687857840,87.68,15.29,0.22999999999998977,0.0,2004.7,9863.25,-0.8500000000001364,0.0
UNHCR_LAGOS_OFFICE_DG1_and_DG2_1687857900,2023-06-27T09:25:00,2023-06-27T09:26:00,1687857900,87.68,15.29,0.0,0.0,2004.72,9863.25,-0.8700000000001182,0.0
UNHCR_LAGOS_OFFICE_DG1_and_DG2_1687857960,2023-06-27T09:26:00,2023-06-27T09:27:00,1687857960,87.45,15.29,0.23000000000000398,0.0,2004.73,9863.25,-0.8800000000001091,0.0
UNHCR_LAGOS_OFFICE_DG1_and_DG2_1687858020,2023-06-27T09:27:00,2023-06-27T09:28:00,1687858020,87.45,15.29,0.0,0.0,2004.75,9863.25,-0.900000000000091,0.0
UNHCR_LAGOS_OFFICE_DG1_and_DG2_1687858080,2023-06-27T09:28:00,2023-06-27T09:29:00,1687858080,87.45,15.29,0.0,0.0,2004.77,9863.25,-0.9200000000000728,0.0
UNHCR_LAGOS_OFFICE_DG1_and_DG2_1687858140,2023-06-27T09:29:00,2023-06-27T09:30:00,1687858140,87.22,15.29,0.23000000000000398,0.0,2004.78,9863.25,-0.9300000000000637,0.0
UNHCR_LAGOS_OFFICE_DG1_and_DG2_1687858200,2023-06-27T09:30:00,2023-06-27T09:31:00,1687858200,86.99,15.29,0.23000000000000398,0.0,2004.8,9863.25,-0.9500000000000455,0.0
UNHCR_LAGOS_OFFICE_DG1_and_DG2_1687858260,2023-06-27T09:31:00,2023-06-27T09:32:00,1687858260,86.99,15.29,0.0,0.0,2004.82,9863.25,-0.9700000000000273,0.0
UNHCR_LAGOS_OFFICE_DG1_and_DG2_1687858320,2023-06-27T09:32:00,2023-06-27T09:33:00,1687858320,86.75,15.29,0.23999999999999488,0.0,2004.83,9863.25,-0.9800000000000182,0.0
UNHCR_LAGOS_OFFICE_DG1_and_DG2_1687858380,2023-06-27T09:33:00,2023-06-27T09:34:00,1687858380,86.52,15.29,0.23000000000000398,0.0,2004.85,9863.25,-1.0,0.0
UNHCR_LAGOS_OFFICE_DG1_and_DG2_1687858440,2023-06-27T09:34:00,2023-06-27T09:35:00,1687858440,86.52,15.29,0.0,0.0,2004.87,9863.25,-1.0199999999999818,0.0
UNHCR_LAGOS_OFFICE_DG1_and_DG2_1687858500,2023-06-27T09:35:00,2023-06-27T09:36:00,1687858500,86.29,15.29,0.22999999999998977,0.0,2004.88,9863.25,-1.0300000000002,0.0
UNHCR_LAGOS_OFFICE_DG1_and_DG2_1687858560,2023-06-27T09:36:00,2023-06-27T09:37:00,1687858560,86.29,15.29,0.0,0.0,2004.9,9863.25,-1.050000000000182,0.0
UNHCR_LAGOS_OFFICE_DG1_and_DG2_1687858620,2023-06-27T09:37:00,2023-06-27T09:38:00,1687858620,86.29,15.29,0.0,0.0,2004.92,9863.25,-1.0700000000001637,0.0
UNHCR_LAGOS_OFFICE_DG1_and_DG2_1687858680,2023-06-27T09:38:00,2023-06-27T09:39:00,1687858680,86.06,15.29,0.23000000000000398,0.0,2004.93,9863.25,-1.0800000000001546,0.0
UNHCR_LAGOS_OFFICE_DG1_and_DG2_1687858740,2023-06-27T09:39:00,2023-06-27T09:40:00,1687858740,85.83,15.29,0.23000000000000398,0.0,2004.95,9863.25,-1.1000000000001364,0.0
UNHCR_LAGOS_OFFICE_DG1_and_DG2_1687858800,2023-06-27T09:40:00,2023-06-27T09:41:00,1687858800,85.59,15.29,0.23999999999999488,0.0,2004.97,9863.25,-1.1200000000001182,0.0
UNHCR_LAGOS_OFFICE_DG1_and_DG2_1687858860,2023-06-27T09:41:00,2023-06-27T09:42:00,1687858860,85.36,15.29,0.23000000000000398,0.0,2004.98,9863.25,-1.1300000000001091,0.0
UNHCR_LAGOS_OFFICE_DG1_and_DG2_1687858920,2023-06-27T09:42:00,2023-06-27T09:43:00,1687858920,85.36,15.29,0.0,0.0,2005.0,9863.25,-1.150000000000091,0.0
UNHCR_LAGOS_OFFICE_DG1_and_DG2_1687858980,2023-06-27T09:43:00,2023-06-27T09:44:00,1687858980,85.36,15.29,0.0,0.0,2005.02,9863.25,-1.1700000000000728,0.0
UNHCR_LAGOS_OFFICE_DG1_and_DG2_1687859040,2023-06-27T09:44:00,2023-06-27T09:45:00,1687859040,85.36,15.29,0.0,0.0,2005.03,9863.25,-1.1800000000000637,0.0
UNHCR_LAGOS_OFFICE_DG1_and_DG2_1687859100,2023-06-27T09:45:00,2023-06-27T09:46:00,1687859100,85.36,15.29,0.0,0.0,2005.05,9863.25,-1.2000000000000455,0.0
UNHCR_LAGOS_OFFICE_DG1_and_DG2_1687859160,2023-06-27T09:46:00,2023-06-27T09:47:00,1687859160,85.13,15.29,0.23000000000000398,0.0,2005.07,9863.25,-1.2200000000000273,0.0
UNHCR_LAGOS_OFFICE_DG1_and_DG2_1687859220,2023-06-27T09:47:00,2023-06-27T09:48:00,1687859220,84.9,15.29,0.22999999999998977,0.0,2005.08,9863.25,-1.2300000000000182,0.0
UNHCR_LAGOS_OFFICE_DG1_and_DG2_1687859280,2023-06-27T09:48:00,2023-06-27T09:49:00,1687859280,84.67,15.29,0.23000000000000398,0.0,2005.1,9863.25,-1.25,0.0
UNHCR_LAGOS_OFFICE_DG1_and_DG2_1687859340,2023-06-27T09:49:00,2023-06-27T09:50:00,1687859340,84.43,15.29,0.23999999999999488,0.0,2005.12,9863.25,-1.2699999999999818,0.0
UNHCR_LAGOS_OFFICE_DG1_and_DG2_1687859400,2023-06-27T09:50:00,2023-06-27T09:51:00,1687859400,84.43,15.29,0.0,0.0,2005.13,9863.25,-1.2800000000002,0.0
UNHCR_LAGOS_OFFICE_DG1_and_DG2_1687859460,2023-06-27T09:51:00,2023-06-27T09:52:00,1687859460,84.43,15.29,0.0,0.0,2005.15,9863.25,-1.300000000000182,0.0
UNHCR_LAGOS_OFFICE_DG1_and_DG2_1687859520,2023-06-27T09:52:00,2023-06-27T09:53:00,1687859520,84.2,15.29,0.23000000000000398,0.0,2005.17,9863.25,-1.3200000000001637,0.0
UNHCR_LAGOS_OFFICE_DG1_and_DG2_1687859580,2023-06-27T09:53:00,2023-06-27T09:54:00,1687859580,83.97,15.29,0.23000000000000398,0.0,2005.18,9863.25,-1.3300000000001546,0.0
UNHCR_LAGOS_OFFICE_DG1_and_DG2_1687859640,2023-06-27T09:54:00,2023-06-27T09:55:00,1687859640,83.74,15.29,0.23000000000000398,0.0,2005.2,9863.25,-1.3500000000001364,0.0
UNHCR_LAGOS_OFFICE_DG1_and_DG2_1687859700,2023-06-27T09:55:00,2023-06-27T09:56:00,1687859700,83.51,15.29,0.22999999999998977,0.0,2005.22,9863.25,-1.3700000000001182,0.0
UNHCR_LAGOS_OFFICE_DG1_and_DG2_1687859760,2023-06-27T09:56:00,2023-06-27T09:57:00,1687859760,83.51,15.29,0.0,0.0,2005.23,9863.25,-1.3800000000001091,0.0
UNHCR_LAGOS_OFFICE_DG1_and_DG2_1687859820,2023-06-27T09:57:00,2023-06-27T09:58:00,1687859820,83.51,15.29,0.0,0.0,2005.25,9863.25,-1.400000000000091,0.0
UNHCR_LAGOS_OFFICE_DG1_and_DG2_1687859880,2023-06-27T09:58:00,2023-06-27T09:59:00,1687859880,83.51,15.29,0.0,0.0,2005.27,9863.25,-1.4200000000000728,0.0
UNHCR_LAGOS_OFFICE_DG1_and_DG2_1687859940,2023-06-27T09:59:00,2023-06-27T10:00:00,1687859940,83.28,15.29,0.23000000000000398,0.0,2005.28,9863.25,-1.4300000000000637,0.0
UNHCR_LAGOS_OFFICE_DG1_and_DG2_1687860000,2023-06-27T10:00:00,2023-06-27T10:01:00,1687860000,83.04,15.29,0.23999999999999488,0.0,2005.3,9863.25,-1.4500000000000455,0.0
UNHCR_LAGOS_OFFICE_DG1_and_DG2_1687860060,2023-06-27T10:01:00,2023-06-27T10:02:00,1687860060,83.04,15.29,0.0,0.0,2005.32,9863.25,-1.4700000000000273,0.0
UNHCR_LAGOS_OFFICE_DG1_and_DG2_1687860120,2023-06-27T10:02:00,2023-06-27T10:03:00,1687860120,82.81,15.29,0.23000000000000398,0.0,2005.33,9863.25,-1.4800000000000182,0.0
UNHCR_LAGOS_OFFICE_DG1_and_DG2_1687860180,2023-06-27T10:03:00,2023-06-27T10:04:00,1687860180,82.81,15.29,0.0,0.0,2005.35,9863.25,-1.5,0.0
UNHCR_LAGOS_OFFICE_DG1_and_DG2_1687860240,2023-06-27T10:04:00,2023-06-27T10:05:00,1687860240,82.81,15.29,0.0,0.0,2005.37,9863.25,-1.5199999999999818,0.0
UNHCR_LAGOS_OFFICE_DG1_and_DG2_1687860300,2023-06-27T10:05:00,2023-06-27T10:06:00,1687860300,82.58,15.29,0.23000000000000398,0.0,2005.38,9863.25,-1.5300000000002,0.0
UNHCR_LAGOS_OFFICE_DG1_and_DG2_1687860360,2023-06-27T10:06:00,2023-06-27T10:07:00,1687860360,82.58,15.29,0.0,0.0,2005.4,9863.25,-1.550000000000182,0.0
UNHCR_LAGOS_OFFICE_DG1_and_DG2_1687860420,2023-06-27T10:07:00,2023-06-27T10:08:00,1687860420,82.35,15.29,0.23000000000000398,0.0,2005.42,9863.25,-1.5700000000001637,0.0
UNHCR_LAGOS_OFFICE_DG1_and_DG2_1687860480,2023-06-27T10:08:00,2023-06-27T10:09:00,1687860480,82.35,15.29,0.0,0.0,2005.43,9863.25,-1.5800000000001546,0.0
UNHCR_LAGOS_OFFICE_DG1_and_DG2_1687860540,2023-06-27T10:09:00,2023-06-27T10:10:00,1687860540,82.12,15.29,0.22999999999998977,0.0,2005.45,9863.25,-1.6000000000001364,0.0
UNHCR_LAGOS_OFFICE_DG1_and_DG2_1687860600,2023-06-27T10:10:00,2023-06-27T10:11:00,1687860600,81.88,15.29,0.2400000000000091,0.0,2005.47,9863.25,-1.6200000000001182,0.0
UNHCR_LAGOS_OFFICE_DG1_and_DG2_1687860660,2023-06-27T10:11:00,2023-06-27T10:12:00,1687860660,81.88,15.29,0.0,0.0,2005.48,9863.25,-1.6300000000001091,0.0
UNHCR_LAGOS_OFFICE_DG1_and_DG2_1687860720,2023-06-27T10:12:00,2023-06-27T10:13:00,1687860720,81.65,15.29,0.22999999999998977,0.0,2005.5,9863.25,-1.650000000000091,0.0
UNHCR_LAGOS_OFFICE_DG1_and_DG2_1687860780,2023-06-27T10:13:00,2023-06-27T10:14:00,1687860780,81.65,15.29,0.0,0.0,2005.52,9863.25,-1.6700000000000728,0.0
UNHCR_LAGOS_OFFICE_DG1_and_DG2_1687860840,2023-06-27T10:14:00,2023-06-27T10:15:00,1687860840,81.65,15.29,0.0,0.0,2005.52,9863.25,-1.6700000000000728,0.0
UNHCR_LAGOS_OFFICE_DG1_and_DG2_1687860900,2023-06-27T10:15:00,2023-06-27T10:16:00,1687860900,81.65,15.29,0.0,0.0,2005.52,9863.25,-1.6700000000000728,0.0
UNHCR_LAGOS_OFFICE_DG1_and_DG2_1687860960,2023-06-27T10:16:00,2023-06-27T10:17:00,1687860960,81.65,15.29,0.0,0.0,2005.52,9863.25,-1.6700000000000728,0.0
UNHCR_LAGOS_OFFICE_DG1_and_DG2_1687861020,2023-06-27T10:17:00,2023-06-27T10:18:00,1687861020,81.65,15.29,0.0,0.0,2005.52,9863.25,-1.6700000000000728,0.0
UNHCR_LAGOS_OFFICE_DG1_and_DG2_1687861080,2023-06-27T10:18:00,2023-06-27T10:19:00,1687861080,81.65,15.29,0.0,0.0,2005.52,9863.25,-1.6700000000000728,0.0
UNHCR_LAGOS_OFFICE_DG1_and_DG2_1687861140,2023-06-27T10:19:00,2023-06-27T10:20:00,1687861140,81.65,15.29,0.0,0.0,2005.52,9863.25,-1.6700000000000728,0.0
UNHCR_LAGOS_OFFICE_DG1_and_DG2_1687861200,2023-06-27T10:20:00,2023-06-27T10:21:00,1687861200,81.65,15.29,0.0,0.0,2005.52,9863.25,-1.6700000000000728,0.0
UNHCR_LAGOS_OFFICE_DG1_and_DG2_1687861260,2023-06-27T10:21:00,2023-06-27T10:22:00,1687861260,81.65,15.29,0.0,0.0,2005.52,9863.25,-1.6700000000000728,0.0
UNHCR_LAGOS_OFFICE_DG1_and_DG2_1687861320,2023-06-27T10:22:00,2023-06-27T10:23:00,1687861320,81.65,15.29,0.0,0.0,2005.52,9863.25,-1.6700000000000728,0.0
UNHCR_LAGOS_OFFICE_DG1_and_DG2_1687861380,2023-06-27T10:23:00,2023-06-27T10:24:00,1687861380,81.65,15.29,0.0,0.0,2005.52,9863.25,-1.6700000000000728,0.0
UNHCR_LAGOS_OFFICE_DG1_and_DG2_1687861440,2023-06-27T10:24:00,2023-06-27T10:25:00,1687861440,81.65,15.29,0.0,0.0,2005.52,9863.25,-1.6700000000000728,0.0
UNHCR_LAGOS_OFFICE_DG1_and_DG2_1687861500,2023-06-27T10:25:00,2023-06-27T10:26:00,1687861500,81.65,15.29,0.0,0.0,2005.52,9863.25,-1.6700000000000728,0.0
UNHCR_LAGOS_OFFICE_DG1_and_DG2_1687861560,2023-06-27T10:26:00,2023-06-27T10:27:00,1687861560,81.65,15.29,0.0,0.0,2005.52,9863.25,-1.6700000000000728,0.0
UNHCR_LAGOS_OFFICE_DG1_and_DG2_1687861620,2023-06-27T10:27:00,2023-06-27T10:28:00,1687861620,81.65,15.29,0.0,0.0,2005.52,9863.25,-1.6700000000000728,0.0
UNHCR_LAGOS_OFFICE_DG1_and_DG2_1687861680,2023-06-27T10:28:00,2023-06-27T10:29:00,1687861680,81.65,15.29,0.0,0.0,2005.52,9863.25,-1.6700000000000728,0.0
UNHCR_LAGOS_OFFICE_DG1_and_DG2_1687861740,2023-06-27T10:29:00,2023-06-27T10:30:00,1687861740,81.65,15.29,0.0,0.0,2005.52,9863.25,-1.6700000000000728,0.0
UNHCR_LAGOS_OFFICE_DG1_and_DG2_1687861800,2023-06-27T10:30:00,2023-06-27T10:31:00,1687861800,81.65,15.29,0.0,0.0,2005.53,9863.25,-1.6800000000000637,0.0
UNHCR_LAGOS_OFFICE_DG1_and_DG2_1687861860,2023-06-27T10:31:00,2023-06-27T10:32:00,1687861860,81.65,15.29,0.0,0.0,2005.55,9863.25,-1.7000000000000455,0.0
UNHCR_LAGOS_OFFICE_DG1_and_DG2_1687861920,2023-06-27T10:32:00,2023-06-27T10:33:00,1687861920,81.65,15.29,0.0,0.0,2005.56,9863.25,-1.7100000000000364,0.0
UNHCR_LAGOS_OFFICE_DG1_and_DG2_1687861980,2023-06-27T10:33:00,2023-06-27T10:34:00,1687861980,81.65,15.29,0.0,0.0,2005.56,9863.25,-1.7100000000000364,0.0
UNHCR_LAGOS_OFFICE_DG1_and_DG2_1687862040,2023-06-27T10:34:00,2023-06-27T10:35:00,1687862040,81.65,15.29,0.0,0.0,2005.56,9863.25,-1.7100000000000364,0.0
UNHCR_LAGOS_OFFICE_DG1_and_DG2_1687862100,2023-06-27T10:35:00,2023-06-27T10:36:00,1687862100,81.65,15.29,0.0,0.0,2005.56,9863.25,-1.7100000000000364,0.0
UNHCR_LAGOS_OFFICE_DG1_and_DG2_1687862160,2023-06-27T10:36:00,2023-06-27T10:37:00,1687862160,81.65,15.29,0.0,0.0,2005.56,9863.25,-1.7100000000000364,0.0
UNHCR_LAGOS_OFFICE_DG1_and_DG2_1687862220,2023-06-27T10:37:00,2023-06-27T10:38:00,1687862220,81.65,15.29,0.0,0.0,2005.56,9863.25,-1.7100000000000364,0.0
UNHCR_LAGOS_OFFICE_DG1_and_DG2_1687862280,2023-06-27T10:38:00,2023-06-27T10:39:00,1687862280,81.65,15.29,0.0,0.0,2005.56,9863.25,-1.7100000000000364,0.0
UNHCR_LAGOS_OFFICE_DG1_and_DG2_1687862340,2023-06-27T10:39:00,2023-06-27T10:40:00,1687862340,81.65,15.29,0.0,0.0,2005.56,9863.25,-1.7100000000000364,0.0
UNHCR_LAGOS_OFFICE_DG1_and_DG2_1687862400,2023-06-27T10:40:00,2023-06-27T10:41:00,1687862400,81.65,15.29,0.0,0.0,2005.56,9863.25,-1.7100000000000364,0.0
UNHCR_LAGOS_OFFICE_DG1_and_DG2_1687862460,2023-06-27T10:41:00,2023-06-27T10:42:00,1687862460,81.65,15.29,0.0,0.0,2005.56,9863.25,-1.7100000000000364,0.0
UNHCR_LAGOS_OFFICE_DG1_and_DG2_1687862520,2023-06-27T10:42:00,2023-06-27T10:43:00,1687862520,81.65,15.29,0.0,0.0,2005.56,9863.25,-1.7100000000000364,0.0
UNHCR_LAGOS_OFFICE_DG1_and_DG2_1687862580,2023-06-27T10:43:00,2023-06-27T10:44:00,1687862580,81.65,15.29,0.0,0.0,2005.56,9863.25,-1.7100000000000364,0.0
UNHCR_LAGOS_OFFICE_DG1_and_DG2_1687862640,2023-06-27T10:44:00,2023-06-27T10:45:00,1687862640,81.65,15.29,0.0,0.0,2005.56,9863.25,-1.7100000000000364,0.0
UNHCR_LAGOS_OFFICE_DG1_and_DG2_1687862700,2023-06-27T10:45:00,2023-06-27T10:46:00,1687862700,81.65,15.29,0.0,0.0,2005.56,9863.25,-1.7100000000000364,0.0
UNHCR_LAGOS_OFFICE_DG1_and_DG2_1687862760,2023-06-27T10:46:00,2023-06-27T10:47:00,1687862760,81.65,15.29,0.0,0.0,2005.56,9863.25,-1.7100000000000364,0.0
UNHCR_LAGOS_OFFICE_DG1_and_DG2_1687862820,2023-06-27T10:47:00,2023-06-27T10:48:00,1687862820,81.65,15.29,0.0,0.0,2005.56,9863.25,-1.7100000000000364,0.0
UNHCR_LAGOS_OFFICE_DG1_and_DG2_1687862880,2023-06-27T10:48:00,2023-06-27T10:49:00,1687862880,81.65,15.29,0.0,0.0,2005.56,9863.25,-1.7100000000000364,0.0
UNHCR_LAGOS_OFFICE_DG1_and_DG2_1687862940,2023-06-27T10:49:00,2023-06-27T10:50:00,1687862940,81.65,15.29,0.0,0.0,2005.56,9863.25,-1.7100000000000364,0.0
UNHCR_LAGOS_OFFICE_DG1_and_DG2_1687863000,2023-06-27T10:50:00,2023-06-27T10:51:00,1687863000,81.65,15.29,0.0,0.0,2005.56,9863.25,-1.7100000000000364,0.0
UNHCR_LAGOS_OFFICE_DG1_and_DG2_1687863060,2023-06-27T10:51:00,2023-06-27T10:52:00,1687863060,81.65,15.29,0.0,0.0,2005.56,9863.25,-1.7100000000000364,0.0
UNHCR_LAGOS_OFFICE_DG1_and_DG2_1687863120,2023-06-27T10:52:00,2023-06-27T10:53:00,1687863120,81.65,15.29,0.0,0.0,2005.56,9863.25,-1.7100000000000364,0.0
UNHCR_LAGOS_OFFICE_DG1_and_DG2_1687863180,2023-06-27T10:53:00,2023-06-27T10:54:00,1687863180,81.65,15.29,0.0,0.0,2005.56,9863.25,-1.7100000000000364,0.0
UNHCR_LAGOS_OFFICE_DG1_and_DG2_1687863240,2023-06-27T10:54:00,2023-06-27T10:55:00,1687863240,81.65,15.29,0.0,0.0,2005.56,9863.25,-1.7100000000000364,0.0
UNHCR_LAGOS_OFFICE_DG1_and_DG2_1687863300,2023-06-27T10:55:00,2023-06-27T10:56:00,1687863300,81.65,15.29,0.0,0.0,2005.56,9863.25,-1.7100000000000364,0.0
UNHCR_LAGOS_OFFICE_DG1_and_DG2_1687863360,2023-06-27T10:56:00,2023-06-27T10:57:00,1687863360,81.65,15.29,0.0,0.0,2005.56,9863.25,-1.7100000000000364,0.0
UNHCR_LAGOS_OFFICE_DG1_and_DG2_1687863420,2023-06-27T10:57:00,2023-06-27T10:58:00,1687863420,81.65,15.29,0.0,0.0,2005.56,9863.25,-1.7100000000000364,0.0
UNHCR_LAGOS_OFFICE_DG1_and_DG2_1687863480,2023-06-27T10:58:00,2023-06-27T10:59:00,1687863480,81.65,15.29,0.0,0.0,2005.56,9863.25,-1.7100000000000364,0.0
UNHCR_LAGOS_OFFICE_DG1_and_DG2_1687863540,2023-06-27T10:59:00,2023-06-27T11:00:00,1687863540,81.65,15.29,0.0,0.0,2005.56,9863.25,-1.7100000000000364,0.0
UNHCR_LAGOS_OFFICE_DG1_and_DG2_1687863600,2023-06-27T11:00:00,2023-06-27T11:01:00,1687863600,81.65,15.29,0.0,0.0,2005.56,9863.25,-1.7100000000000364,0.0
UNHCR_LAGOS_OFFICE_DG1_and_DG2_1687863660,2023-06-27T11:01:00,2023-06-27T11:02:00,1687863660,81.65,15.29,0.0,0.0,2005.56,9863.25,-1.7100000000000364,0.0
UNHCR_LAGOS_OFFICE_DG1_and_DG2_1687863720,2023-06-27T11:02:00,2023-06-27T11:03:00,1687863720,81.65,15.29,0.0,0.0,2005.56,9863.25,-1.7100000000000364,0.0
UNHCR_LAGOS_OFFICE_DG1_and_DG2_1687863780,2023-06-27T11:03:00,2023-06-27T11:04:00,1687863780,81.65,15.29,0.0,0.0,2005.56,9863.25,-1.7100000000000364,0.0
UNHCR_LAGOS_OFFICE_DG1_and_DG2_1687863840,2023-06-27T11:04:00,2023-06-27T11:05:00,1687863840,81.65,15.29,0.0,0.0,2005.56,9863.25,-1.7100000000000364,0.0
UNHCR_LAGOS_OFFICE_DG1_and_DG2_1687863900,2023-06-27T11:05:00,2023-06-27T11:06:00,1687863900,81.65,15.29,0.0,0.0,2005.56,9863.25,-1.7100000000000364,0.0
UNHCR_LAGOS_OFFICE_DG1_and_DG2_1687863960,2023-06-27T11:06:00,2023-06-27T11:07:00,1687863960,81.65,15.29,0.0,0.0,2005.56,9863.25,-1.7100000000000364,0.0
UNHCR_LAGOS_OFFICE_DG1_and_DG2_1687864020,2023-06-27T11:07:00,2023-06-27T11:08:00,1687864020,81.65,15.29,0.0,0.0,2005.56,9863.25,-1.7100000000000364,0.0
UNHCR_LAGOS_OFFICE_DG1_and_DG2_1687864080,2023-06-27T11:08:00,2023-06-27T11:09:00,1687864080,81.65,15.29,0.0,0.0,2005.56,9863.25,-1.7100000000000364,0.0
UNHCR_LAGOS_OFFICE_DG1_and_DG2_1687864140,2023-06-27T11:09:00,2023-06-27T11:10:00,1687864140,81.65,15.29,0.0,0.0,2005.56,9863.25,-1.7100000000000364,0.0
UNHCR_LAGOS_OFFICE_DG1_and_DG2_1687864200,2023-06-27T11:10:00,2023-06-27T11:11:00,1687864200,81.65,15.29,0.0,0.0,2005.56,9863.25,-1.7100000000000364,0.0
UNHCR_LAGOS_OFFICE_DG1_and_DG2_1687864260,2023-06-27T11:11:00,2023-06-27T11:12:00,1687864260,81.65,15.29,0.0,0.0,2005.56,9863.25,-1.7100000000000364,0.0
UNHCR_LAGOS_OFFICE_DG1_and_DG2_1687864320,2023-06-27T11:12:00,2023-06-27T11:13:00,1687864320,81.65,15.29,0.0,0.0,2005.56,9863.25,-1.7100000000000364,0.0
UNHCR_LAGOS_OFFICE_DG1_and_DG2_1687864380,2023-06-27T11:13:00,2023-06-27T11:14:00,1687864380,81.65,15.29,0.0,0.0,2005.56,9863.25,-1.7100000000000364,0.0
UNHCR_LAGOS_OFFICE_DG1_and_DG2_1687864440,2023-06-27T11:14:00,2023-06-27T11:15:00,1687864440,81.65,15.29,0.0,0.0,2005.56,9863.25,-1.7100000000000364,0.0
UNHCR_LAGOS_OFFICE_DG1_and_DG2_1687864500,2023-06-27T11:15:00,2023-06-27T11:16:00,1687864500,81.65,15.29,0.0,0.0,2005.56,9863.25,-1.7100000000000364,0.0
UNHCR_LAGOS_OFFICE_DG1_and_DG2_1687864560,2023-06-27T11:16:00,2023-06-27T11:17:00,1687864560,81.65,15.29,0.0,0.0,2005.56,9863.25,-1.7100000000000364,0.0
UNHCR_LAGOS_OFFICE_DG1_and_DG2_1687864620,2023-06-27T11:17:00,2023-06-27T11:18:00,1687864620,81.65,15.29,0.0,0.0,2005.56,9863.25,-1.7100000000000364,0.0
UNHCR_LAGOS_OFFICE_DG1_and_DG2_1687864680,2023-06-27T11:18:00,2023-06-27T11:19:00,1687864680,81.65,15.29,0.0,0.0,2005.56,9863.25,-1.7100000000000364,0.0
UNHCR_LAGOS_OFFICE_DG1_and_DG2_1687864740,2023-06-27T11:19:00,2023-06-27T11:20:00,1687864740,81.65,15.29,0.0,0.0,2005.56,9863.25,-1.7100000000000364,0.0
UNHCR_LAGOS_OFFICE_DG1_and_DG2_1687864800,2023-06-27T11:20:00,2023-06-27T11:21:00,1687864800,81.65,15.29,0.0,0.0,2005.56,9863.25,-1.7100000000000364,0.0
UNHCR_LAGOS_OFFICE_DG1_and_DG2_1687864860,2023-06-27T11:21:00,2023-06-27T11:22:00,1687864860,81.65,15.29,0.0,0.0,2005.56,9863.25,-1.7100000000000364,0.0
UNHCR_LAGOS_OFFICE_DG1_and_DG2_1687864920,2023-06-27T11:22:00,2023-06-27T11:23:00,1687864920,81.65,15.29,0.0,0.0,2005.56,9863.25,-1.7100000000000364,0.0
UNHCR_LAGOS_OFFICE_DG1_and_DG2_1687864980,2023-06-27T11:23:00,2023-06-27T11:24:00,1687864980,81.65,15.29,0.0,0.0,2005.56,9863.25,-1.7100000000000364,0.0
UNHCR_LAGOS_OFFICE_DG1_and_DG2_1687865040,2023-06-27T11:24:00,2023-06-27T11:25:00,1687865040,81.65,15.29,0.0,0.0,2005.56,9863.25,-1.7100000000000364,0.0
UNHCR_LAGOS_OFFICE_DG1_and_DG2_1687865100,2023-06-27T11:25:00,2023-06-27T11:26:00,1687865100,81.65,15.29,0.0,0.0,2005.56,9863.25,-1.7100000000000364,0.0
UNHCR_LAGOS_OFFICE_DG1_and_DG2_1687865160,2023-06-27T11:26:00,2023-06-27T11:27:00,1687865160,81.65,15.29,0.0,0.0,2005.56,9863.25,-1.7100000000000364,0.0
UNHCR_LAGOS_OFFICE_DG1_and_DG2_1687865220,2023-06-27T11:27:00,2023-06-27T11:28:00,1687865220,81.65,15.29,0.0,0.0,2005.56,9863.25,-1.7100000000000364,0.0
UNHCR_LAGOS_OFFICE_DG1_and_DG2_1687865280,2023-06-27T11:28:00,2023-06-27T11:29:00,1687865280,81.65,15.29,0.0,0.0,2005.56,9863.25,-1.7100000000000364,0.0
UNHCR_LAGOS_OFFICE_DG1_and_DG2_1687865340,2023-06-27T11:29:00,2023-06-27T11:30:00,1687865340,81.65,15.29,0.0,0.0,2005.56,9863.25,-1.7100000000000364,0.0
UNHCR_LAGOS_OFFICE_DG1_and_DG2_1687865400,2023-06-27T11:30:00,2023-06-27T11:31:00,1687865400,81.65,15.29,0.0,0.0,2005.56,9863.25,-1.7100000000000364,0.0
UNHCR_LAGOS_OFFICE_DG1_and_DG2_1687865460,2023-06-27T11:31:00,2023-06-27T11:32:00,1687865460,81.65,15.29,0.0,0.0,2005.56,9863.25,-1.7100000000000364,0.0
UNHCR_LAGOS_OFFICE_DG1_and_DG2_1687865520,2023-06-27T11:32:00,2023-06-27T11:33:00,1687865520,81.65,15.29,0.0,0.0,2005.56,9863.25,-1.7100000000000364,0.0
UNHCR_LAGOS_OFFICE_DG1_and_DG2_1687865580,2023-06-27T11:33:00,2023-06-27T11:34:00,1687865580,81.65,15.29,0.0,0.0,2005.56,9863.25,-1.7100000000000364,0.0
UNHCR_LAGOS_OFFICE_DG1_and_DG2_1687865640,2023-06-27T11:34:00,2023-06-27T11:35:00,1687865640,81.65,15.29,0.0,0.0,2005.56,9863.25,-1.7100000000000364,0.0
UNHCR_LAGOS_OFFICE_DG1_and_DG2_1687865700,2023-06-27T11:35:00,2023-06-27T11:36:00,1687865700,81.65,15.29,0.0,0.0,2005.56,9863.25,-1.7100000000000364,0.0
UNHCR_LAGOS_OFFICE_DG1_and_DG2_1687865760,2023-06-27T11:36:00,2023-06-27T11:37:00,1687865760,81.65,15.29,0.0,0.0,2005.56,9863.25,-1.7100000000000364,0.0
UNHCR_LAGOS_OFFICE_DG1_and_DG2_1687865820,2023-06-27T11:37:00,2023-06-27T11:38:00,1687865820,81.65,15.29,0.0,0.0,2005.56,9863.25,-1.7100000000000364,0.0
UNHCR_LAGOS_OFFICE_DG1_and_DG2_1687865880,2023-06-27T11:38:00,2023-06-27T11:39:00,1687865880,81.65,15.29,0.0,0.0,2005.56,9863.25,-1.7100000000000364,0.0
UNHCR_LAGOS_OFFICE_DG1_and_DG2_1687865940,2023-06-27T11:39:00,2023-06-27T11:40:00,1687865940,81.65,15.29,0.0,0.0,2005.56,9863.25,-1.7100000000000364,0.0
UNHCR_LAGOS_OFFICE_DG1_and_DG2_1687866000,2023-06-27T11:40:00,2023-06-27T11:41:00,1687866000,81.65,15.29,0.0,0.0,2005.56,9863.25,-1.7100000000000364,0.0
UNHCR_LAGOS_OFFICE_DG1_and_DG2_1687866060,2023-06-27T11:41:00,2023-06-27T11:42:00,1687866060,81.65,15.29,0.0,0.0,2005.56,9863.25,-1.7100000000000364,0.0
UNHCR_LAGOS_OFFICE_DG1_and_DG2_1687866120,2023-06-27T11:42:00,2023-06-27T11:43:00,1687866120,81.65,15.29,0.0,0.0,2005.56,9863.25,-1.7100000000000364,0.0
UNHCR_LAGOS_OFFICE_DG1_and_DG2_1687866180,2023-06-27T11:43:00,2023-06-27T11:44:00,1687866180,81.65,15.29,0.0,0.0,2005.56,9863.25,-1.7100000000000364,0.0
UNHCR_LAGOS_OFFICE_DG1_and_DG2_1687866240,2023-06-27T11:44:00,2023-06-27T11:45:00,1687866240,81.65,15.29,0.0,0.0,2005.56,9863.25,-1.7100000000000364,0.0
UNHCR_LAGOS_OFFICE_DG1_and_DG2_1687866300,2023-06-27T11:45:00,2023-06-27T11:46:00,1687866300,81.65,15.29,0.0,0.0,2005.56,9863.25,-1.7100000000000364,0.0
UNHCR_LAGOS_OFFICE_DG1_and_DG2_1687866360,2023-06-27T11:46:00,2023-06-27T11:47:00,1687866360,81.65,15.29,0.0,0.0,2005.56,9863.25,-1.7100000000000364,0.0
UNHCR_LAGOS_OFFICE_DG1_and_DG2_1687866420,2023-06-27T11:47:00,2023-06-27T11:48:00,1687866420,81.65,15.29,0.0,0.0,2005.56,9863.25,-1.7100000000000364,0.0
UNHCR_LAGOS_OFFICE_DG1_and_DG2_1687866480,2023-06-27T11:48:00,2023-06-27T11:49:00,1687866480,81.65,15.29,0.0,0.0,2005.56,9863.25,-1.7100000000000364,0.0
UNHCR_LAGOS_OFFICE_DG1_and_DG2_1687866540,2023-06-27T11:49:00,2023-06-27T11:50:00,1687866540,81.65,15.29,0.0,0.0,2005.56,9863.25,-1.7100000000000364,0.0
UNHCR_LAGOS_OFFICE_DG1_and_DG2_1687866600,2023-06-27T11:50:00,2023-06-27T11:51:00,1687866600,81.65,15.29,0.0,0.0,2005.56,9863.25,-1.7100000000000364,0.0
UNHCR_LAGOS_OFFICE_DG1_and_DG2_1687866660,2023-06-27T11:51:00,2023-06-27T11:52:00,1687866660,81.65,15.29,0.0,0.0,2005.56,9863.25,-1.7100000000000364,0.0
UNHCR_LAGOS_OFFICE_DG1_and_DG2_1687866720,2023-06-27T11:52:00,2023-06-27T11:53:00,1687866720,81.65,25.88,0.0,0.0,2005.56,9863.25,-1.7100000000000364,0.0
UNHCR_LAGOS_OFFICE_DG1_and_DG2_1687866780,2023-06-27T11:53:00,2023-06-27T11:54:00,1687866780,81.65,28.53,0.0,0.0,2005.56,9863.25,-1.7100000000000364,0.0
UNHCR_LAGOS_OFFICE_DG1_and_DG2_1687866840,2023-06-27T11:54:00,2023-06-27T11:55:00,1687866840,81.65,55.0,0.0,0.0,2005.56,9863.25,-1.7100000000000364,0.0
UNHCR_LAGOS_OFFICE_DG1_and_DG2_1687866900,2023-06-27T11:55:00,2023-06-27T11:56:00,1687866900,81.65,55.0,0.0,0.0,2005.56,9863.25,-1.7100000000000364,0.0
UNHCR_LAGOS_OFFICE_DG1_and_DG2_1687866960,2023-06-27T11:56:00,2023-06-27T11:57:00,1687866960,81.65,55.0,0.0,0.0,2005.56,9863.25,-1.7100000000000364,0.0
UNHCR_LAGOS_OFFICE_DG1_and_DG2_1687867020,2023-06-27T11:57:00,2023-06-27T11:58:00,1687867020,81.65,55.0,0.0,0.0,2005.56,9863.25,-1.7100000000000364,0.0
UNHCR_LAGOS_OFFICE_DG1_and_DG2_1687867080,2023-06-27T11:58:00,2023-06-27T11:59:00,1687867080,81.65,55.0,0.0,0.0,2005.56,9863.25,-1.7100000000000364,0.0
UNHCR_LAGOS_OFFICE_DG1_and_DG2_1687867140,2023-06-27T11:59:00,2023-06-27T12:00:00,1687867140,81.65,55.0,0.0,0.0,2005.56,9863.25,-1.7100000000000364,0.0
UNHCR_LAGOS_OFFICE_DG1_and_DG2_1687867200,2023-06-27T12:00:00,2023-06-27T12:01:00,1687867200,81.65,55.0,0.0,0.0,2005.56,9863.25,-1.7100000000000364,0.0
UNHCR_LAGOS_OFFICE_DG1_and_DG2_1687867260,2023-06-27T12:01:00,2023-06-27T12:02:00,1687867260,81.65,55.0,0.0,0.0,2005.56,9863.25,-1.7100000000000364,0.0
UNHCR_LAGOS_OFFICE_DG1_and_DG2_1687867320,2023-06-27T12:02:00,2023-06-27T12:03:00,1687867320,81.65,55.0,0.0,0.0,2005.56,9863.25,-1.7100000000000364,0.0
UNHCR_LAGOS_OFFICE_DG1_and_DG2_1687867380,2023-06-27T12:03:00,2023-06-27T12:04:00,1687867380,81.65,55.0,0.0,0.0,2005.56,9863.25,-1.7100000000000364,0.0
UNHCR_LAGOS_OFFICE_DG1_and_DG2_1687867440,2023-06-27T12:04:00,2023-06-27T12:05:00,1687867440,81.65,55.0,0.0,0.0,2005.56,9863.25,-1.7100000000000364,0.0
UNHCR_LAGOS_OFFICE_DG1_and_DG2_1687867500,2023-06-27T12:05:00,2023-06-27T12:06:00,1687867500,81.65,55.0,0.0,0.0,2005.56,9863.25,-1.7100000000000364,0.0
UNHCR_LAGOS_OFFICE_DG1_and_DG2_1687867560,2023-06-27T12:06:00,2023-06-27T12:07:00,1687867560,81.65,55.0,0.0,0.0,2005.56,9863.25,-1.7100000000000364,0.0
UNHCR_LAGOS_OFFICE_DG1_and_DG2_1687867620,2023-06-27T12:07:00,2023-06-27T12:08:00,1687867620,81.65,55.0,0.0,0.0,2005.56,9863.25,-1.7100000000000364,0.0
UNHCR_LAGOS_OFFICE_DG1_and_DG2_1687867680,2023-06-27T12:08:00,2023-06-27T12:09:00,1687867680,81.65,55.0,0.0,0.0,2005.56,9863.25,-1.7100000000000364,0.0
UNHCR_LAGOS_OFFICE_DG1_and_DG2_1687867740,2023-06-27T12:09:00,2023-06-27T12:10:00,1687867740,81.65,55.0,0.0,0.0,2005.56,9863.25,-1.7100000000000364,0.0
UNHCR_LAGOS_OFFICE_DG1_and_DG2_1687867800,2023-06-27T12:10:00,2023-06-27T12:11:00,1687867800,81.65,55.0,0.0,0.0,2005.56,9863.25,-1.7100000000000364,0.0
UNHCR_LAGOS_OFFICE_DG1_and_DG2_1687867860,2023-06-27T12:11:00,2023-06-27T12:12:00,1687867860,81.65,55.0,0.0,0.0,2005.56,9863.25,-1.7100000000000364,0.0
UNHCR_LAGOS_OFFICE_DG1_and_DG2_1687867920,2023-06-27T12:12:00,2023-06-27T12:13:00,1687867920,81.65,55.0,0.0,0.0,2005.56,9863.25,-1.7100000000000364,0.0
UNHCR_LAGOS_OFFICE_DG1_and_DG2_1687867980,2023-06-27T12:13:00,2023-06-27T12:14:00,1687867980,81.65,55.0,0.0,0.0,2005.56,9863.25,-1.7100000000000364,0.0
UNHCR_LAGOS_OFFICE_DG1_and_DG2_1687868040,2023-06-27T12:14:00,2023-06-27T12:15:00,1687868040,81.65,55.0,0.0,0.0,2005.56,9863.25,-1.7100000000000364,0.0
UNHCR_LAGOS_OFFICE_DG1_and_DG2_1687868100,2023-06-27T12:15:00,2023-06-27T12:16:00,1687868100,81.65,55.0,0.0,0.0,2005.56,9863.25,-1.7100000000000364,0.0
UNHCR_LAGOS_OFFICE_DG1_and_DG2_1687868160,2023-06-27T12:16:00,2023-06-27T12:17:00,1687868160,81.65,55.0,0.0,0.0,2005.56,9863.25,-1.7100000000000364,0.0
UNHCR_LAGOS_OFFICE_DG1_and_DG2_1687868220,2023-06-27T12:17:00,2023-06-27T12:18:00,1687868220,81.65,55.0,0.0,0.0,2005.56,9863.25,-1.7100000000000364,0.0
UNHCR_LAGOS_OFFICE_DG1_and_DG2_1687868280,2023-06-27T12:18:00,2023-06-27T12:19:00,1687868280,81.65,55.0,0.0,0.0,2005.56,9863.25,-1.7100000000000364,0.0
UNHCR_LAGOS_OFFICE_DG1_and_DG2_1687868340,2023-06-27T12:19:00,2023-06-27T12:20:00,1687868340,81.65,55.0,0.0,0.0,2005.56,9863.25,-1.7100000000000364,0.0
UNHCR_LAGOS_OFFICE_DG1_and_DG2_1687868400,2023-06-27T12:20:00,2023-06-27T12:21:00,1687868400,81.65,55.0,0.0,0.0,2005.56,9863.25,-1.7100000000000364,0.0
UNHCR_LAGOS_OFFICE_DG1_and_DG2_1687868460,2023-06-27T12:21:00,2023-06-27T12:22:00,1687868460,81.65,55.0,0.0,0.0,2005.56,9863.25,-1.7100000000000364,0.0
UNHCR_LAGOS_OFFICE_DG1_and_DG2_1687868520,2023-06-27T12:22:00,2023-06-27T12:23:00,1687868520,81.65,55.0,0.0,0.0,2005.56,9863.25,-1.7100000000000364,0.0
UNHCR_LAGOS_OFFICE_DG1_and_DG2_1687868580,2023-06-27T12:23:00,2023-06-27T12:24:00,1687868580,81.65,55.0,0.0,0.0,2005.56,9863.25,-1.7100000000000364,0.0
UNHCR_LAGOS_OFFICE_DG1_and_DG2_1687868640,2023-06-27T12:24:00,2023-06-27T12:25:00,1687868640,81.65,55.0,0.0,0.0,2005.56,9863.25,-1.7100000000000364,0.0
UNHCR_LAGOS_OFFICE_DG1_and_DG2_1687868700,2023-06-27T12:25:00,2023-06-27T12:26:00,1687868700,81.65,55.0,0.0,0.0,2005.56,9863.25,-1.7100000000000364,0.0
UNHCR_LAGOS_OFFICE_DG1_and_DG2_1687868760,2023-06-27T12:26:00,2023-06-27T12:27:00,1687868760,81.65,55.0,0.0,0.0,2005.56,9863.25,-1.7100000000000364,0.0
UNHCR_LAGOS_OFFICE_DG1_and_DG2_1687868820,2023-06-27T12:27:00,2023-06-27T12:28:00,1687868820,81.65,55.0,0.0,0.0,2005.56,9863.25,-1.7100000000000364,0.0
UNHCR_LAGOS_OFFICE_DG1_and_DG2_1687868880,2023-06-27T12:28:00,2023-06-27T12:29:00,1687868880,81.65,55.0,0.0,0.0,2005.56,9863.25,-1.7100000000000364,0.0
UNHCR_LAGOS_OFFICE_DG1_and_DG2_1687868940,2023-06-27T12:29:00,2023-06-27T12:30:00,1687868940,81.65,55.0,0.0,0.0,2005.56,9863.25,-1.7100000000000364,0.0
UNHCR_LAGOS_OFFICE_DG1_and_DG2_1687869000,2023-06-27T12:30:00,2023-06-27T12:31:00,1687869000,81.65,55.0,0.0,0.0,2005.56,9863.25,-1.7100000000000364,0.0
UNHCR_LAGOS_OFFICE_DG1_and_DG2_1687869060,2023-06-27T12:31:00,2023-06-27T12:32:00,1687869060,81.65,55.0,0.0,0.0,2005.56,9863.25,-1.7100000000000364,0.0
UNHCR_LAGOS_OFFICE_DG1_and_DG2_1687869120,2023-06-27T12:32:00,2023-06-27T12:33:00,1687869120,81.65,55.0,0.0,0.0,2005.56,9863.25,-1.7100000000000364,0.0
UNHCR_LAGOS_OFFICE_DG1_and_DG2_1687869180,2023-06-27T12:33:00,2023-06-27T12:34:00,1687869180,81.65,55.0,0.0,0.0,2005.56,9863.25,-1.7100000000000364,0.0
UNHCR_LAGOS_OFFICE_DG1_and_DG2_1687869240,2023-06-27T12:34:00,2023-06-27T12:35:00,1687869240,81.65,55.0,0.0,0.0,2005.56,9863.25,-1.7100000000000364,0.0
UNHCR_LAGOS_OFFICE_DG1_and_DG2_1687869300,2023-06-27T12:35:00,2023-06-27T12:36:00,1687869300,81.65,55.0,0.0,0.0,2005.56,9863.25,-1.7100000000000364,0.0
UNHCR_LAGOS_OFFICE_DG1_and_DG2_1687869360,2023-06-27T12:36:00,2023-06-27T12:37:00,1687869360,81.65,55.0,0.0,0.0,2005.56,9863.25,-1.7100000000000364,0.0
UNHCR_LAGOS_OFFICE_DG1_and_DG2_1687869420,2023-06-27T12:37:00,2023-06-27T12:38:00,1687869420,81.65,55.0,0.0,0.0,2005.56,9863.25,-1.7100000000000364,0.0
UNHCR_LAGOS_OFFICE_DG1_and_DG2_1687869480,2023-06-27T12:38:00,2023-06-27T12:39:00,1687869480,81.65,55.0,0.0,0.0,2005.56,9863.25,-1.7100000000000364,0.0
UNHCR_LAGOS_OFFICE_DG1_and_DG2_1687869540,2023-06-27T12:39:00,2023-06-27T12:40:00,1687869540,81.65,55.0,0.0,0.0,2005.56,9863.25,-1.7100000000000364,0.0
UNHCR_LAGOS_OFFICE_DG1_and_DG2_1687869600,2023-06-27T12:40:00,2023-06-27T12:41:00,1687869600,81.65,55.0,0.0,0.0,2005.56,9863.25,-1.7100000000000364,0.0
UNHCR_LAGOS_OFFICE_DG1_and_DG2_1687869660,2023-06-27T12:41:00,2023-06-27T12:42:00,1687869660,81.65,55.0,0.0,0.0,2005.56,9863.25,-1.7100000000000364,0.0
UNHCR_LAGOS_OFFICE_DG1_and_DG2_1687869720,2023-06-27T12:42:00,2023-06-27T12:43:00,1687869720,81.65,55.0,0.0,0.0,2005.56,9863.25,-1.7100000000000364,0.0
UNHCR_LAGOS_OFFICE_DG1_and_DG2_1687869780,2023-06-27T12:43:00,2023-06-27T12:44:00,1687869780,81.65,55.0,0.0,0.0,2005.56,9863.25,-1.7100000000000364,0.0
UNHCR_LAGOS_OFFICE_DG1_and_DG2_1687869840,2023-06-27T12:44:00,2023-06-27T12:45:00,1687869840,81.65,55.0,0.0,0.0,2005.56,9863.25,-1.7100000000000364,0.0
UNHCR_LAGOS_OFFICE_DG1_and_DG2_1687869900,2023-06-27T12:45:00,2023-06-27T12:46:00,1687869900,81.42,55.0,0.23000000000000398,0.0,2005.58,9863.25,-1.7300000000000182,0.0
UNHCR_LAGOS_OFFICE_DG1_and_DG2_1687869960,2023-06-27T12:46:00,2023-06-27T12:47:00,1687869960,81.42,55.0,0.0,0.0,2005.58,9863.25,-1.7300000000000182,0.0
UNHCR_LAGOS_OFFICE_DG1_and_DG2_1687870020,2023-06-27T12:47:00,2023-06-27T12:48:00,1687870020,81.42,55.0,0.0,0.0,2005.58,9863.25,-1.7300000000000182,0.0
UNHCR_LAGOS_OFFICE_DG1_and_DG2_1687870080,2023-06-27T12:48:00,2023-06-27T12:49:00,1687870080,81.42,55.0,0.0,0.0,2005.58,9863.25,-1.7300000000000182,0.0
UNHCR_LAGOS_OFFICE_DG1_and_DG2_1687870140,2023-06-27T12:49:00,2023-06-27T12:50:00,1687870140,81.42,55.0,0.0,0.0,2005.58,9863.25,-1.7300000000000182,0.0
UNHCR_LAGOS_OFFICE_DG1_and_DG2_1687870200,2023-06-27T12:50:00,2023-06-27T12:51:00,1687870200,81.42,55.0,0.0,0.0,2005.58,9863.25,-1.7300000000000182,0.0
UNHCR_LAGOS_OFFICE_DG1_and_DG2_1687870260,2023-06-27T12:51:00,2023-06-27T12:52:00,1687870260,81.42,55.0,0.0,0.0,2005.58,9863.25,-1.7300000000000182,0.0
UNHCR_LAGOS_OFFICE_DG1_and_DG2_1687870320,2023-06-27T12:52:00,2023-06-27T12:53:00,1687870320,81.42,55.0,0.0,0.0,2005.58,9863.25,-1.7300000000000182,0.0
UNHCR_LAGOS_OFFICE_DG1_and_DG2_1687870380,2023-06-27T12:53:00,2023-06-27T12:54:00,1687870380,81.42,55.0,0.0,0.0,2005.58,9863.25,-1.7300000000000182,0.0
UNHCR_LAGOS_OFFICE_DG1_and_DG2_1687870440,2023-06-27T12:54:00,2023-06-27T12:55:00,1687870440,81.42,55.0,0.0,0.0,2005.58,9863.25,-1.7300000000000182,0.0
UNHCR_LAGOS_OFFICE_DG1_and_DG2_1687870500,2023-06-27T12:55:00,2023-06-27T12:56:00,1687870500,81.42,55.0,0.0,0.0,2005.58,9863.25,-1.7300000000000182,0.0
UNHCR_LAGOS_OFFICE_DG1_and_DG2_1687870560,2023-06-27T12:56:00,2023-06-27T12:57:00,1687870560,81.42,55.0,0.0,0.0,2005.58,9863.25,-1.7300000000000182,0.0
UNHCR_LAGOS_OFFICE_DG1_and_DG2_1687870620,2023-06-27T12:57:00,2023-06-27T12:58:00,1687870620,81.42,55.0,0.0,0.0,2005.58,9863.25,-1.7300000000000182,0.0
UNHCR_LAGOS_OFFICE_DG1_and_DG2_1687870680,2023-06-27T12:58:00,2023-06-27T12:59:00,1687870680,81.42,55.0,0.0,0.0,2005.58,9863.25,-1.7300000000000182,0.0
UNHCR_LAGOS_OFFICE_DG1_and_DG2_1687870740,2023-06-27T12:59:00,2023-06-27T13:00:00,1687870740,81.42,55.0,0.0,0.0,2005.58,9863.25,-1.7300000000000182,0.0
UNHCR_LAGOS_OFFICE_DG1_and_DG2_1687870800,2023-06-27T13:00:00,2023-06-27T13:01:00,1687870800,81.42,55.0,0.0,0.0,2005.58,9863.25,-1.7300000000000182,0.0
UNHCR_LAGOS_OFFICE_DG1_and_DG2_1687870860,2023-06-27T13:01:00,2023-06-27T13:02:00,1687870860,81.42,55.0,0.0,0.0,2005.58,9863.25,-1.7300000000000182,0.0
UNHCR_LAGOS_OFFICE_DG1_and_DG2_1687870920,2023-06-27T13:02:00,2023-06-27T13:03:00,1687870920,81.42,55.0,0.0,0.0,2005.58,9863.25,-1.7300000000000182,0.0
UNHCR_LAGOS_OFFICE_DG1_and_DG2_1687870980,2023-06-27T13:03:00,2023-06-27T13:04:00,1687870980,81.42,55.0,0.0,0.0,2005.58,9863.25,-1.7300000000000182,0.0
UNHCR_LAGOS_OFFICE_DG1_and_DG2_1687871040,2023-06-27T13:04:00,2023-06-27T13:05:00,1687871040,81.42,55.0,0.0,0.0,2005.58,9863.25,-1.7300000000000182,0.0
UNHCR_LAGOS_OFFICE_DG1_and_DG2_1687871100,2023-06-27T13:05:00,2023-06-27T13:06:00,1687871100,81.42,55.0,0.0,0.0,2005.58,9863.25,-1.7300000000000182,0.0
UNHCR_LAGOS_OFFICE_DG1_and_DG2_1687871160,2023-06-27T13:06:00,2023-06-27T13:07:00,1687871160,81.42,55.0,0.0,0.0,2005.58,9863.25,-1.7300000000000182,0.0
UNHCR_LAGOS_OFFICE_DG1_and_DG2_1687871220,2023-06-27T13:07:00,2023-06-27T13:08:00,1687871220,81.42,55.0,0.0,0.0,2005.58,9863.25,-1.7300000000000182,0.0
UNHCR_LAGOS_OFFICE_DG1_and_DG2_1687871280,2023-06-27T13:08:00,2023-06-27T13:09:00,1687871280,81.42,55.0,0.0,0.0,2005.58,9863.25,-1.7300000000000182,0.0
UNHCR_LAGOS_OFFICE_DG1_and_DG2_1687871340,2023-06-27T13:09:00,2023-06-27T13:10:00,1687871340,81.42,55.0,0.0,0.0,2005.58,9863.25,-1.7300000000000182,0.0
UNHCR_LAGOS_OFFICE_DG1_and_DG2_1687871400,2023-06-27T13:10:00,2023-06-27T13:11:00,1687871400,81.42,55.0,0.0,0.0,2005.58,9863.25,-1.7300000000000182,0.0
UNHCR_LAGOS_OFFICE_DG1_and_DG2_1687871460,2023-06-27T13:11:00,2023-06-27T13:12:00,1687871460,81.42,55.0,0.0,0.0,2005.58,9863.25,-1.7300000000000182,0.0
UNHCR_LAGOS_OFFICE_DG1_and_DG2_1687871520,2023-06-27T13:12:00,2023-06-27T13:13:00,1687871520,81.42,55.0,0.0,0.0,2005.58,9863.25,-1.7300000000000182,0.0
UNHCR_LAGOS_OFFICE_DG1_and_DG2_1687871580,2023-06-27T13:13:00,2023-06-27T13:14:00,1687871580,81.42,55.0,0.0,0.0,2005.58,9863.25,-1.7300000000000182,0.0
UNHCR_LAGOS_OFFICE_DG1_and_DG2_1687871640,2023-06-27T13:14:00,2023-06-27T13:15:00,1687871640,81.42,55.0,0.0,0.0,2005.58,9863.25,-1.7300000000000182,0.0
UNHCR_LAGOS_OFFICE_DG1_and_DG2_1687871700,2023-06-27T13:15:00,2023-06-27T13:16:00,1687871700,81.42,55.0,0.0,0.0,2005.58,9863.25,-1.7300000000000182,0.0
UNHCR_LAGOS_OFFICE_DG1_and_DG2_1687871760,2023-06-27T13:16:00,2023-06-27T13:17:00,1687871760,81.42,55.0,0.0,0.0,2005.58,9863.25,-1.7300000000000182,0.0
UNHCR_LAGOS_OFFICE_DG1_and_DG2_1687871820,2023-06-27T13:17:00,2023-06-27T13:18:00,1687871820,81.42,55.0,0.0,0.0,2005.58,9863.25,-1.7300000000000182,0.0
UNHCR_LAGOS_OFFICE_DG1_and_DG2_1687871880,2023-06-27T13:18:00,2023-06-27T13:19:00,1687871880,81.42,55.0,0.0,0.0,2005.58,9863.25,-1.7300000000000182,0.0
UNHCR_LAGOS_OFFICE_DG1_and_DG2_1687871940,2023-06-27T13:19:00,2023-06-27T13:20:00,1687871940,81.42,55.0,0.0,0.0,2005.58,9863.25,-1.7300000000000182,0.0
UNHCR_LAGOS_OFFICE_DG1_and_DG2_1687872000,2023-06-27T13:20:00,2023-06-27T13:21:00,1687872000,81.42,55.0,0.0,0.0,2005.58,9863.25,-1.7300000000000182,0.0
UNHCR_LAGOS_OFFICE_DG1_and_DG2_1687872060,2023-06-27T13:21:00,2023-06-27T13:22:00,1687872060,81.42,55.0,0.0,0.0,2005.58,9863.25,-1.7300000000000182,0.0
UNHCR_LAGOS_OFFICE_DG1_and_DG2_1687872120,2023-06-27T13:22:00,2023-06-27T13:23:00,1687872120,81.42,55.0,0.0,0.0,2005.58,9863.25,-1.7300000000000182,0.0
UNHCR_LAGOS_OFFICE_DG1_and_DG2_1687872180,2023-06-27T13:23:00,2023-06-27T13:24:00,1687872180,81.42,55.0,0.0,0.0,2005.58,9863.25,-1.7300000000000182,0.0
UNHCR_LAGOS_OFFICE_DG1_and_DG2_1687872240,2023-06-27T13:24:00,2023-06-27T13:25:00,1687872240,81.42,55.0,0.0,0.0,2005.58,9863.25,-1.7300000000000182,0.0
UNHCR_LAGOS_OFFICE_DG1_and_DG2_1687872300,2023-06-27T13:25:00,2023-06-27T13:26:00,1687872300,81.42,55.0,0.0,0.0,2005.58,9863.25,-1.7300000000000182,0.0
UNHCR_LAGOS_OFFICE_DG1_and_DG2_1687872360,2023-06-27T13:26:00,2023-06-27T13:27:00,1687872360,81.42,55.0,0.0,0.0,2005.58,9863.25,-1.7300000000000182,0.0
UNHCR_LAGOS_OFFICE_DG1_and_DG2_1687872420,2023-06-27T13:27:00,2023-06-27T13:28:00,1687872420,81.42,55.0,0.0,0.0,2005.58,9863.25,-1.7300000000000182,0.0
UNHCR_LAGOS_OFFICE_DG1_and_DG2_1687872480,2023-06-27T13:28:00,2023-06-27T13:29:00,1687872480,81.42,55.0,0.0,0.0,2005.58,9863.25,-1.7300000000000182,0.0
UNHCR_LAGOS_OFFICE_DG1_and_DG2_1687872540,2023-06-27T13:29:00,2023-06-27T13:30:00,1687872540,81.42,55.0,0.0,0.0,2005.58,9863.25,-1.7300000000000182,0.0
UNHCR_LAGOS_OFFICE_DG1_and_DG2_1687872600,2023-06-27T13:30:00,2023-06-27T13:31:00,1687872600,81.42,55.0,0.0,0.0,2005.58,9863.25,-1.7300000000000182,0.0
UNHCR_LAGOS_OFFICE_DG1_and_DG2_1687872660,2023-06-27T13:31:00,2023-06-27T13:32:00,1687872660,81.42,55.0,0.0,0.0,2005.58,9863.25,-1.7300000000000182,0.0
UNHCR_LAGOS_OFFICE_DG1_and_DG2_1687872720,2023-06-27T13:32:00,2023-06-27T13:33:00,1687872720,81.42,55.0,0.0,0.0,2005.58,9863.25,-1.7300000000000182,0.0
UNHCR_LAGOS_OFFICE_DG1_and_DG2_1687872780,2023-06-27T13:33:00,2023-06-27T13:34:00,1687872780,81.42,55.0,0.0,0.0,2005.58,9863.25,-1.7300000000000182,0.0
UNHCR_LAGOS_OFFICE_DG1_and_DG2_1687872840,2023-06-27T13:34:00,2023-06-27T13:35:00,1687872840,81.42,55.0,0.0,0.0,2005.58,9863.25,-1.7300000000000182,0.0
UNHCR_LAGOS_OFFICE_DG1_and_DG2_1687872900,2023-06-27T13:35:00,2023-06-27T13:36:00,1687872900,81.42,55.0,0.0,0.0,2005.58,9863.25,-1.7300000000000182,0.0
UNHCR_LAGOS_OFFICE_DG1_and_DG2_1687872960,2023-06-27T13:36:00,2023-06-27T13:37:00,1687872960,81.42,55.0,0.0,0.0,2005.58,9863.25,-1.7300000000000182,0.0
UNHCR_LAGOS_OFFICE_DG1_and_DG2_1687873020,2023-06-27T13:37:00,2023-06-27T13:38:00,1687873020,81.42,55.0,0.0,0.0,2005.58,9863.25,-1.7300000000000182,0.0
UNHCR_LAGOS_OFFICE_DG1_and_DG2_1687873080,2023-06-27T13:38:00,2023-06-27T13:39:00,1687873080,81.42,55.0,0.0,0.0,2005.58,9863.25,-1.7300000000000182,0.0
UNHCR_LAGOS_OFFICE_DG1_and_DG2_1687873140,2023-06-27T13:39:00,2023-06-27T13:40:00,1687873140,81.42,55.0,0.0,0.0,2005.58,9863.25,-1.7300000000000182,0.0
UNHCR_LAGOS_OFFICE_DG1_and_DG2_1687873200,2023-06-27T13:40:00,2023-06-27T13:41:00,1687873200,81.42,55.0,0.0,0.0,2005.58,9863.25,-1.7300000000000182,0.0
UNHCR_LAGOS_OFFICE_DG1_and_DG2_1687873260,2023-06-27T13:41:00,2023-06-27T13:42:00,1687873260,81.42,55.0,0.0,0.0,2005.58,9863.25,-1.7300000000000182,0.0
UNHCR_LAGOS_OFFICE_DG1_and_DG2_1687873320,2023-06-27T13:42:00,2023-06-27T13:43:00,1687873320,81.42,55.0,0.0,0.0,2005.58,9863.25,-1.7300000000000182,0.0
UNHCR_LAGOS_OFFICE_DG1_and_DG2_1687873380,2023-06-27T13:43:00,2023-06-27T13:44:00,1687873380,81.42,55.0,0.0,0.0,2005.58,9863.25,-1.7300000000000182,0.0
UNHCR_LAGOS_OFFICE_DG1_and_DG2_1687873440,2023-06-27T13:44:00,2023-06-27T13:45:00,1687873440,81.42,55.0,0.0,0.0,2005.58,9863.25,-1.7300000000000182,0.0
UNHCR_LAGOS_OFFICE_DG1_and_DG2_1687873500,2023-06-27T13:45:00,2023-06-27T13:46:00,1687873500,81.42,55.0,0.0,0.0,2005.58,9863.25,-1.7300000000000182,0.0
UNHCR_LAGOS_OFFICE_DG1_and_DG2_1687873560,2023-06-27T13:46:00,2023-06-27T13:47:00,1687873560,81.42,55.0,0.0,0.0,2005.58,9863.25,-1.7300000000000182,0.0
UNHCR_LAGOS_OFFICE_DG1_and_DG2_1687873620,2023-06-27T13:47:00,2023-06-27T13:48:00,1687873620,81.42,55.0,0.0,0.0,2005.58,9863.25,-1.7300000000000182,0.0
UNHCR_LAGOS_OFFICE_DG1_and_DG2_1687873680,2023-06-27T13:48:00,2023-06-27T13:49:00,1687873680,81.42,55.0,0.0,0.0,2005.58,9863.25,-1.7300000000000182,0.0
UNHCR_LAGOS_OFFICE_DG1_and_DG2_1687873740,2023-06-27T13:49:00,2023-06-27T13:50:00,1687873740,81.42,55.0,0.0,0.0,2005.58,9863.25,-1.7300000000000182,0.0
UNHCR_LAGOS_OFFICE_DG1_and_DG2_1687873800,2023-06-27T13:50:00,2023-06-27T13:51:00,1687873800,81.42,55.0,0.0,0.0,2005.58,9863.25,-1.7300000000000182,0.0
UNHCR_LAGOS_OFFICE_DG1_and_DG2_1687873860,2023-06-27T13:51:00,2023-06-27T13:52:00,1687873860,81.42,55.0,0.0,0.0,2005.58,9863.25,-1.7300000000000182,0.0
UNHCR_LAGOS_OFFICE_DG1_and_DG2_1687873920,2023-06-27T13:52:00,2023-06-27T13:53:00,1687873920,81.42,55.0,0.0,0.0,2005.58,9863.25,-1.7300000000000182,0.0
UNHCR_LAGOS_OFFICE_DG1_and_DG2_1687873980,2023-06-27T13:53:00,2023-06-27T13:54:00,1687873980,81.42,55.0,0.0,0.0,2005.58,9863.25,-1.7300000000000182,0.0
UNHCR_LAGOS_OFFICE_DG1_and_DG2_1687874040,2023-06-27T13:54:00,2023-06-27T13:55:00,1687874040,81.42,55.0,0.0,0.0,2005.58,9863.25,-1.7300000000000182,0.0
UNHCR_LAGOS_OFFICE_DG1_and_DG2_1687874100,2023-06-27T13:55:00,2023-06-27T13:56:00,1687874100,81.42,55.0,0.0,0.0,2005.58,9863.25,-1.7300000000000182,0.0
UNHCR_LAGOS_OFFICE_DG1_and_DG2_1687874160,2023-06-27T13:56:00,2023-06-27T13:57:00,1687874160,81.42,55.0,0.0,0.0,2005.58,9863.25,-1.7300000000000182,0.0
UNHCR_LAGOS_OFFICE_DG1_and_DG2_1687874220,2023-06-27T13:57:00,2023-06-27T13:58:00,1687874220,81.42,55.0,0.0,0.0,2005.58,9863.25,-1.7300000000000182,0.0
UNHCR_LAGOS_OFFICE_DG1_and_DG2_1687874280,2023-06-27T13:58:00,2023-06-27T13:59:00,1687874280,81.42,55.0,0.0,0.0,2005.58,9863.25,-1.7300000000000182,0.0
UNHCR_LAGOS_OFFICE_DG1_and_DG2_1687874340,2023-06-27T13:59:00,2023-06-27T14:00:00,1687874340,81.42,55.0,0.0,0.0,2005.58,9863.25,-1.7300000000000182,0.0
UNHCR_LAGOS_OFFICE_DG1_and_DG2_1687874400,2023-06-27T14:00:00,2023-06-27T14:01:00,1687874400,81.42,55.0,0.0,0.0,2005.58,9863.25,-1.7300000000000182,0.0
UNHCR_LAGOS_OFFICE_DG1_and_DG2_1687874460,2023-06-27T14:01:00,2023-06-27T14:02:00,1687874460,81.42,55.0,0.0,0.0,2005.58,9863.25,-1.7300000000000182,0.0
UNHCR_LAGOS_OFFICE_DG1_and_DG2_1687874520,2023-06-27T14:02:00,2023-06-27T14:03:00,1687874520,81.42,55.0,0.0,0.0,2005.58,9863.25,-1.7300000000000182,0.0
UNHCR_LAGOS_OFFICE_DG1_and_DG2_1687874580,2023-06-27T14:03:00,2023-06-27T14:04:00,1687874580,81.42,55.0,0.0,0.0,2005.58,9863.25,-1.7300000000000182,0.0
UNHCR_LAGOS_OFFICE_DG1_and_DG2_1687874640,2023-06-27T14:04:00,2023-06-27T14:05:00,1687874640,81.42,55.0,0.0,0.0,2005.58,9863.25,-1.7300000000000182,0.0
UNHCR_LAGOS_OFFICE_DG1_and_DG2_1687874700,2023-06-27T14:05:00,2023-06-27T14:06:00,1687874700,81.42,55.0,0.0,0.0,2005.58,9863.25,-1.7300000000000182,0.0
UNHCR_LAGOS_OFFICE_DG1_and_DG2_1687874760,2023-06-27T14:06:00,2023-06-27T14:07:00,1687874760,81.42,55.0,0.0,0.0,2005.58,9863.25,-1.7300000000000182,0.0
UNHCR_LAGOS_OFFICE_DG1_and_DG2_1687874820,2023-06-27T14:07:00,2023-06-27T14:08:00,1687874820,81.42,55.0,0.0,0.0,2005.58,9863.25,-1.7300000000000182,0.0
UNHCR_LAGOS_OFFICE_DG1_and_DG2_1687874880,2023-06-27T14:08:00,2023-06-27T14:09:00,1687874880,81.42,55.0,0.0,0.0,2005.58,9863.25,-1.7300000000000182,0.0
UNHCR_LAGOS_OFFICE_DG1_and_DG2_1687874940,2023-06-27T14:09:00,2023-06-27T14:10:00,1687874940,81.42,55.0,0.0,0.0,2005.58,9863.25,-1.7300000000000182,0.0
UNHCR_LAGOS_OFFICE_DG1_and_DG2_1687875000,2023-06-27T14:10:00,2023-06-27T14:11:00,1687875000,81.42,55.0,0.0,0.0,2005.58,9863.25,-1.7300000000000182,0.0
UNHCR_LAGOS_OFFICE_DG1_and_DG2_1687875060,2023-06-27T14:11:00,2023-06-27T14:12:00,1687875060,81.42,55.0,0.0,0.0,2005.58,9863.25,-1.7300000000000182,0.0
UNHCR_LAGOS_OFFICE_DG1_and_DG2_1687875120,2023-06-27T14:12:00,2023-06-27T14:13:00,1687875120,81.42,55.0,0.0,0.0,2005.58,9863.25,-1.7300000000000182,0.0
UNHCR_LAGOS_OFFICE_DG1_and_DG2_1687875180,2023-06-27T14:13:00,2023-06-27T14:14:00,1687875180,81.42,55.0,0.0,0.0,2005.58,9863.25,-1.7300000000000182,0.0
UNHCR_LAGOS_OFFICE_DG1_and_DG2_1687875240,2023-06-27T14:14:00,2023-06-27T14:15:00,1687875240,81.42,55.0,0.0,0.0,2005.58,9863.25,-1.7300000000000182,0.0
UNHCR_LAGOS_OFFICE_DG1_and_DG2_1687875300,2023-06-27T14:15:00,2023-06-27T14:16:00,1687875300,81.42,55.0,0.0,0.0,2005.58,9863.25,-1.7300000000000182,0.0
UNHCR_LAGOS_OFFICE_DG1_and_DG2_1687875360,2023-06-27T14:16:00,2023-06-27T14:17:00,1687875360,81.42,55.0,0.0,0.0,2005.58,9863.25,-1.7300000000000182,0.0
UNHCR_LAGOS_OFFICE_DG1_and_DG2_1687875420,2023-06-27T14:17:00,2023-06-27T14:18:00,1687875420,81.42,55.0,0.0,0.0,2005.58,9863.25,-1.7300000000000182,0.0
UNHCR_LAGOS_OFFICE_DG1_and_DG2_1687875480,2023-06-27T14:18:00,2023-06-27T14:19:00,1687875480,81.42,55.0,0.0,0.0,2005.58,9863.25,-1.7300000000000182,0.0
UNHCR_LAGOS_OFFICE_DG1_and_DG2_1687875540,2023-06-27T14:19:00,2023-06-27T14:20:00,1687875540,81.42,55.0,0.0,0.0,2005.58,9863.25,-1.7300000000000182,0.0
UNHCR_LAGOS_OFFICE_DG1_and_DG2_1687875600,2023-06-27T14:20:00,2023-06-27T14:21:00,1687875600,81.42,55.0,0.0,0.0,2005.58,9863.25,-1.7300000000000182,0.0
UNHCR_LAGOS_OFFICE_DG1_and_DG2_1687875660,2023-06-27T14:21:00,2023-06-27T14:22:00,1687875660,81.42,55.0,0.0,0.0,2005.58,9863.25,-1.7300000000000182,0.0
UNHCR_LAGOS_OFFICE_DG1_and_DG2_1687875720,2023-06-27T14:22:00,2023-06-27T14:23:00,1687875720,81.42,55.0,0.0,0.0,2005.58,9863.25,-1.7300000000000182,0.0
UNHCR_LAGOS_OFFICE_DG1_and_DG2_1687875780,2023-06-27T14:23:00,2023-06-27T14:24:00,1687875780,81.42,55.0,0.0,0.0,2005.58,9863.25,-1.7300000000000182,0.0
UNHCR_LAGOS_OFFICE_DG1_and_DG2_1687875840,2023-06-27T14:24:00,2023-06-27T14:25:00,1687875840,81.42,55.0,0.0,0.0,2005.58,9863.25,-1.7300000000000182,0.0
UNHCR_LAGOS_OFFICE_DG1_and_DG2_1687875900,2023-06-27T14:25:00,2023-06-27T14:26:00,1687875900,81.42,55.0,0.0,0.0,2005.59,9863.25,-1.740000000000009,0.0
UNHCR_LAGOS_OFFICE_DG1_and_DG2_1687875960,2023-06-27T14:26:00,2023-06-27T14:27:00,1687875960,81.42,55.0,0.0,0.0,2005.61,9863.25,-1.759999999999991,0.0
UNHCR_LAGOS_OFFICE_DG1_and_DG2_1687876020,2023-06-27T14:27:00,2023-06-27T14:28:00,1687876020,81.42,55.0,0.0,0.0,2005.62,9863.25,-1.7699999999999818,0.0
UNHCR_LAGOS_OFFICE_DG1_and_DG2_1687876080,2023-06-27T14:28:00,2023-06-27T14:29:00,1687876080,81.42,55.0,0.0,0.0,2005.64,9863.25,-1.790000000000191,0.0
UNHCR_LAGOS_OFFICE_DG1_and_DG2_1687876140,2023-06-27T14:29:00,2023-06-27T14:30:00,1687876140,81.42,55.0,0.0,0.0,2005.66,9863.25,-1.8100000000001728,0.0
UNHCR_LAGOS_OFFICE_DG1_and_DG2_1687876200,2023-06-27T14:30:00,2023-06-27T14:31:00,1687876200,81.42,55.0,0.0,0.0,2005.68,9863.25,-1.8300000000001546,0.0
UNHCR_LAGOS_OFFICE_DG1_and_DG2_1687876260,2023-06-27T14:31:00,2023-06-27T14:32:00,1687876260,81.19,55.0,0.23000000000000398,0.0,2005.69,9863.25,-1.8400000000001455,0.0
UNHCR_LAGOS_OFFICE_DG1_and_DG2_1687876320,2023-06-27T14:32:00,2023-06-27T14:33:00,1687876320,80.96,55.0,0.23000000000000398,0.0,2005.71,9863.25,-1.8600000000001273,0.0
UNHCR_LAGOS_OFFICE_DG1_and_DG2_1687876380,2023-06-27T14:33:00,2023-06-27T14:34:00,1687876380,80.72,55.0,0.23999999999999488,0.0,2005.72,9863.25,-1.8700000000001182,0.0
UNHCR_LAGOS_OFFICE_DG1_and_DG2_1687876440,2023-06-27T14:34:00,2023-06-27T14:35:00,1687876440,80.72,55.0,0.0,0.0,2005.74,9863.25,-1.8900000000001,0.0
UNHCR_LAGOS_OFFICE_DG1_and_DG2_1687876500,2023-06-27T14:35:00,2023-06-27T14:36:00,1687876500,80.49,55.0,0.23000000000000398,0.0,2005.76,9863.25,-1.9100000000000819,0.0
UNHCR_LAGOS_OFFICE_DG1_and_DG2_1687876560,2023-06-27T14:36:00,2023-06-27T14:37:00,1687876560,80.49,55.0,0.0,0.0,2005.78,9863.25,-1.9300000000000637,0.0
UNHCR_LAGOS_OFFICE_DG1_and_DG2_1687876620,2023-06-27T14:37:00,2023-06-27T14:38:00,1687876620,80.49,55.0,0.0,0.0,2005.79,9863.25,-1.9400000000000546,0.0
UNHCR_LAGOS_OFFICE_DG1_and_DG2_1687876680,2023-06-27T14:38:00,2023-06-27T14:39:00,1687876680,80.49,55.0,0.0,0.0,2005.79,9863.25,-1.9400000000000546,0.0
UNHCR_LAGOS_OFFICE_DG1_and_DG2_1687876740,2023-06-27T14:39:00,2023-06-27T14:40:00,1687876740,80.49,55.0,0.0,0.0,2005.79,9863.25,-1.9400000000000546,0.0
UNHCR_LAGOS_OFFICE_DG1_and_DG2_1687876800,2023-06-27T14:40:00,2023-06-27T14:41:00,1687876800,80.49,55.0,0.0,0.0,2005.79,9863.25,-1.9400000000000546,0.0
UNHCR_LAGOS_OFFICE_DG1_and_DG2_1687876860,2023-06-27T14:41:00,2023-06-27T14:42:00,1687876860,80.49,55.0,0.0,0.0,2005.79,9863.25,-1.9400000000000546,0.0
UNHCR_LAGOS_OFFICE_DG1_and_DG2_1687876920,2023-06-27T14:42:00,2023-06-27T14:43:00,1687876920,80.49,55.0,0.0,0.0,2005.79,9863.25,-1.9400000000000546,0.0
UNHCR_LAGOS_OFFICE_DG1_and_DG2_1687876980,2023-06-27T14:43:00,2023-06-27T14:44:00,1687876980,80.49,55.0,0.0,0.0,2005.79,9863.25,-1.9400000000000546,0.0
UNHCR_LAGOS_OFFICE_DG1_and_DG2_1687877040,2023-06-27T14:44:00,2023-06-27T14:45:00,1687877040,80.49,55.0,0.0,0.0,2005.79,9863.25,-1.9400000000000546,0.0
UNHCR_LAGOS_OFFICE_DG1_and_DG2_1687877100,2023-06-27T14:45:00,2023-06-27T14:46:00,1687877100,80.49,55.0,0.0,0.0,2005.79,9863.25,-1.9400000000000546,0.0
UNHCR_LAGOS_OFFICE_DG1_and_DG2_1687877160,2023-06-27T14:46:00,2023-06-27T14:47:00,1687877160,80.49,55.0,0.0,0.0,2005.79,9863.25,-1.9400000000000546,0.0
UNHCR_LAGOS_OFFICE_DG1_and_DG2_1687877220,2023-06-27T14:47:00,2023-06-27T14:48:00,1687877220,80.49,55.0,0.0,0.0,2005.79,9863.25,-1.9400000000000546,0.0
UNHCR_LAGOS_OFFICE_DG1_and_DG2_1687877280,2023-06-27T14:48:00,2023-06-27T14:49:00,1687877280,80.49,55.0,0.0,0.0,2005.79,9863.25,-1.9400000000000546,0.0
UNHCR_LAGOS_OFFICE_DG1_and_DG2_1687877340,2023-06-27T14:49:00,2023-06-27T14:50:00,1687877340,80.49,55.0,0.0,0.0,2005.79,9863.25,-1.9400000000000546,0.0
UNHCR_LAGOS_OFFICE_DG1_and_DG2_1687877400,2023-06-27T14:50:00,2023-06-27T14:51:00,1687877400,80.49,55.0,0.0,0.0,2005.79,9863.25,-1.9400000000000546,0.0
UNHCR_LAGOS_OFFICE_DG1_and_DG2_1687877460,2023-06-27T14:51:00,2023-06-27T14:52:00,1687877460,80.49,55.0,0.0,0.0,2005.8,9863.25,-1.9500000000000455,0.0
UNHCR_LAGOS_OFFICE_DG1_and_DG2_1687877520,2023-06-27T14:52:00,2023-06-27T14:53:00,1687877520,80.49,55.0,0.0,0.0,2005.82,9863.25,-1.9700000000000273,0.0
UNHCR_LAGOS_OFFICE_DG1_and_DG2_1687877580,2023-06-27T14:53:00,2023-06-27T14:54:00,1687877580,80.49,55.0,0.0,0.0,2005.84,9863.25,-1.990000000000009,0.0
UNHCR_LAGOS_OFFICE_DG1_and_DG2_1687877640,2023-06-27T14:54:00,2023-06-27T14:55:00,1687877640,80.49,55.0,0.0,0.0,2005.85,9863.25,-2.0,0.0
UNHCR_LAGOS_OFFICE_DG1_and_DG2_1687877700,2023-06-27T14:55:00,2023-06-27T14:56:00,1687877700,80.03,55.0,0.45999999999999375,0.0,2005.87,9863.25,-2.019999999999982,0.0
UNHCR_LAGOS_OFFICE_DG1_and_DG2_1687877760,2023-06-27T14:56:00,2023-06-27T14:57:00,1687877760,79.8,55.0,0.23000000000000398,0.0,2005.89,9863.25,-2.040000000000191,0.0
UNHCR_LAGOS_OFFICE_DG1_and_DG2_1687877820,2023-06-27T14:57:00,2023-06-27T14:58:00,1687877820,79.57,55.0,0.23000000000000398,0.0,2005.9,9863.25,-2.050000000000182,0.0
UNHCR_LAGOS_OFFICE_DG1_and_DG2_1687877880,2023-06-27T14:58:00,2023-06-27T14:59:00,1687877880,79.33,55.0,0.23999999999999488,0.0,2005.92,9863.25,-2.0700000000001637,0.0
UNHCR_LAGOS_OFFICE_DG1_and_DG2_1687877940,2023-06-27T14:59:00,2023-06-27T15:00:00,1687877940,79.33,55.0,0.0,0.0,2005.94,9863.25,-2.0900000000001455,0.0
UNHCR_LAGOS_OFFICE_DG1_and_DG2_1687878000,2023-06-27T15:00:00,2023-06-27T15:01:00,1687878000,79.33,55.0,0.0,0.0,2005.95,9863.25,-2.1000000000001364,0.0
UNHCR_LAGOS_OFFICE_DG1_and_DG2_1687878060,2023-06-27T15:01:00,2023-06-27T15:02:00,1687878060,79.1,55.0,0.23000000000000398,0.0,2005.97,9863.25,-2.1200000000001182,0.0
UNHCR_LAGOS_OFFICE_DG1_and_DG2_1687878120,2023-06-27T15:02:00,2023-06-27T15:03:00,1687878120,79.1,55.0,0.0,0.0,2005.99,9863.25,-2.1400000000001,0.0
UNHCR_LAGOS_OFFICE_DG1_and_DG2_1687878180,2023-06-27T15:03:00,2023-06-27T15:04:00,1687878180,78.87,55.0,0.22999999999998977,0.0,2006.0,9863.25,-2.150000000000091,0.0
UNHCR_LAGOS_OFFICE_DG1_and_DG2_1687878240,2023-06-27T15:04:00,2023-06-27T15:05:00,1687878240,78.87,55.0,0.0,0.0,2006.02,9863.25,-2.1700000000000728,0.0
UNHCR_LAGOS_OFFICE_DG1_and_DG2_1687878300,2023-06-27T15:05:00,2023-06-27T15:06:00,1687878300,78.87,55.0,0.0,0.0,2006.04,9863.25,-2.1900000000000546,0.0
UNHCR_LAGOS_OFFICE_DG1_and_DG2_1687878360,2023-06-27T15:06:00,2023-06-27T15:07:00,1687878360,78.87,55.0,0.0,0.0,2006.05,9863.25,-2.2000000000000455,0.0
UNHCR_LAGOS_OFFICE_DG1_and_DG2_1687878420,2023-06-27T15:07:00,2023-06-27T15:08:00,1687878420,78.64,55.0,0.23000000000000398,0.0,2006.07,9863.25,-2.2200000000000273,0.0
UNHCR_LAGOS_OFFICE_DG1_and_DG2_1687878480,2023-06-27T15:08:00,2023-06-27T15:09:00,1687878480,78.41,55.0,0.23000000000000398,0.0,2006.09,9863.25,-2.240000000000009,0.0
UNHCR_LAGOS_OFFICE_DG1_and_DG2_1687878540,2023-06-27T15:09:00,2023-06-27T15:10:00,1687878540,78.17,55.0,0.23999999999999488,0.0,2006.1,9863.25,-2.25,0.0
UNHCR_LAGOS_OFFICE_DG1_and_DG2_1687878600,2023-06-27T15:10:00,2023-06-27T15:11:00,1687878600,77.94,55.0,0.23000000000000398,0.0,2006.12,9863.25,-2.269999999999982,0.0
UNHCR_LAGOS_OFFICE_DG1_and_DG2_1687878660,2023-06-27T15:11:00,2023-06-27T15:12:00,1687878660,77.94,55.0,0.0,0.0,2006.14,9863.25,-2.290000000000191,0.0
UNHCR_LAGOS_OFFICE_DG1_and_DG2_1687878720,2023-06-27T15:12:00,2023-06-27T15:13:00,1687878720,77.94,55.0,0.0,0.0,2006.15,9863.25,-2.300000000000182,0.0
UNHCR_LAGOS_OFFICE_DG1_and_DG2_1687878780,2023-06-27T15:13:00,2023-06-27T15:14:00,1687878780,77.71,55.0,0.23000000000000398,0.0,2006.17,9863.25,-2.3200000000001637,0.0
UNHCR_LAGOS_OFFICE_DG1_and_DG2_1687878840,2023-06-27T15:14:00,2023-06-27T15:15:00,1687878840,77.48,55.0,0.22999999999998977,0.0,2006.19,9863.25,-2.3400000000001455,0.0
UNHCR_LAGOS_OFFICE_DG1_and_DG2_1687878900,2023-06-27T15:15:00,2023-06-27T15:16:00,1687878900,77.25,55.0,0.23000000000000398,0.0,2006.2,9863.25,-2.3500000000001364,0.0
UNHCR_LAGOS_OFFICE_DG1_and_DG2_1687878960,2023-06-27T15:16:00,2023-06-27T15:17:00,1687878960,77.01,55.0,0.23999999999999488,0.0,2006.22,9863.25,-2.3700000000001182,0.0
UNHCR_LAGOS_OFFICE_DG1_and_DG2_1687879020,2023-06-27T15:17:00,2023-06-27T15:18:00,1687879020,77.01,55.0,0.0,0.0,2006.24,9863.25,-2.3900000000001,0.0
UNHCR_LAGOS_OFFICE_DG1_and_DG2_1687879080,2023-06-27T15:18:00,2023-06-27T15:19:00,1687879080,76.78,55.0,0.23000000000000398,0.0,2006.25,9863.25,-2.400000000000091,0.0
UNHCR_LAGOS_OFFICE_DG1_and_DG2_1687879140,2023-06-27T15:19:00,2023-06-27T15:20:00,1687879140,76.78,55.0,0.0,0.0,2006.27,9863.25,-2.4200000000000728,0.0
UNHCR_LAGOS_OFFICE_DG1_and_DG2_1687879200,2023-06-27T15:20:00,2023-06-27T15:21:00,1687879200,76.55,55.0,0.23000000000000398,0.0,2006.29,9863.25,-2.4400000000000546,0.0
UNHCR_LAGOS_OFFICE_DG1_and_DG2_1687879260,2023-06-27T15:21:00,2023-06-27T15:22:00,1687879260,76.32,55.0,0.23000000000000398,0.0,2006.3,9863.25,-2.4500000000000455,0.0
UNHCR_LAGOS_OFFICE_DG1_and_DG2_1687879320,2023-06-27T15:22:00,2023-06-27T15:23:00,1687879320,76.32,55.0,0.0,0.0,2006.32,9863.25,-2.4700000000000273,0.0
UNHCR_LAGOS_OFFICE_DG1_and_DG2_1687879380,2023-06-27T15:23:00,2023-06-27T15:24:00,1687879380,76.09,55.0,0.22999999999998977,0.0,2006.34,9863.25,-2.490000000000009,0.0
UNHCR_LAGOS_OFFICE_DG1_and_DG2_1687879440,2023-06-27T15:24:00,2023-06-27T15:25:00,1687879440,76.09,55.0,0.0,0.0,2006.35,9863.25,-2.5,0.0
UNHCR_LAGOS_OFFICE_DG1_and_DG2_1687879500,2023-06-27T15:25:00,2023-06-27T15:26:00,1687879500,76.09,55.0,0.0,0.0,2006.37,9863.25,-2.519999999999982,0.0
UNHCR_LAGOS_OFFICE_DG1_and_DG2_1687879560,2023-06-27T15:26:00,2023-06-27T15:27:00,1687879560,76.09,55.0,0.0,0.0,2006.39,9863.25,-2.540000000000191,0.0
UNHCR_LAGOS_OFFICE_DG1_and_DG2_1687879620,2023-06-27T15:27:00,2023-06-27T15:28:00,1687879620,76.09,55.0,0.0,0.0,2006.4,9863.25,-2.550000000000182,0.0
UNHCR_LAGOS_OFFICE_DG1_and_DG2_1687879680,2023-06-27T15:28:00,2023-06-27T15:29:00,1687879680,75.86,55.0,0.23000000000000398,0.0,2006.42,9863.25,-2.5700000000001637,0.0
UNHCR_LAGOS_OFFICE_DG1_and_DG2_1687879740,2023-06-27T15:29:00,2023-06-27T15:30:00,1687879740,75.86,55.0,0.0,0.0,2006.44,9863.25,-2.5900000000001455,0.0
UNHCR_LAGOS_OFFICE_DG1_and_DG2_1687879800,2023-06-27T15:30:00,2023-06-27T15:31:00,1687879800,75.86,55.0,0.0,0.0,2006.45,9863.25,-2.6000000000001364,0.0
UNHCR_LAGOS_OFFICE_DG1_and_DG2_1687879860,2023-06-27T15:31:00,2023-06-27T15:32:00,1687879860,75.62,55.0,0.23999999999999488,0.0,2006.47,9863.25,-2.6200000000001182,0.0
UNHCR_LAGOS_OFFICE_DG1_and_DG2_1687879920,2023-06-27T15:32:00,2023-06-27T15:33:00,1687879920,75.62,55.0,0.0,0.0,2006.49,9863.25,-2.6400000000001,0.0
UNHCR_LAGOS_OFFICE_DG1_and_DG2_1687879980,2023-06-27T15:33:00,2023-06-27T15:34:00,1687879980,75.39,55.0,0.23000000000000398,0.0,2006.5,9863.25,-2.650000000000091,0.0
UNHCR_LAGOS_OFFICE_DG1_and_DG2_1687880040,2023-06-27T15:34:00,2023-06-27T15:35:00,1687880040,75.16,55.0,0.23000000000000398,0.0,2006.52,9863.25,-2.6700000000000728,0.0
UNHCR_LAGOS_OFFICE_DG1_and_DG2_1687880100,2023-06-27T15:35:00,2023-06-27T15:36:00,1687880100,74.93,55.0,0.22999999999998977,0.0,2006.54,9863.25,-2.6900000000000546,0.0
UNHCR_LAGOS_OFFICE_DG1_and_DG2_1687880160,2023-06-27T15:36:00,2023-06-27T15:37:00,1687880160,74.7,55.0,0.23000000000000398,0.0,2006.55,9863.25,-2.7000000000000455,0.0
UNHCR_LAGOS_OFFICE_DG1_and_DG2_1687880220,2023-06-27T15:37:00,2023-06-27T15:38:00,1687880220,74.46,55.0,0.2400000000000091,0.0,2006.57,9863.25,-2.7200000000000273,0.0
UNHCR_LAGOS_OFFICE_DG1_and_DG2_1687880280,2023-06-27T15:38:00,2023-06-27T15:39:00,1687880280,74.23,55.0,0.22999999999998977,0.0,2006.59,9863.25,-2.740000000000009,0.0
UNHCR_LAGOS_OFFICE_DG1_and_DG2_1687880340,2023-06-27T15:39:00,2023-06-27T15:40:00,1687880340,74.23,55.0,0.0,0.0,2006.6,9863.25,-2.75,0.0
UNHCR_LAGOS_OFFICE_DG1_and_DG2_1687880400,2023-06-27T15:40:00,2023-06-27T15:41:00,1687880400,74.23,55.0,0.0,0.0,2006.62,9863.25,-2.769999999999982,0.0
UNHCR_LAGOS_OFFICE_DG1_and_DG2_1687880460,2023-06-27T15:41:00,2023-06-27T15:42:00,1687880460,74.23,55.0,0.0,0.0,2006.64,9863.25,-2.790000000000191,0.0
UNHCR_LAGOS_OFFICE_DG1_and_DG2_1687880520,2023-06-27T15:42:00,2023-06-27T15:43:00,1687880520,74.23,55.0,0.0,0.0,2006.65,9863.25,-2.800000000000182,0.0
UNHCR_LAGOS_OFFICE_DG1_and_DG2_1687880580,2023-06-27T15:43:00,2023-06-27T15:44:00,1687880580,74.23,55.0,0.0,0.0,2006.67,9863.25,-2.8200000000001637,0.0
UNHCR_LAGOS_OFFICE_DG1_and_DG2_1687880640,2023-06-27T15:44:00,2023-06-27T15:45:00,1687880640,74.23,55.0,0.0,0.0,2006.69,9863.25,-2.8400000000001455,0.0
UNHCR_LAGOS_OFFICE_DG1_and_DG2_1687880700,2023-06-27T15:45:00,2023-06-27T15:46:00,1687880700,74.23,55.0,0.0,0.0,2006.7,9863.25,-2.8500000000001364,0.0
UNHCR_LAGOS_OFFICE_DG1_and_DG2_1687880760,2023-06-27T15:46:00,2023-06-27T15:47:00,1687880760,74.0,55.0,0.23000000000000398,0.0,2006.72,9863.25,-2.8700000000001182,0.0
UNHCR_LAGOS_OFFICE_DG1_and_DG2_1687880820,2023-06-27T15:47:00,2023-06-27T15:48:00,1687880820,73.77,55.0,0.23000000000000398,0.0,2006.74,9863.25,-2.8900000000001,0.0
UNHCR_LAGOS_OFFICE_DG1_and_DG2_1687880880,2023-06-27T15:48:00,2023-06-27T15:49:00,1687880880,73.54,55.0,0.22999999999998977,0.0,2006.75,9863.25,-2.900000000000091,0.0
UNHCR_LAGOS_OFFICE_DG1_and_DG2_1687880940,2023-06-27T15:49:00,2023-06-27T15:50:00,1687880940,73.3,55.0,0.2400000000000091,0.0,2006.77,9863.25,-2.9200000000000728,0.0
UNHCR_LAGOS_OFFICE_DG1_and_DG2_1687881000,2023-06-27T15:50:00,2023-06-27T15:51:00,1687881000,73.3,55.0,0.0,0.0,2006.79,9863.25,-2.9400000000000546,0.0
UNHCR_LAGOS_OFFICE_DG1_and_DG2_1687881060,2023-06-27T15:51:00,2023-06-27T15:52:00,1687881060,73.3,55.0,0.0,0.0,2006.8,9863.25,-2.9500000000000455,0.0
UNHCR_LAGOS_OFFICE_DG1_and_DG2_1687881120,2023-06-27T15:52:00,2023-06-27T15:53:00,1687881120,73.07,55.0,0.23000000000000398,0.0,2006.82,9863.25,-2.9700000000000273,0.0
UNHCR_LAGOS_OFFICE_DG1_and_DG2_1687881180,2023-06-27T15:53:00,2023-06-27T15:54:00,1687881180,72.84,55.0,0.22999999999998977,0.0,2006.84,9863.25,-2.990000000000009,0.0
UNHCR_LAGOS_OFFICE_DG1_and_DG2_1687881240,2023-06-27T15:54:00,2023-06-27T15:55:00,1687881240,72.84,55.0,0.0,0.0,2006.85,9863.25,-3.0,0.0
UNHCR_LAGOS_OFFICE_DG1_and_DG2_1687881300,2023-06-27T15:55:00,2023-06-27T15:56:00,1687881300,72.61,55.0,0.23000000000000398,0.0,2006.87,9863.25,-3.019999999999982,0.0
UNHCR_LAGOS_OFFICE_DG1_and_DG2_1687881360,2023-06-27T15:56:00,2023-06-27T15:57:00,1687881360,72.61,55.0,0.0,0.0,2006.89,9863.25,-3.040000000000191,0.0
UNHCR_LAGOS_OFFICE_DG1_and_DG2_1687881420,2023-06-27T15:57:00,2023-06-27T15:58:00,1687881420,72.61,55.0,0.0,0.0,2006.9,9863.25,-3.050000000000182,0.0
UNHCR_LAGOS_OFFICE_DG1_and_DG2_1687881480,2023-06-27T15:58:00,2023-06-27T15:59:00,1687881480,72.14,55.0,0.46999999999999886,0.0,2006.92,9863.25,-3.0700000000001637,0.0
UNHCR_LAGOS_OFFICE_DG1_and_DG2_1687881540,2023-06-27T15:59:00,2023-06-27T16:00:00,1687881540,71.91,55.0,0.23000000000000398,0.0,2006.94,9863.25,-3.0900000000001455,0.0
UNHCR_LAGOS_OFFICE_DG1_and_DG2_1687881600,2023-06-27T16:00:00,2023-06-27T16:01:00,1687881600,71.91,55.0,0.0,0.0,2006.95,9863.25,-3.1000000000001364,0.0
UNHCR_LAGOS_OFFICE_DG1_and_DG2_1687881660,2023-06-27T16:01:00,2023-06-27T16:02:00,1687881660,71.68,55.0,0.22999999999998977,0.0,2006.97,9863.25,-3.1200000000001182,0.0
UNHCR_LAGOS_OFFICE_DG1_and_DG2_1687881720,2023-06-27T16:02:00,2023-06-27T16:03:00,1687881720,71.68,55.0,0.0,0.0,2006.99,9863.25,-3.1400000000001,0.0
UNHCR_LAGOS_OFFICE_DG1_and_DG2_1687881780,2023-06-27T16:03:00,2023-06-27T16:04:00,1687881780,71.68,55.0,0.0,0.0,2007.0,9863.25,-3.150000000000091,0.0
UNHCR_LAGOS_OFFICE_DG1_and_DG2_1687881840,2023-06-27T16:04:00,2023-06-27T16:05:00,1687881840,71.68,55.0,0.0,0.0,2007.02,9863.25,-3.1700000000000728,0.0
UNHCR_LAGOS_OFFICE_DG1_and_DG2_1687881900,2023-06-27T16:05:00,2023-06-27T16:06:00,1687881900,71.68,55.0,0.0,0.0,2007.04,9863.25,-3.1900000000000546,0.0
UNHCR_LAGOS_OFFICE_DG1_and_DG2_1687881960,2023-06-27T16:06:00,2023-06-27T16:07:00,1687881960,71.68,55.0,0.0,0.0,2007.05,9863.25,-3.2000000000000455,0.0
UNHCR_LAGOS_OFFICE_DG1_and_DG2_1687882020,2023-06-27T16:07:00,2023-06-27T16:08:00,1687882020,71.45,55.0,0.23000000000000398,0.0,2007.07,9863.25,-3.2200000000000273,0.0
UNHCR_LAGOS_OFFICE_DG1_and_DG2_1687882080,2023-06-27T16:08:00,2023-06-27T16:09:00,1687882080,71.45,55.0,0.0,0.0,2007.09,9863.25,-3.240000000000009,0.0
UNHCR_LAGOS_OFFICE_DG1_and_DG2_1687882140,2023-06-27T16:09:00,2023-06-27T16:10:00,1687882140,71.45,55.0,0.0,0.0,2007.1,9863.25,-3.25,0.0
UNHCR_LAGOS_OFFICE_DG1_and_DG2_1687882200,2023-06-27T16:10:00,2023-06-27T16:11:00,1687882200,71.22,55.0,0.23000000000000398,0.0,2007.12,9863.25,-3.269999999999982,0.0
UNHCR_LAGOS_OFFICE_DG1_and_DG2_1687882260,2023-06-27T16:11:00,2023-06-27T16:12:00,1687882260,71.22,55.0,0.0,0.0,2007.14,9863.25,-3.290000000000191,0.0
UNHCR_LAGOS_OFFICE_DG1_and_DG2_1687882320,2023-06-27T16:12:00,2023-06-27T16:13:00,1687882320,70.99,55.0,0.23000000000000398,0.0,2007.15,9863.25,-3.300000000000182,0.0
UNHCR_LAGOS_OFFICE_DG1_and_DG2_1687882380,2023-06-27T16:13:00,2023-06-27T16:14:00,1687882380,70.75,55.0,0.23999999999999488,0.0,2007.17,9863.25,-3.3200000000001637,0.0
UNHCR_LAGOS_OFFICE_DG1_and_DG2_1687882440,2023-06-27T16:14:00,2023-06-27T16:15:00,1687882440,70.52,55.0,0.23000000000000398,0.0,2007.19,9863.25,-3.3400000000001455,0.0
UNHCR_LAGOS_OFFICE_DG1_and_DG2_1687882500,2023-06-27T16:15:00,2023-06-27T16:16:00,1687882500,70.06,55.0,0.45999999999999375,0.0,2007.2,9863.25,-3.3500000000001364,0.0
UNHCR_LAGOS_OFFICE_DG1_and_DG2_1687882560,2023-06-27T16:16:00,2023-06-27T16:17:00,1687882560,69.83,55.0,0.23000000000000398,0.0,2007.22,9863.25,-3.3700000000001182,0.0
UNHCR_LAGOS_OFFICE_DG1_and_DG2_1687882620,2023-06-27T16:17:00,2023-06-27T16:18:00,1687882620,69.59,55.0,0.23999999999999488,0.0,2007.24,9863.25,-3.3900000000001,0.0
UNHCR_LAGOS_OFFICE_DG1_and_DG2_1687882680,2023-06-27T16:18:00,2023-06-27T16:19:00,1687882680,69.59,55.0,0.0,0.0,2007.25,9863.25,-3.400000000000091,0.0
UNHCR_LAGOS_OFFICE_DG1_and_DG2_1687882740,2023-06-27T16:19:00,2023-06-27T16:20:00,1687882740,69.59,55.0,0.0,0.0,2007.27,9863.25,-3.4200000000000728,0.0
UNHCR_LAGOS_OFFICE_DG1_and_DG2_1687882800,2023-06-27T16:20:00,2023-06-27T16:21:00,1687882800,69.59,55.0,0.0,0.0,2007.29,9863.25,-3.4400000000000546,0.0
UNHCR_LAGOS_OFFICE_DG1_and_DG2_1687882860,2023-06-27T16:21:00,2023-06-27T16:22:00,1687882860,69.36,55.0,0.23000000000000398,0.0,2007.3,9863.25,-3.4500000000000455,0.0
UNHCR_LAGOS_OFFICE_DG1_and_DG2_1687882920,2023-06-27T16:22:00,2023-06-27T16:23:00,1687882920,69.36,55.0,0.0,0.0,2007.32,9863.25,-3.4700000000000273,0.0
UNHCR_LAGOS_OFFICE_DG1_and_DG2_1687882980,2023-06-27T16:23:00,2023-06-27T16:24:00,1687882980,69.13,55.0,0.23000000000000398,0.0,2007.34,9863.25,-3.490000000000009,0.0
UNHCR_LAGOS_OFFICE_DG1_and_DG2_1687883040,2023-06-27T16:24:00,2023-06-27T16:25:00,1687883040,69.13,55.0,0.0,0.0,2007.35,9863.25,-3.5,0.0
UNHCR_LAGOS_OFFICE_DG1_and_DG2_1687883100,2023-06-27T16:25:00,2023-06-27T16:26:00,1687883100,69.13,55.0,0.0,0.0,2007.37,9863.25,-3.519999999999982,0.0
UNHCR_LAGOS_OFFICE_DG1_and_DG2_1687883160,2023-06-27T16:26:00,2023-06-27T16:27:00,1687883160,68.9,55.0,0.22999999999998977,0.0,2007.39,9863.25,-3.540000000000191,0.0
UNHCR_LAGOS_OFFICE_DG1_and_DG2_1687883220,2023-06-27T16:27:00,2023-06-27T16:28:00,1687883220,68.9,55.0,0.0,0.0,2007.4,9863.25,-3.550000000000182,0.0
UNHCR_LAGOS_OFFICE_DG1_and_DG2_1687883280,2023-06-27T16:28:00,2023-06-27T16:29:00,1687883280,68.67,55.0,0.23000000000000398,0.0,2007.42,9863.25,-3.5700000000001637,0.0
UNHCR_LAGOS_OFFICE_DG1_and_DG2_1687883340,2023-06-27T16:29:00,2023-06-27T16:30:00,1687883340,68.67,55.0,0.0,0.0,2007.44,9863.25,-3.5900000000001455,0.0
UNHCR_LAGOS_OFFICE_DG1_and_DG2_1687883400,2023-06-27T16:30:00,2023-06-27T16:31:00,1687883400,68.67,55.0,0.0,0.0,2007.45,9863.25,-3.6000000000001364,0.0
UNHCR_LAGOS_OFFICE_DG1_and_DG2_1687883460,2023-06-27T16:31:00,2023-06-27T16:32:00,1687883460,68.43,55.0,0.23999999999999488,0.0,2007.47,9863.25,-3.6200000000001182,0.0
UNHCR_LAGOS_OFFICE_DG1_and_DG2_1687883520,2023-06-27T16:32:00,2023-06-27T16:33:00,1687883520,68.43,55.0,0.0,0.0,2007.49,9863.25,-3.6400000000001,0.0
UNHCR_LAGOS_OFFICE_DG1_and_DG2_1687883580,2023-06-27T16:33:00,2023-06-27T16:34:00,1687883580,68.2,55.0,0.23000000000000398,0.0,2007.5,9863.25,-3.650000000000091,0.0
UNHCR_LAGOS_OFFICE_DG1_and_DG2_1687883640,2023-06-27T16:34:00,2023-06-27T16:35:00,1687883640,67.97,55.0,0.23000000000000398,0.0,2007.52,9863.25,-3.6700000000000728,0.0
UNHCR_LAGOS_OFFICE_DG1_and_DG2_1687883700,2023-06-27T16:35:00,2023-06-27T16:36:00,1687883700,67.97,55.0,0.0,0.0,2007.54,9863.25,-3.6900000000000546,0.0
UNHCR_LAGOS_OFFICE_DG1_and_DG2_1687883760,2023-06-27T16:36:00,2023-06-27T16:37:00,1687883760,67.74,55.0,0.23000000000000398,0.0,2007.55,9863.25,-3.7000000000000455,0.0
UNHCR_LAGOS_OFFICE_DG1_and_DG2_1687883820,2023-06-27T16:37:00,2023-06-27T16:38:00,1687883820,67.74,55.0,0.0,0.0,2007.57,9863.25,-3.7200000000000273,0.0
UNHCR_LAGOS_OFFICE_DG1_and_DG2_1687883880,2023-06-27T16:38:00,2023-06-27T16:39:00,1687883880,67.51,55.0,0.22999999999998977,0.0,2007.59,9863.25,-3.740000000000009,0.0
UNHCR_LAGOS_OFFICE_DG1_and_DG2_1687883940,2023-06-27T16:39:00,2023-06-27T16:40:00,1687883940,67.28,55.0,0.23000000000000398,0.0,2007.6,9863.25,-3.75,0.0
UNHCR_LAGOS_OFFICE_DG1_and_DG2_1687884000,2023-06-27T16:40:00,2023-06-27T16:41:00,1687884000,67.04,55.0,0.23999999999999488,0.0,2007.62,9863.25,-3.769999999999982,0.0
UNHCR_LAGOS_OFFICE_DG1_and_DG2_1687884060,2023-06-27T16:41:00,2023-06-27T16:42:00,1687884060,66.81,55.0,0.23000000000000398,0.0,2007.64,9863.25,-3.790000000000191,0.0
UNHCR_LAGOS_OFFICE_DG1_and_DG2_1687884120,2023-06-27T16:42:00,2023-06-27T16:43:00,1687884120,66.81,55.0,0.0,0.0,2007.65,9863.25,-3.800000000000182,0.0
UNHCR_LAGOS_OFFICE_DG1_and_DG2_1687884180,2023-06-27T16:43:00,2023-06-27T16:44:00,1687884180,66.58,55.0,0.23000000000000398,0.0,2007.67,9863.25,-3.8200000000001637,0.0
UNHCR_LAGOS_OFFICE_DG1_and_DG2_1687884240,2023-06-27T16:44:00,2023-06-27T16:45:00,1687884240,66.35,55.0,0.23000000000000398,0.0,2007.69,9863.25,-3.8400000000001455,0.0
UNHCR_LAGOS_OFFICE_DG1_and_DG2_1687884300,2023-06-27T16:45:00,2023-06-27T16:46:00,1687884300,66.12,55.0,0.22999999999998977,0.0,2007.7,9863.25,-3.8500000000001364,0.0
UNHCR_LAGOS_OFFICE_DG1_and_DG2_1687884360,2023-06-27T16:46:00,2023-06-27T16:47:00,1687884360,66.12,55.0,0.0,0.0,2007.72,9863.25,-3.8700000000001182,0.0
UNHCR_LAGOS_OFFICE_DG1_and_DG2_1687884420,2023-06-27T16:47:00,2023-06-27T16:48:00,1687884420,66.12,55.0,0.0,0.0,2007.74,9863.25,-3.8900000000001,0.0
UNHCR_LAGOS_OFFICE_DG1_and_DG2_1687884480,2023-06-27T16:48:00,2023-06-27T16:49:00,1687884480,66.12,55.0,0.0,0.0,2007.75,9863.25,-3.900000000000091,0.0
UNHCR_LAGOS_OFFICE_DG1_and_DG2_1687884540,2023-06-27T16:49:00,2023-06-27T16:50:00,1687884540,66.12,55.0,0.0,0.0,2007.77,9863.25,-3.9200000000000728,0.0
UNHCR_LAGOS_OFFICE_DG1_and_DG2_1687884600,2023-06-27T16:50:00,2023-06-27T16:51:00,1687884600,66.12,55.0,0.0,0.0,2007.79,9863.25,-3.9400000000000546,0.0
UNHCR_LAGOS_OFFICE_DG1_and_DG2_1687884660,2023-06-27T16:51:00,2023-06-27T16:52:00,1687884660,65.88,55.0,0.2400000000000091,0.0,2007.8,9863.25,-3.9500000000000455,0.0
UNHCR_LAGOS_OFFICE_DG1_and_DG2_1687884720,2023-06-27T16:52:00,2023-06-27T16:53:00,1687884720,65.65,55.0,0.22999999999998977,0.0,2007.82,9863.25,-3.9700000000000273,0.0
UNHCR_LAGOS_OFFICE_DG1_and_DG2_1687884780,2023-06-27T16:53:00,2023-06-27T16:54:00,1687884780,65.65,55.0,0.0,0.0,2007.84,9863.25,-3.990000000000009,0.0
UNHCR_LAGOS_OFFICE_DG1_and_DG2_1687884840,2023-06-27T16:54:00,2023-06-27T16:55:00,1687884840,65.42,55.0,0.23000000000000398,0.0,2007.85,9863.25,-4.0,0.0
UNHCR_LAGOS_OFFICE_DG1_and_DG2_1687884900,2023-06-27T16:55:00,2023-06-27T16:56:00,1687884900,65.42,55.0,0.0,0.0,2007.87,9863.25,-4.019999999999982,0.0
UNHCR_LAGOS_OFFICE_DG1_and_DG2_1687884960,2023-06-27T16:56:00,2023-06-27T16:57:00,1687884960,65.42,55.0,0.0,0.0,2007.89,9863.25,-4.040000000000191,0.0
UNHCR_LAGOS_OFFICE_DG1_and_DG2_1687885020,2023-06-27T16:57:00,2023-06-27T16:58:00,1687885020,65.19,55.0,0.23000000000000398,0.0,2007.9,9863.25,-4.050000000000182,0.0
UNHCR_LAGOS_OFFICE_DG1_and_DG2_1687885080,2023-06-27T16:58:00,2023-06-27T16:59:00,1687885080,65.19,55.0,0.0,0.0,2007.92,9863.25,-4.070000000000164,0.0
UNHCR_LAGOS_OFFICE_DG1_and_DG2_1687885140,2023-06-27T16:59:00,2023-06-27T17:00:00,1687885140,65.19,55.0,0.0,0.0,2007.94,9863.25,-4.0900000000001455,0.0
UNHCR_LAGOS_OFFICE_DG1_and_DG2_1687885200,2023-06-27T17:00:00,2023-06-27T17:01:00,1687885200,64.96,55.0,0.23000000000000398,0.0,2007.95,9863.25,-4.100000000000136,0.0
UNHCR_LAGOS_OFFICE_DG1_and_DG2_1687885260,2023-06-27T17:01:00,2023-06-27T17:02:00,1687885260,64.96,55.0,0.0,0.0,2007.97,9863.25,-4.120000000000118,0.0
UNHCR_LAGOS_OFFICE_DG1_and_DG2_1687885320,2023-06-27T17:02:00,2023-06-27T17:03:00,1687885320,64.96,55.0,0.0,0.0,2007.99,9863.25,-4.1400000000001,0.0
UNHCR_LAGOS_OFFICE_DG1_and_DG2_1687885380,2023-06-27T17:03:00,2023-06-27T17:04:00,1687885380,64.96,55.0,0.0,0.0,2008.0,9863.25,-4.150000000000091,0.0
UNHCR_LAGOS_OFFICE_DG1_and_DG2_1687885440,2023-06-27T17:04:00,2023-06-27T17:05:00,1687885440,64.96,55.0,0.0,0.0,2008.02,9863.25,-4.170000000000073,0.0
UNHCR_LAGOS_OFFICE_DG1_and_DG2_1687885500,2023-06-27T17:05:00,2023-06-27T17:06:00,1687885500,64.96,55.0,0.0,0.0,2008.04,9863.25,-4.190000000000055,0.0
UNHCR_LAGOS_OFFICE_DG1_and_DG2_1687885560,2023-06-27T17:06:00,2023-06-27T17:07:00,1687885560,64.96,55.0,0.0,0.0,2008.05,9863.25,-4.2000000000000455,0.0
UNHCR_LAGOS_OFFICE_DG1_and_DG2_1687885620,2023-06-27T17:07:00,2023-06-27T17:08:00,1687885620,64.96,55.0,0.0,0.0,2008.07,9863.25,-4.220000000000027,0.0
UNHCR_LAGOS_OFFICE_DG1_and_DG2_1687885680,2023-06-27T17:08:00,2023-06-27T17:09:00,1687885680,64.96,55.0,0.0,0.0,2008.09,9863.25,-4.240000000000009,0.0
UNHCR_LAGOS_OFFICE_DG1_and_DG2_1687885740,2023-06-27T17:09:00,2023-06-27T17:10:00,1687885740,64.96,55.0,0.0,0.0,2008.1,9863.25,-4.25,0.0
UNHCR_LAGOS_OFFICE_DG1_and_DG2_1687885800,2023-06-27T17:10:00,2023-06-27T17:11:00,1687885800,64.72,55.0,0.23999999999999488,0.0,2008.12,9863.25,-4.269999999999982,0.0
UNHCR_LAGOS_OFFICE_DG1_and_DG2_1687885860,2023-06-27T17:11:00,2023-06-27T17:12:00,1687885860,64.49,55.0,0.23000000000000398,0.0,2008.14,9863.25,-4.290000000000191,0.0
UNHCR_LAGOS_OFFICE_DG1_and_DG2_1687885920,2023-06-27T17:12:00,2023-06-27T17:13:00,1687885920,64.49,55.0,0.0,0.0,2008.15,9863.25,-4.300000000000182,0.0
UNHCR_LAGOS_OFFICE_DG1_and_DG2_1687885980,2023-06-27T17:13:00,2023-06-27T17:14:00,1687885980,64.26,55.0,0.22999999999998977,0.0,2008.17,9863.25,-4.320000000000164,0.0
UNHCR_LAGOS_OFFICE_DG1_and_DG2_1687886040,2023-06-27T17:14:00,2023-06-27T17:15:00,1687886040,64.26,55.0,0.0,0.0,2008.19,9863.25,-4.3400000000001455,0.0
UNHCR_LAGOS_OFFICE_DG1_and_DG2_1687886100,2023-06-27T17:15:00,2023-06-27T17:16:00,1687886100,64.26,55.0,0.0,0.0,2008.2,9863.25,-4.350000000000136,0.0
UNHCR_LAGOS_OFFICE_DG1_and_DG2_1687886160,2023-06-27T17:16:00,2023-06-27T17:17:00,1687886160,64.03,55.0,0.23000000000000398,0.0,2008.22,9863.25,-4.370000000000118,0.0
UNHCR_LAGOS_OFFICE_DG1_and_DG2_1687886220,2023-06-27T17:17:00,2023-06-27T17:18:00,1687886220,64.03,55.0,0.0,0.0,2008.24,9863.25,-4.3900000000001,0.0
UNHCR_LAGOS_OFFICE_DG1_and_DG2_1687886280,2023-06-27T17:18:00,2023-06-27T17:19:00,1687886280,64.03,55.0,0.0,0.0,2008.25,9863.25,-4.400000000000091,0.0
UNHCR_LAGOS_OFFICE_DG1_and_DG2_1687886340,2023-06-27T17:19:00,2023-06-27T17:20:00,1687886340,64.03,55.0,0.0,0.0,2008.27,9863.25,-4.420000000000073,0.0
UNHCR_LAGOS_OFFICE_DG1_and_DG2_1687886400,2023-06-27T17:20:00,2023-06-27T17:21:00,1687886400,63.8,55.0,0.23000000000000398,0.0,2008.29,9863.25,-4.440000000000055,0.0
UNHCR_LAGOS_OFFICE_DG1_and_DG2_1687886460,2023-06-27T17:21:00,2023-06-27T17:22:00,1687886460,63.8,55.0,0.0,0.0,2008.3,9863.25,-4.4500000000000455,0.0
UNHCR_LAGOS_OFFICE_DG1_and_DG2_1687886520,2023-06-27T17:22:00,2023-06-27T17:23:00,1687886520,63.8,55.0,0.0,0.0,2008.32,9863.25,-4.470000000000027,0.0
UNHCR_LAGOS_OFFICE_DG1_and_DG2_1687886580,2023-06-27T17:23:00,2023-06-27T17:24:00,1687886580,63.8,55.0,0.0,0.0,2008.34,9863.25,-4.490000000000009,0.0
UNHCR_LAGOS_OFFICE_DG1_and_DG2_1687886640,2023-06-27T17:24:00,2023-06-27T17:25:00,1687886640,63.8,55.0,0.0,0.0,2008.35,9863.25,-4.5,0.0
UNHCR_LAGOS_OFFICE_DG1_and_DG2_1687886700,2023-06-27T17:25:00,2023-06-27T17:26:00,1687886700,63.8,55.0,0.0,0.0,2008.37,9863.25,-4.519999999999982,0.0
UNHCR_LAGOS_OFFICE_DG1_and_DG2_1687886760,2023-06-27T17:26:00,2023-06-27T17:27:00,1687886760,63.8,55.0,0.0,0.0,2008.39,9863.25,-4.540000000000191,0.0
UNHCR_LAGOS_OFFICE_DG1_and_DG2_1687886820,2023-06-27T17:27:00,2023-06-27T17:28:00,1687886820,63.8,55.0,0.0,0.0,2008.4,9863.25,-4.550000000000182,0.0
UNHCR_LAGOS_OFFICE_DG1_and_DG2_1687886880,2023-06-27T17:28:00,2023-06-27T17:29:00,1687886880,63.8,55.0,0.0,0.0,2008.42,9863.25,-4.570000000000164,0.0
UNHCR_LAGOS_OFFICE_DG1_and_DG2_1687886940,2023-06-27T17:29:00,2023-06-27T17:30:00,1687886940,63.57,55.0,0.22999999999999687,0.0,2008.44,9863.25,-4.5900000000001455,0.0
UNHCR_LAGOS_OFFICE_DG1_and_DG2_1687887000,2023-06-27T17:30:00,2023-06-27T17:31:00,1687887000,63.33,55.0,0.240000000000002,0.0,2008.45,9863.25,-4.600000000000136,0.0
UNHCR_LAGOS_OFFICE_DG1_and_DG2_1687887060,2023-06-27T17:31:00,2023-06-27T17:32:00,1687887060,63.33,55.0,0.0,0.0,2008.47,9863.25,-4.620000000000118,0.0
UNHCR_LAGOS_OFFICE_DG1_and_DG2_1687887120,2023-06-27T17:32:00,2023-06-27T17:33:00,1687887120,63.1,55.0,0.22999999999999687,0.0,2008.49,9863.25,-4.6400000000001,0.0
UNHCR_LAGOS_OFFICE_DG1_and_DG2_1687887180,2023-06-27T17:33:00,2023-06-27T17:34:00,1687887180,63.1,55.0,0.0,0.0,2008.5,9863.25,-4.650000000000091,0.0
UNHCR_LAGOS_OFFICE_DG1_and_DG2_1687887240,2023-06-27T17:34:00,2023-06-27T17:35:00,1687887240,63.1,55.0,0.0,0.0,2008.52,9863.25,-4.670000000000073,0.0
UNHCR_LAGOS_OFFICE_DG1_and_DG2_1687887300,2023-06-27T17:35:00,2023-06-27T17:36:00,1687887300,63.1,55.0,0.0,0.0,2008.54,9863.25,-4.690000000000055,0.0
UNHCR_LAGOS_OFFICE_DG1_and_DG2_1687887360,2023-06-27T17:36:00,2023-06-27T17:37:00,1687887360,63.1,55.0,0.0,0.0,2008.55,9863.25,-4.7000000000000455,0.0
UNHCR_LAGOS_OFFICE_DG1_and_DG2_1687887420,2023-06-27T17:37:00,2023-06-27T17:38:00,1687887420,63.1,55.0,0.0,0.0,2008.56,9863.25,-4.710000000000036,0.0
UNHCR_LAGOS_OFFICE_DG1_and_DG2_1687887480,2023-06-27T17:38:00,2023-06-27T17:39:00,1687887480,63.1,55.0,0.0,0.0,2008.56,9863.25,-4.710000000000036,0.0
UNHCR_LAGOS_OFFICE_DG1_and_DG2_1687887540,2023-06-27T17:39:00,2023-06-27T17:40:00,1687887540,63.1,55.0,0.0,0.0,2008.56,9863.25,-4.710000000000036,0.0
UNHCR_LAGOS_OFFICE_DG1_and_DG2_1687887600,2023-06-27T17:40:00,2023-06-27T17:41:00,1687887600,63.1,55.0,0.0,0.0,2008.56,9863.25,-4.710000000000036,0.0
UNHCR_LAGOS_OFFICE_DG1_and_DG2_1687887660,2023-06-27T17:41:00,2023-06-27T17:42:00,1687887660,63.1,55.0,0.0,0.0,2008.56,9863.25,-4.710000000000036,0.0
UNHCR_LAGOS_OFFICE_DG1_and_DG2_1687887720,2023-06-27T17:42:00,2023-06-27T17:43:00,1687887720,63.1,55.0,0.0,0.0,2008.56,9863.25,-4.710000000000036,0.0
UNHCR_LAGOS_OFFICE_DG1_and_DG2_1687887780,2023-06-27T17:43:00,2023-06-27T17:44:00,1687887780,63.1,55.0,0.0,0.0,2008.56,9863.25,-4.710000000000036,0.0
UNHCR_LAGOS_OFFICE_DG1_and_DG2_1687887840,2023-06-27T17:44:00,2023-06-27T17:45:00,1687887840,63.1,55.0,0.0,0.0,2008.56,9863.25,-4.710000000000036,0.0
UNHCR_LAGOS_OFFICE_DG1_and_DG2_1687887900,2023-06-27T17:45:00,2023-06-27T17:46:00,1687887900,63.1,55.0,0.0,0.0,2008.56,9863.25,-4.710000000000036,0.0
UNHCR_LAGOS_OFFICE_DG1_and_DG2_1687887960,2023-06-27T17:46:00,2023-06-27T17:47:00,1687887960,63.1,55.0,0.0,0.0,2008.56,9863.25,-4.710000000000036,0.0
UNHCR_LAGOS_OFFICE_DG1_and_DG2_1687888020,2023-06-27T17:47:00,2023-06-27T17:48:00,1687888020,63.1,55.0,0.0,0.0,2008.56,9863.25,-4.710000000000036,0.0
UNHCR_LAGOS_OFFICE_DG1_and_DG2_1687888080,2023-06-27T17:48:00,2023-06-27T17:49:00,1687888080,63.1,55.0,0.0,0.0,2008.56,9863.25,-4.710000000000036,0.0
UNHCR_LAGOS_OFFICE_DG1_and_DG2_1687888140,2023-06-27T17:49:00,2023-06-27T17:50:00,1687888140,63.1,55.0,0.0,0.0,2008.56,9863.25,-4.710000000000036,0.0
UNHCR_LAGOS_OFFICE_DG1_and_DG2_1687888200,2023-06-27T17:50:00,2023-06-27T17:51:00,1687888200,63.1,55.0,0.0,0.0,2008.56,9863.25,-4.710000000000036,0.0
UNHCR_LAGOS_OFFICE_DG1_and_DG2_1687888260,2023-06-27T17:51:00,2023-06-27T17:52:00,1687888260,63.1,55.0,0.0,0.0,2008.56,9863.25,-4.710000000000036,0.0
UNHCR_LAGOS_OFFICE_DG1_and_DG2_1687888320,2023-06-27T17:52:00,2023-06-27T17:53:00,1687888320,63.1,55.0,0.0,0.0,2008.56,9863.25,-4.710000000000036,0.0
UNHCR_LAGOS_OFFICE_DG1_and_DG2_1687888380,2023-06-27T17:53:00,2023-06-27T17:54:00,1687888380,63.1,55.0,0.0,0.0,2008.56,9863.25,-4.710000000000036,0.0
UNHCR_LAGOS_OFFICE_DG1_and_DG2_1687888440,2023-06-27T17:54:00,2023-06-27T17:55:00,1687888440,63.1,55.0,0.0,0.0,2008.56,9863.25,-4.710000000000036,0.0
UNHCR_LAGOS_OFFICE_DG1_and_DG2_1687888500,2023-06-27T17:55:00,2023-06-27T17:56:00,1687888500,63.1,55.0,0.0,0.0,2008.56,9863.25,-4.710000000000036,0.0
UNHCR_LAGOS_OFFICE_DG1_and_DG2_1687888560,2023-06-27T17:56:00,2023-06-27T17:57:00,1687888560,63.1,55.0,0.0,0.0,2008.56,9863.25,-4.710000000000036,0.0
UNHCR_LAGOS_OFFICE_DG1_and_DG2_1687888620,2023-06-27T17:57:00,2023-06-27T17:58:00,1687888620,63.1,55.0,0.0,0.0,2008.56,9863.25,-4.710000000000036,0.0
UNHCR_LAGOS_OFFICE_DG1_and_DG2_1687888680,2023-06-27T17:58:00,2023-06-27T17:59:00,1687888680,63.1,55.0,0.0,0.0,2008.56,9863.25,-4.710000000000036,0.0
UNHCR_LAGOS_OFFICE_DG1_and_DG2_1687888740,2023-06-27T17:59:00,2023-06-27T18:00:00,1687888740,63.1,55.0,0.0,0.0,2008.56,9863.25,-4.710000000000036,0.0
UNHCR_LAGOS_OFFICE_DG1_and_DG2_1687888800,2023-06-27T18:00:00,2023-06-27T18:01:00,1687888800,63.1,55.0,0.0,0.0,2008.56,9863.25,-4.710000000000036,0.0
UNHCR_LAGOS_OFFICE_DG1_and_DG2_1687888860,2023-06-27T18:01:00,2023-06-27T18:02:00,1687888860,63.1,55.0,0.0,0.0,2008.56,9863.25,-4.710000000000036,0.0
UNHCR_LAGOS_OFFICE_DG1_and_DG2_1687888920,2023-06-27T18:02:00,2023-06-27T18:03:00,1687888920,63.1,55.0,0.0,0.0,2008.56,9863.25,-4.710000000000036,0.0
UNHCR_LAGOS_OFFICE_DG1_and_DG2_1687888980,2023-06-27T18:03:00,2023-06-27T18:04:00,1687888980,63.1,55.0,0.0,0.0,2008.56,9863.25,-4.710000000000036,0.0
UNHCR_LAGOS_OFFICE_DG1_and_DG2_1687889040,2023-06-27T18:04:00,2023-06-27T18:05:00,1687889040,63.1,55.0,0.0,0.0,2008.56,9863.25,-4.710000000000036,0.0
UNHCR_LAGOS_OFFICE_DG1_and_DG2_1687889100,2023-06-27T18:05:00,2023-06-27T18:06:00,1687889100,63.1,55.0,0.0,0.0,2008.56,9863.25,-4.710000000000036,0.0
UNHCR_LAGOS_OFFICE_DG1_and_DG2_1687889160,2023-06-27T18:06:00,2023-06-27T18:07:00,1687889160,63.1,55.0,0.0,0.0,2008.56,9863.25,-4.710000000000036,0.0
UNHCR_LAGOS_OFFICE_DG1_and_DG2_1687889220,2023-06-27T18:07:00,2023-06-27T18:08:00,1687889220,63.1,55.0,0.0,0.0,2008.56,9863.25,-4.710000000000036,0.0
UNHCR_LAGOS_OFFICE_DG1_and_DG2_1687889280,2023-06-27T18:08:00,2023-06-27T18:09:00,1687889280,63.1,55.0,0.0,0.0,2008.56,9863.25,-4.710000000000036,0.0
UNHCR_LAGOS_OFFICE_DG1_and_DG2_1687889340,2023-06-27T18:09:00,2023-06-27T18:10:00,1687889340,63.1,55.0,0.0,0.0,2008.56,9863.25,-4.710000000000036,0.0
UNHCR_LAGOS_OFFICE_DG1_and_DG2_1687889400,2023-06-27T18:10:00,2023-06-27T18:11:00,1687889400,63.1,55.0,0.0,0.0,2008.56,9863.25,-4.710000000000036,0.0
UNHCR_LAGOS_OFFICE_DG1_and_DG2_1687889460,2023-06-27T18:11:00,2023-06-27T18:12:00,1687889460,63.1,55.0,0.0,0.0,2008.56,9863.25,-4.710000000000036,0.0
UNHCR_LAGOS_OFFICE_DG1_and_DG2_1687889520,2023-06-27T18:12:00,2023-06-27T18:13:00,1687889520,63.1,55.0,0.0,0.0,2008.56,9863.25,-4.710000000000036,0.0
UNHCR_LAGOS_OFFICE_DG1_and_DG2_1687889580,2023-06-27T18:13:00,2023-06-27T18:14:00,1687889580,63.1,55.0,0.0,0.0,2008.56,9863.25,-4.710000000000036,0.0
UNHCR_LAGOS_OFFICE_DG1_and_DG2_1687889640,2023-06-27T18:14:00,2023-06-27T18:15:00,1687889640,63.1,55.0,0.0,0.0,2008.56,9863.25,-4.710000000000036,0.0
UNHCR_LAGOS_OFFICE_DG1_and_DG2_1687889700,2023-06-27T18:15:00,2023-06-27T18:16:00,1687889700,63.1,55.0,0.0,0.0,2008.56,9863.25,-4.710000000000036,0.0
UNHCR_LAGOS_OFFICE_DG1_and_DG2_1687889760,2023-06-27T18:16:00,2023-06-27T18:17:00,1687889760,63.1,55.0,0.0,0.0,2008.56,9863.25,-4.710000000000036,0.0
UNHCR_LAGOS_OFFICE_DG1_and_DG2_1687889820,2023-06-27T18:17:00,2023-06-27T18:18:00,1687889820,63.1,55.0,0.0,0.0,2008.56,9863.25,-4.710000000000036,0.0
UNHCR_LAGOS_OFFICE_DG1_and_DG2_1687889880,2023-06-27T18:18:00,2023-06-27T18:19:00,1687889880,63.1,55.0,0.0,0.0,2008.56,9863.25,-4.710000000000036,0.0
UNHCR_LAGOS_OFFICE_DG1_and_DG2_1687889940,2023-06-27T18:19:00,2023-06-27T18:20:00,1687889940,63.1,55.0,0.0,0.0,2008.56,9863.25,-4.710000000000036,0.0
UNHCR_LAGOS_OFFICE_DG1_and_DG2_1687890000,2023-06-27T18:20:00,2023-06-27T18:21:00,1687890000,63.1,54.92,0.0,0.0799999999999983,2008.56,9863.25,-4.710000000000036,0.0
UNHCR_LAGOS_OFFICE_DG1_and_DG2_1687890060,2023-06-27T18:21:00,2023-06-27T18:22:00,1687890060,63.1,54.83,0.0,0.09000000000000341,2008.56,9863.25,-4.710000000000036,0.0
UNHCR_LAGOS_OFFICE_DG1_and_DG2_1687890120,2023-06-27T18:22:00,2023-06-27T18:23:00,1687890120,63.1,54.75,0.0,0.0799999999999983,2008.56,9863.25,-4.710000000000036,0.0
UNHCR_LAGOS_OFFICE_DG1_and_DG2_1687890180,2023-06-27T18:23:00,2023-06-27T18:24:00,1687890180,63.1,54.67,0.0,0.0799999999999983,2008.56,9863.25,-4.710000000000036,0.0
UNHCR_LAGOS_OFFICE_DG1_and_DG2_1687890240,2023-06-27T18:24:00,2023-06-27T18:25:00,1687890240,63.1,54.67,0.0,0.0,2008.56,9863.25,-4.710000000000036,0.0
UNHCR_LAGOS_OFFICE_DG1_and_DG2_1687890300,2023-06-27T18:25:00,2023-06-27T18:26:00,1687890300,63.1,54.67,0.0,0.0,2008.56,9863.25,-4.710000000000036,0.0
UNHCR_LAGOS_OFFICE_DG1_and_DG2_1687890360,2023-06-27T18:26:00,2023-06-27T18:27:00,1687890360,63.1,54.59,0.0,0.0799999999999983,2008.56,9863.25,-4.710000000000036,0.0
UNHCR_LAGOS_OFFICE_DG1_and_DG2_1687890420,2023-06-27T18:27:00,2023-06-27T18:28:00,1687890420,63.1,54.5,0.0,0.09000000000000341,2008.56,9863.25,-4.710000000000036,0.0
UNHCR_LAGOS_OFFICE_DG1_and_DG2_1687890480,2023-06-27T18:28:00,2023-06-27T18:29:00,1687890480,63.1,54.42,0.0,0.0799999999999983,2008.56,9863.25,-4.710000000000036,0.0
UNHCR_LAGOS_OFFICE_DG1_and_DG2_1687890540,2023-06-27T18:29:00,2023-06-27T18:30:00,1687890540,63.1,54.34,0.0,0.0799999999999983,2008.56,9863.25,-4.710000000000036,0.0
UNHCR_LAGOS_OFFICE_DG1_and_DG2_1687890600,2023-06-27T18:30:00,2023-06-27T18:31:00,1687890600,63.1,54.34,0.0,0.0,2008.56,9863.25,-4.710000000000036,0.0
UNHCR_LAGOS_OFFICE_DG1_and_DG2_1687890660,2023-06-27T18:31:00,2023-06-27T18:32:00,1687890660,63.1,54.26,0.0,0.0800000000000054,2008.56,9863.25,-4.710000000000036,0.0
UNHCR_LAGOS_OFFICE_DG1_and_DG2_1687890720,2023-06-27T18:32:00,2023-06-27T18:33:00,1687890720,63.1,54.17,0.0,0.0899999999999963,2008.56,9863.25,-4.710000000000036,0.0
UNHCR_LAGOS_OFFICE_DG1_and_DG2_1687890780,2023-06-27T18:33:00,2023-06-27T18:34:00,1687890780,63.1,54.09,0.0,0.0799999999999983,2008.56,9863.25,-4.710000000000036,0.0
UNHCR_LAGOS_OFFICE_DG1_and_DG2_1687890840,2023-06-27T18:34:00,2023-06-27T18:35:00,1687890840,63.1,54.01,0.0,0.0800000000000054,2008.56,9863.25,-4.710000000000036,0.0
UNHCR_LAGOS_OFFICE_DG1_and_DG2_1687890900,2023-06-27T18:35:00,2023-06-27T18:36:00,1687890900,63.1,54.01,0.0,0.0,2008.56,9863.25,-4.710000000000036,0.0
UNHCR_LAGOS_OFFICE_DG1_and_DG2_1687890960,2023-06-27T18:36:00,2023-06-27T18:37:00,1687890960,63.1,54.01,0.0,0.0,2008.56,9863.25,-4.710000000000036,0.0
UNHCR_LAGOS_OFFICE_DG1_and_DG2_1687891020,2023-06-27T18:37:00,2023-06-27T18:38:00,1687891020,63.1,54.01,0.0,0.0,2008.56,9863.25,-4.710000000000036,0.0
UNHCR_LAGOS_OFFICE_DG1_and_DG2_1687891080,2023-06-27T18:38:00,2023-06-27T18:39:00,1687891080,63.1,53.92,0.0,0.0899999999999963,2008.56,9863.25,-4.710000000000036,0.0
UNHCR_LAGOS_OFFICE_DG1_and_DG2_1687891140,2023-06-27T18:39:00,2023-06-27T18:40:00,1687891140,63.1,53.84,0.0,0.0799999999999983,2008.56,9863.25,-4.710000000000036,0.0
UNHCR_LAGOS_OFFICE_DG1_and_DG2_1687891200,2023-06-27T18:40:00,2023-06-27T18:41:00,1687891200,63.1,53.76,0.0,0.0800000000000054,2008.56,9863.25,-4.710000000000036,0.0
UNHCR_LAGOS_OFFICE_DG1_and_DG2_1687891260,2023-06-27T18:41:00,2023-06-27T18:42:00,1687891260,63.1,53.68,0.0,0.0799999999999983,2008.56,9863.25,-4.710000000000036,0.0
UNHCR_LAGOS_OFFICE_DG1_and_DG2_1687891320,2023-06-27T18:42:00,2023-06-27T18:43:00,1687891320,63.1,53.68,0.0,0.0,2008.56,9863.25,-4.710000000000036,0.0
UNHCR_LAGOS_OFFICE_DG1_and_DG2_1687891380,2023-06-27T18:43:00,2023-06-27T18:44:00,1687891380,63.1,53.68,0.0,0.0,2008.56,9863.25,-4.710000000000036,0.0
UNHCR_LAGOS_OFFICE_DG1_and_DG2_1687891440,2023-06-27T18:44:00,2023-06-27T18:45:00,1687891440,63.1,53.59,0.0,0.0899999999999963,2008.56,9863.25,-4.710000000000036,0.0
UNHCR_LAGOS_OFFICE_DG1_and_DG2_1687891500,2023-06-27T18:45:00,2023-06-27T18:46:00,1687891500,63.1,53.51,0.0,0.0800000000000054,2008.56,9863.25,-4.710000000000036,0.0
UNHCR_LAGOS_OFFICE_DG1_and_DG2_1687891560,2023-06-27T18:46:00,2023-06-27T18:47:00,1687891560,63.1,53.43,0.0,0.0799999999999983,2008.56,9863.25,-4.710000000000036,0.0
UNHCR_LAGOS_OFFICE_DG1_and_DG2_1687891620,2023-06-27T18:47:00,2023-06-27T18:48:00,1687891620,63.1,53.35,0.0,0.0799999999999983,2008.56,9863.25,-4.710000000000036,0.0
UNHCR_LAGOS_OFFICE_DG1_and_DG2_1687891680,2023-06-27T18:48:00,2023-06-27T18:49:00,1687891680,63.1,53.35,0.0,0.0,2008.56,9863.25,-4.710000000000036,0.0
UNHCR_LAGOS_OFFICE_DG1_and_DG2_1687891740,2023-06-27T18:49:00,2023-06-27T18:50:00,1687891740,63.1,53.35,0.0,0.0,2008.56,9863.25,-4.710000000000036,0.0
UNHCR_LAGOS_OFFICE_DG1_and_DG2_1687891800,2023-06-27T18:50:00,2023-06-27T18:51:00,1687891800,63.1,53.35,0.0,0.0,2008.56,9863.25,-4.710000000000036,0.0
UNHCR_LAGOS_OFFICE_DG1_and_DG2_1687891860,2023-06-27T18:51:00,2023-06-27T18:52:00,1687891860,63.1,53.35,0.0,0.0,2008.56,9863.25,-4.710000000000036,0.0
UNHCR_LAGOS_OFFICE_DG1_and_DG2_1687891920,2023-06-27T18:52:00,2023-06-27T18:53:00,1687891920,63.1,53.35,0.0,0.0,2008.56,9863.25,-4.710000000000036,0.0
UNHCR_LAGOS_OFFICE_DG1_and_DG2_1687891980,2023-06-27T18:53:00,2023-06-27T18:54:00,1687891980,63.1,53.35,0.0,0.0,2008.56,9863.25,-4.710000000000036,0.0
UNHCR_LAGOS_OFFICE_DG1_and_DG2_1687892040,2023-06-27T18:54:00,2023-06-27T18:55:00,1687892040,63.1,53.26,0.0,0.09000000000000341,2008.56,9863.25,-4.710000000000036,0.0
UNHCR_LAGOS_OFFICE_DG1_and_DG2_1687892100,2023-06-27T18:55:00,2023-06-27T18:56:00,1687892100,63.1,53.18,0.0,0.0799999999999983,2008.56,9863.25,-4.710000000000036,0.0
UNHCR_LAGOS_OFFICE_DG1_and_DG2_1687892160,2023-06-27T18:56:00,2023-06-27T18:57:00,1687892160,63.1,53.1,0.0,0.0799999999999983,2008.56,9863.25,-4.710000000000036,0.0
UNHCR_LAGOS_OFFICE_DG1_and_DG2_1687892220,2023-06-27T18:57:00,2023-06-27T18:58:00,1687892220,63.1,53.01,0.0,0.09000000000000341,2008.56,9863.25,-4.710000000000036,0.0
UNHCR_LAGOS_OFFICE_DG1_and_DG2_1687892280,2023-06-27T18:58:00,2023-06-27T18:59:00,1687892280,63.1,53.01,0.0,0.0,2008.56,9863.25,-4.710000000000036,0.0
UNHCR_LAGOS_OFFICE_DG1_and_DG2_1687892340,2023-06-27T18:59:00,2023-06-27T19:00:00,1687892340,63.1,53.01,0.0,0.0,2008.56,9863.25,-4.710000000000036,0.0
UNHCR_LAGOS_OFFICE_DG1_and_DG2_1687892400,2023-06-27T19:00:00,2023-06-27T19:01:00,1687892400,63.1,53.01,0.0,0.0,2008.56,9863.25,-4.710000000000036,0.0
UNHCR_LAGOS_OFFICE_DG1_and_DG2_1687892460,2023-06-27T19:01:00,2023-06-27T19:02:00,1687892460,63.1,52.93,0.0,0.0799999999999983,2008.56,9863.25,-4.710000000000036,0.0
UNHCR_LAGOS_OFFICE_DG1_and_DG2_1687892520,2023-06-27T19:02:00,2023-06-27T19:03:00,1687892520,63.1,52.85,0.0,0.0799999999999983,2008.56,9863.25,-4.710000000000036,0.0
UNHCR_LAGOS_OFFICE_DG1_and_DG2_1687892580,2023-06-27T19:03:00,2023-06-27T19:04:00,1687892580,63.1,52.77,0.0,0.0799999999999983,2008.56,9863.25,-4.710000000000036,0.0
UNHCR_LAGOS_OFFICE_DG1_and_DG2_1687892640,2023-06-27T19:04:00,2023-06-27T19:05:00,1687892640,63.1,52.68,0.0,0.09000000000000341,2008.56,9863.25,-4.710000000000036,0.0
UNHCR_LAGOS_OFFICE_DG1_and_DG2_1687892700,2023-06-27T19:05:00,2023-06-27T19:06:00,1687892700,63.1,52.68,0.0,0.0,2008.56,9863.25,-4.710000000000036,0.0
UNHCR_LAGOS_OFFICE_DG1_and_DG2_1687892760,2023-06-27T19:06:00,2023-06-27T19:07:00,1687892760,63.1,52.68,0.0,0.0,2008.56,9863.25,-4.710000000000036,0.0
UNHCR_LAGOS_OFFICE_DG1_and_DG2_1687892820,2023-06-27T19:07:00,2023-06-27T19:08:00,1687892820,63.1,52.68,0.0,0.0,2008.56,9863.25,-4.710000000000036,0.0
UNHCR_LAGOS_OFFICE_DG1_and_DG2_1687892880,2023-06-27T19:08:00,2023-06-27T19:09:00,1687892880,63.1,52.68,0.0,0.0,2008.56,9863.25,-4.710000000000036,0.0
UNHCR_LAGOS_OFFICE_DG1_and_DG2_1687892940,2023-06-27T19:09:00,2023-06-27T19:10:00,1687892940,63.1,52.68,0.0,0.0,2008.56,9863.25,-4.710000000000036,0.0
UNHCR_LAGOS_OFFICE_DG1_and_DG2_1687893000,2023-06-27T19:10:00,2023-06-27T19:11:00,1687893000,63.1,52.68,0.0,0.0,2008.56,9863.25,-4.710000000000036,0.0
UNHCR_LAGOS_OFFICE_DG1_and_DG2_1687893060,2023-06-27T19:11:00,2023-06-27T19:12:00,1687893060,63.1,52.6,0.0,0.0799999999999983,2008.56,9863.25,-4.710000000000036,0.0
UNHCR_LAGOS_OFFICE_DG1_and_DG2_1687893120,2023-06-27T19:12:00,2023-06-27T19:13:00,1687893120,63.1,52.52,0.0,0.0799999999999983,2008.56,9863.25,-4.710000000000036,0.0
UNHCR_LAGOS_OFFICE_DG1_and_DG2_1687893180,2023-06-27T19:13:00,2023-06-27T19:14:00,1687893180,63.1,52.44,0.0,0.0800000000000054,2008.56,9863.25,-4.710000000000036,0.0
UNHCR_LAGOS_OFFICE_DG1_and_DG2_1687893240,2023-06-27T19:14:00,2023-06-27T19:15:00,1687893240,63.1,52.35,0.0,0.0899999999999963,2008.56,9863.25,-4.710000000000036,0.0
UNHCR_LAGOS_OFFICE_DG1_and_DG2_1687893300,2023-06-27T19:15:00,2023-06-27T19:16:00,1687893300,63.1,52.35,0.0,0.0,2008.56,9863.25,-4.710000000000036,0.0
UNHCR_LAGOS_OFFICE_DG1_and_DG2_1687893360,2023-06-27T19:16:00,2023-06-27T19:17:00,1687893360,63.1,52.35,0.0,0.0,2008.56,9863.25,-4.710000000000036,0.0
UNHCR_LAGOS_OFFICE_DG1_and_DG2_1687893420,2023-06-27T19:17:00,2023-06-27T19:18:00,1687893420,63.1,52.35,0.0,0.0,2008.56,9863.25,-4.710000000000036,0.0
UNHCR_LAGOS_OFFICE_DG1_and_DG2_1687893480,2023-06-27T19:18:00,2023-06-27T19:19:00,1687893480,63.1,52.35,0.0,0.0,2008.56,9863.25,-4.710000000000036,0.0
UNHCR_LAGOS_OFFICE_DG1_and_DG2_1687893540,2023-06-27T19:19:00,2023-06-27T19:20:00,1687893540,63.1,52.35,0.0,0.0,2008.56,9863.25,-4.710000000000036,0.0
UNHCR_LAGOS_OFFICE_DG1_and_DG2_1687893600,2023-06-27T19:20:00,2023-06-27T19:21:00,1687893600,63.1,52.35,0.0,0.0,2008.56,9863.25,-4.710000000000036,0.0
UNHCR_LAGOS_OFFICE_DG1_and_DG2_1687893660,2023-06-27T19:21:00,2023-06-27T19:22:00,1687893660,63.1,52.27,0.0,0.0799999999999983,2008.56,9863.25,-4.710000000000036,0.0
UNHCR_LAGOS_OFFICE_DG1_and_DG2_1687893720,2023-06-27T19:22:00,2023-06-27T19:23:00,1687893720,63.1,52.19,0.0,0.0800000000000054,2008.56,9863.25,-4.710000000000036,0.0
UNHCR_LAGOS_OFFICE_DG1_and_DG2_1687893780,2023-06-27T19:23:00,2023-06-27T19:24:00,1687893780,63.1,52.1,0.0,0.0899999999999963,2008.56,9863.25,-4.710000000000036,0.0
UNHCR_LAGOS_OFFICE_DG1_and_DG2_1687893840,2023-06-27T19:24:00,2023-06-27T19:25:00,1687893840,63.1,52.02,0.0,0.0799999999999983,2008.56,9863.25,-4.710000000000036,0.0
UNHCR_LAGOS_OFFICE_DG1_and_DG2_1687893900,2023-06-27T19:25:00,2023-06-27T19:26:00,1687893900,63.1,52.02,0.0,0.0,2008.56,9863.25,-4.710000000000036,0.0
UNHCR_LAGOS_OFFICE_DG1_and_DG2_1687893960,2023-06-27T19:26:00,2023-06-27T19:27:00,1687893960,63.1,52.02,0.0,0.0,2008.56,9863.25,-4.710000000000036,0.0
UNHCR_LAGOS_OFFICE_DG1_and_DG2_1687894020,2023-06-27T19:27:00,2023-06-27T19:28:00,1687894020,63.1,52.02,0.0,0.0,2008.56,9863.25,-4.710000000000036,0.0
UNHCR_LAGOS_OFFICE_DG1_and_DG2_1687894080,2023-06-27T19:28:00,2023-06-27T19:29:00,1687894080,63.1,52.02,0.0,0.0,2008.56,9863.25,-4.710000000000036,0.0
UNHCR_LAGOS_OFFICE_DG1_and_DG2_1687894140,2023-06-27T19:29:00,2023-06-27T19:30:00,1687894140,63.1,52.02,0.0,0.0,2008.56,9863.25,-4.710000000000036,0.0
UNHCR_LAGOS_OFFICE_DG1_and_DG2_1687894200,2023-06-27T19:30:00,2023-06-27T19:31:00,1687894200,63.1,52.02,0.0,0.0,2008.56,9863.25,-4.710000000000036,0.0
UNHCR_LAGOS_OFFICE_DG1_and_DG2_1687894260,2023-06-27T19:31:00,2023-06-27T19:32:00,1687894260,63.1,52.02,0.0,0.0,2008.56,9863.25,-4.710000000000036,0.0
UNHCR_LAGOS_OFFICE_DG1_and_DG2_1687894320,2023-06-27T19:32:00,2023-06-27T19:33:00,1687894320,63.1,52.02,0.0,0.0,2008.56,9863.25,-4.710000000000036,0.0
UNHCR_LAGOS_OFFICE_DG1_and_DG2_1687894380,2023-06-27T19:33:00,2023-06-27T19:34:00,1687894380,63.1,52.02,0.0,0.0,2008.56,9863.25,-4.710000000000036,0.0
UNHCR_LAGOS_OFFICE_DG1_and_DG2_1687894440,2023-06-27T19:34:00,2023-06-27T19:35:00,1687894440,63.1,52.02,0.0,0.0,2008.56,9863.25,-4.710000000000036,0.0
UNHCR_LAGOS_OFFICE_DG1_and_DG2_1687894500,2023-06-27T19:35:00,2023-06-27T19:36:00,1687894500,63.1,52.02,0.0,0.0,2008.56,9863.25,-4.710000000000036,0.0
UNHCR_LAGOS_OFFICE_DG1_and_DG2_1687894560,2023-06-27T19:36:00,2023-06-27T19:37:00,1687894560,63.1,52.02,0.0,0.0,2008.56,9863.25,-4.710000000000036,0.0
UNHCR_LAGOS_OFFICE_DG1_and_DG2_1687894620,2023-06-27T19:37:00,2023-06-27T19:38:00,1687894620,63.1,52.02,0.0,0.0,2008.56,9863.25,-4.710000000000036,0.0
UNHCR_LAGOS_OFFICE_DG1_and_DG2_1687894680,2023-06-27T19:38:00,2023-06-27T19:39:00,1687894680,63.1,52.02,0.0,0.0,2008.56,9863.25,-4.710000000000036,0.0
UNHCR_LAGOS_OFFICE_DG1_and_DG2_1687894740,2023-06-27T19:39:00,2023-06-27T19:40:00,1687894740,63.1,52.02,0.0,0.0,2008.56,9863.25,-4.710000000000036,0.0
UNHCR_LAGOS_OFFICE_DG1_and_DG2_1687894800,2023-06-27T19:40:00,2023-06-27T19:41:00,1687894800,63.1,52.02,0.0,0.0,2008.56,9863.25,-4.710000000000036,0.0
UNHCR_LAGOS_OFFICE_DG1_and_DG2_1687894860,2023-06-27T19:41:00,2023-06-27T19:42:00,1687894860,63.1,52.02,0.0,0.0,2008.56,9863.25,-4.710000000000036,0.0
UNHCR_LAGOS_OFFICE_DG1_and_DG2_1687894920,2023-06-27T19:42:00,2023-06-27T19:43:00,1687894920,63.1,52.02,0.0,0.0,2008.56,9863.25,-4.710000000000036,0.0
UNHCR_LAGOS_OFFICE_DG1_and_DG2_1687894980,2023-06-27T19:43:00,2023-06-27T19:44:00,1687894980,63.1,52.02,0.0,0.0,2008.56,9863.25,-4.710000000000036,0.0
UNHCR_LAGOS_OFFICE_DG1_and_DG2_1687895040,2023-06-27T19:44:00,2023-06-27T19:45:00,1687895040,63.1,52.02,0.0,0.0,2008.56,9863.25,-4.710000000000036,0.0
UNHCR_LAGOS_OFFICE_DG1_and_DG2_1687895100,2023-06-27T19:45:00,2023-06-27T19:46:00,1687895100,63.1,52.02,0.0,0.0,2008.56,9863.25,-4.710000000000036,0.0
UNHCR_LAGOS_OFFICE_DG1_and_DG2_1687895160,2023-06-27T19:46:00,2023-06-27T19:47:00,1687895160,63.1,52.02,0.0,0.0,2008.56,9863.27,-4.710000000000036,-0.020000000000436557
UNHCR_LAGOS_OFFICE_DG1_and_DG2_1687895220,2023-06-27T19:47:00,2023-06-27T19:48:00,1687895220,63.1,51.94,0.0,0.0800000000000054,2008.56,9863.29,-4.710000000000036,-0.040000000000873115
UNHCR_LAGOS_OFFICE_DG1_and_DG2_1687895280,2023-06-27T19:48:00,2023-06-27T19:49:00,1687895280,63.1,51.86,0.0,0.0799999999999983,2008.56,9863.3,-4.710000000000036,-0.049999999999272404
UNHCR_LAGOS_OFFICE_DG1_and_DG2_1687895340,2023-06-27T19:49:00,2023-06-27T19:50:00,1687895340,63.1,51.77,0.0,0.0899999999999963,2008.56,9863.32,-4.710000000000036,-0.06999999999970896
UNHCR_LAGOS_OFFICE_DG1_and_DG2_1687895400,2023-06-27T19:50:00,2023-06-27T19:51:00,1687895400,63.1,51.69,0.0,0.0800000000000054,2008.56,9863.34,-4.710000000000036,-0.09000000000014552
UNHCR_LAGOS_OFFICE_DG1_and_DG2_1687895460,2023-06-27T19:51:00,2023-06-27T19:52:00,1687895460,63.1,51.61,0.0,0.0799999999999983,2008.56,9863.35,-4.710000000000036,-0.1000000000003638
UNHCR_LAGOS_OFFICE_DG1_and_DG2_1687895520,2023-06-27T19:52:00,2023-06-27T19:53:00,1687895520,63.1,51.53,0.0,0.0799999999999983,2008.56,9863.37,-4.710000000000036,-0.12000000000080036
UNHCR_LAGOS_OFFICE_DG1_and_DG2_1687895580,2023-06-27T19:53:00,2023-06-27T19:54:00,1687895580,63.1,51.36,0.0,0.1700000000000017,2008.56,9863.39,-4.710000000000036,-0.13999999999941792
UNHCR_LAGOS_OFFICE_DG1_and_DG2_1687895640,2023-06-27T19:54:00,2023-06-27T19:55:00,1687895640,63.1,51.19,0.0,0.1700000000000017,2008.56,9863.4,-4.710000000000036,-0.1499999999996362
UNHCR_LAGOS_OFFICE_DG1_and_DG2_1687895700,2023-06-27T19:55:00,2023-06-27T19:56:00,1687895700,63.1,51.11,0.0,0.0799999999999983,2008.56,9863.42,-4.710000000000036,-0.17000000000007276
UNHCR_LAGOS_OFFICE_DG1_and_DG2_1687895760,2023-06-27T19:56:00,2023-06-27T19:57:00,1687895760,63.1,51.03,0.0,0.0799999999999983,2008.56,9863.44,-4.710000000000036,-0.19000000000050932
UNHCR_LAGOS_OFFICE_DG1_and_DG2_1687895820,2023-06-27T19:57:00,2023-06-27T19:58:00,1687895820,63.1,51.03,0.0,0.0,2008.56,9863.45,-4.710000000000036,-0.2000000000007276
UNHCR_LAGOS_OFFICE_DG1_and_DG2_1687895880,2023-06-27T19:58:00,2023-06-27T19:59:00,1687895880,63.1,51.03,0.0,0.0,2008.56,9863.47,-4.710000000000036,-0.21999999999934516
UNHCR_LAGOS_OFFICE_DG1_and_DG2_1687895940,2023-06-27T19:59:00,2023-06-27T20:00:00,1687895940,63.1,51.03,0.0,0.0,2008.56,9863.49,-4.710000000000036,-0.23999999999978172
UNHCR_LAGOS_OFFICE_DG1_and_DG2_1687896000,2023-06-27T20:00:00,2023-06-27T20:01:00,1687896000,63.1,51.03,0.0,0.0,2008.56,9863.5,-4.710000000000036,-0.25
UNHCR_LAGOS_OFFICE_DG1_and_DG2_1687896060,2023-06-27T20:01:00,2023-06-27T20:02:00,1687896060,63.1,50.95,0.0,0.0799999999999983,2008.56,9863.52,-4.710000000000036,-0.27000000000043656
UNHCR_LAGOS_OFFICE_DG1_and_DG2_1687896120,2023-06-27T20:02:00,2023-06-27T20:03:00,1687896120,63.1,50.78,0.0,0.1700000000000017,2008.56,9863.54,-4.710000000000036,-0.2900000000008731
UNHCR_LAGOS_OFFICE_DG1_and_DG2_1687896180,2023-06-27T20:03:00,2023-06-27T20:04:00,1687896180,63.1,50.7,0.0,0.0799999999999983,2008.56,9863.55,-4.710000000000036,-0.2999999999992724
UNHCR_LAGOS_OFFICE_DG1_and_DG2_1687896240,2023-06-27T20:04:00,2023-06-27T20:05:00,1687896240,63.1,50.7,0.0,0.0,2008.56,9863.57,-4.710000000000036,-0.31999999999970896
UNHCR_LAGOS_OFFICE_DG1_and_DG2_1687896300,2023-06-27T20:05:00,2023-06-27T20:06:00,1687896300,63.1,50.62,0.0,0.0800000000000054,2008.56,9863.59,-4.710000000000036,-0.3400000000001455
UNHCR_LAGOS_OFFICE_DG1_and_DG2_1687896360,2023-06-27T20:06:00,2023-06-27T20:07:00,1687896360,63.1,50.62,0.0,0.0,2008.56,9863.6,-4.710000000000036,-0.3500000000003638
UNHCR_LAGOS_OFFICE_DG1_and_DG2_1687896420,2023-06-27T20:07:00,2023-06-27T20:08:00,1687896420,63.1,50.62,0.0,0.0,2008.56,9863.62,-4.710000000000036,-0.37000000000080036
UNHCR_LAGOS_OFFICE_DG1_and_DG2_1687896480,2023-06-27T20:08:00,2023-06-27T20:09:00,1687896480,63.1,50.53,0.0,0.0899999999999963,2008.56,9863.64,-4.710000000000036,-0.3899999999994179
UNHCR_LAGOS_OFFICE_DG1_and_DG2_1687896540,2023-06-27T20:09:00,2023-06-27T20:10:00,1687896540,63.1,50.53,0.0,0.0,2008.56,9863.65,-4.710000000000036,-0.3999999999996362
UNHCR_LAGOS_OFFICE_DG1_and_DG2_1687896600,2023-06-27T20:10:00,2023-06-27T20:11:00,1687896600,63.1,50.53,0.0,0.0,2008.56,9863.67,-4.710000000000036,-0.42000000000007276
UNHCR_LAGOS_OFFICE_DG1_and_DG2_1687896660,2023-06-27T20:11:00,2023-06-27T20:12:00,1687896660,63.1,50.53,0.0,0.0,2008.56,9863.69,-4.710000000000036,-0.4400000000005093
UNHCR_LAGOS_OFFICE_DG1_and_DG2_1687896720,2023-06-27T20:12:00,2023-06-27T20:13:00,1687896720,63.1,50.53,0.0,0.0,2008.56,9863.7,-4.710000000000036,-0.4500000000007276
UNHCR_LAGOS_OFFICE_DG1_and_DG2_1687896780,2023-06-27T20:13:00,2023-06-27T20:14:00,1687896780,63.1,50.53,0.0,0.0,2008.56,9863.72,-4.710000000000036,-0.46999999999934516
UNHCR_LAGOS_OFFICE_DG1_and_DG2_1687896840,2023-06-27T20:14:00,2023-06-27T20:15:00,1687896840,63.1,50.53,0.0,0.0,2008.56,9863.74,-4.710000000000036,-0.4899999999997817
UNHCR_LAGOS_OFFICE_DG1_and_DG2_1687896900,2023-06-27T20:15:00,2023-06-27T20:16:00,1687896900,63.1,50.53,0.0,0.0,2008.56,9863.75,-4.710000000000036,-0.5
UNHCR_LAGOS_OFFICE_DG1_and_DG2_1687896960,2023-06-27T20:16:00,2023-06-27T20:17:00,1687896960,63.1,50.53,0.0,0.0,2008.56,9863.77,-4.710000000000036,-0.5200000000004366
UNHCR_LAGOS_OFFICE_DG1_and_DG2_1687897020,2023-06-27T20:17:00,2023-06-27T20:18:00,1687897020,63.1,50.53,0.0,0.0,2008.56,9863.79,-4.710000000000036,-0.5400000000008731
UNHCR_LAGOS_OFFICE_DG1_and_DG2_1687897080,2023-06-27T20:18:00,2023-06-27T20:19:00,1687897080,63.1,50.53,0.0,0.0,2008.56,9863.8,-4.710000000000036,-0.5499999999992724
UNHCR_LAGOS_OFFICE_DG1_and_DG2_1687897140,2023-06-27T20:19:00,2023-06-27T20:20:00,1687897140,63.1,50.53,0.0,0.0,2008.56,9863.82,-4.710000000000036,-0.569999999999709
UNHCR_LAGOS_OFFICE_DG1_and_DG2_1687897200,2023-06-27T20:20:00,2023-06-27T20:21:00,1687897200,63.1,50.53,0.0,0.0,2008.56,9863.84,-4.710000000000036,-0.5900000000001455
UNHCR_LAGOS_OFFICE_DG1_and_DG2_1687897260,2023-06-27T20:21:00,2023-06-27T20:22:00,1687897260,63.1,50.53,0.0,0.0,2008.56,9863.85,-4.710000000000036,-0.6000000000003638
UNHCR_LAGOS_OFFICE_DG1_and_DG2_1687897320,2023-06-27T20:22:00,2023-06-27T20:23:00,1687897320,63.1,50.45,0.0,0.0799999999999983,2008.56,9863.87,-4.710000000000036,-0.6200000000008004
UNHCR_LAGOS_OFFICE_DG1_and_DG2_1687897380,2023-06-27T20:23:00,2023-06-27T20:24:00,1687897380,63.1,50.45,0.0,0.0,2008.56,9863.89,-4.710000000000036,-0.6399999999994179
UNHCR_LAGOS_OFFICE_DG1_and_DG2_1687897440,2023-06-27T20:24:00,2023-06-27T20:25:00,1687897440,63.1,50.37,0.0,0.0800000000000054,2008.56,9863.9,-4.710000000000036,-0.6499999999996362
UNHCR_LAGOS_OFFICE_DG1_and_DG2_1687897500,2023-06-27T20:25:00,2023-06-27T20:26:00,1687897500,63.1,50.37,0.0,0.0,2008.56,9863.92,-4.710000000000036,-0.6700000000000728
UNHCR_LAGOS_OFFICE_DG1_and_DG2_1687897560,2023-06-27T20:26:00,2023-06-27T20:27:00,1687897560,63.1,50.37,0.0,0.0,2008.56,9863.94,-4.710000000000036,-0.6900000000005093
UNHCR_LAGOS_OFFICE_DG1_and_DG2_1687897620,2023-06-27T20:27:00,2023-06-27T20:28:00,1687897620,63.1,50.37,0.0,0.0,2008.56,9863.95,-4.710000000000036,-0.7000000000007276
UNHCR_LAGOS_OFFICE_DG1_and_DG2_1687897680,2023-06-27T20:28:00,2023-06-27T20:29:00,1687897680,63.1,50.37,0.0,0.0,2008.56,9863.97,-4.710000000000036,-0.7199999999993452
UNHCR_LAGOS_OFFICE_DG1_and_DG2_1687897740,2023-06-27T20:29:00,2023-06-27T20:30:00,1687897740,63.1,50.28,0.0,0.0899999999999963,2008.56,9863.99,-4.710000000000036,-0.7399999999997817
UNHCR_LAGOS_OFFICE_DG1_and_DG2_1687897800,2023-06-27T20:30:00,2023-06-27T20:31:00,1687897800,63.1,50.2,0.0,0.0799999999999983,2008.56,9864.0,-4.710000000000036,-0.75
UNHCR_LAGOS_OFFICE_DG1_and_DG2_1687897860,2023-06-27T20:31:00,2023-06-27T20:32:00,1687897860,63.1,50.12,0.0,0.0800000000000054,2008.56,9864.02,-4.710000000000036,-0.7700000000004366
UNHCR_LAGOS_OFFICE_DG1_and_DG2_1687897920,2023-06-27T20:32:00,2023-06-27T20:33:00,1687897920,63.1,50.04,0.0,0.0799999999999983,2008.56,9864.04,-4.710000000000036,-0.7900000000008731
UNHCR_LAGOS_OFFICE_DG1_and_DG2_1687897980,2023-06-27T20:33:00,2023-06-27T20:34:00,1687897980,63.1,50.04,0.0,0.0,2008.56,9864.05,-4.710000000000036,-0.7999999999992724
UNHCR_LAGOS_OFFICE_DG1_and_DG2_1687898040,2023-06-27T20:34:00,2023-06-27T20:35:00,1687898040,63.1,50.04,0.0,0.0,2008.56,9864.07,-4.710000000000036,-0.819999999999709
UNHCR_LAGOS_OFFICE_DG1_and_DG2_1687898100,2023-06-27T20:35:00,2023-06-27T20:36:00,1687898100,63.1,50.04,0.0,0.0,2008.56,9864.09,-4.710000000000036,-0.8400000000001455
UNHCR_LAGOS_OFFICE_DG1_and_DG2_1687898160,2023-06-27T20:36:00,2023-06-27T20:37:00,1687898160,63.1,49.95,0.0,0.0899999999999963,2008.56,9864.1,-4.710000000000036,-0.8500000000003638
UNHCR_LAGOS_OFFICE_DG1_and_DG2_1687898220,2023-06-27T20:37:00,2023-06-27T20:38:00,1687898220,63.1,49.95,0.0,0.0,2008.56,9864.12,-4.710000000000036,-0.8700000000008004
UNHCR_LAGOS_OFFICE_DG1_and_DG2_1687898280,2023-06-27T20:38:00,2023-06-27T20:39:00,1687898280,63.1,49.87,0.0,0.0800000000000054,2008.56,9864.14,-4.710000000000036,-0.8899999999994179
UNHCR_LAGOS_OFFICE_DG1_and_DG2_1687898340,2023-06-27T20:39:00,2023-06-27T20:40:00,1687898340,63.1,49.87,0.0,0.0,2008.56,9864.15,-4.710000000000036,-0.8999999999996362
UNHCR_LAGOS_OFFICE_DG1_and_DG2_1687898400,2023-06-27T20:40:00,2023-06-27T20:41:00,1687898400,63.1,49.87,0.0,0.0,2008.56,9864.17,-4.710000000000036,-0.9200000000000728
UNHCR_LAGOS_OFFICE_DG1_and_DG2_1687898460,2023-06-27T20:41:00,2023-06-27T20:42:00,1687898460,63.1,49.87,0.0,0.0,2008.56,9864.19,-4.710000000000036,-0.9400000000005093
UNHCR_LAGOS_OFFICE_DG1_and_DG2_1687898520,2023-06-27T20:42:00,2023-06-27T20:43:00,1687898520,63.1,49.87,0.0,0.0,2008.56,9864.2,-4.710000000000036,-0.9500000000007276
UNHCR_LAGOS_OFFICE_DG1_and_DG2_1687898580,2023-06-27T20:43:00,2023-06-27T20:44:00,1687898580,63.1,49.79,0.0,0.0799999999999983,2008.56,9864.22,-4.710000000000036,-0.9699999999993452
UNHCR_LAGOS_OFFICE_DG1_and_DG2_1687898640,2023-06-27T20:44:00,2023-06-27T20:45:00,1687898640,63.1,49.62,0.0,0.1700000000000017,2008.56,9864.24,-4.710000000000036,-0.9899999999997817
UNHCR_LAGOS_OFFICE_DG1_and_DG2_1687898700,2023-06-27T20:45:00,2023-06-27T20:46:00,1687898700,63.1,49.62,0.0,0.0,2008.56,9864.25,-4.710000000000036,-1.0
UNHCR_LAGOS_OFFICE_DG1_and_DG2_1687898760,2023-06-27T20:46:00,2023-06-27T20:47:00,1687898760,63.1,49.62,0.0,0.0,2008.56,9864.27,-4.710000000000036,-1.0200000000004366
UNHCR_LAGOS_OFFICE_DG1_and_DG2_1687898820,2023-06-27T20:47:00,2023-06-27T20:48:00,1687898820,63.1,49.62,0.0,0.0,2008.56,9864.29,-4.710000000000036,-1.0400000000008731
UNHCR_LAGOS_OFFICE_DG1_and_DG2_1687898880,2023-06-27T20:48:00,2023-06-27T20:49:00,1687898880,63.1,49.62,0.0,0.0,2008.56,9864.3,-4.710000000000036,-1.0499999999992724
UNHCR_LAGOS_OFFICE_DG1_and_DG2_1687898940,2023-06-27T20:49:00,2023-06-27T20:50:00,1687898940,63.1,49.54,0.0,0.0799999999999983,2008.56,9864.32,-4.710000000000036,-1.069999999999709
UNHCR_LAGOS_OFFICE_DG1_and_DG2_1687899000,2023-06-27T20:50:00,2023-06-27T20:51:00,1687899000,63.1,49.46,0.0,0.0799999999999983,2008.56,9864.34,-4.710000000000036,-1.0900000000001455
UNHCR_LAGOS_OFFICE_DG1_and_DG2_1687899060,2023-06-27T20:51:00,2023-06-27T20:52:00,1687899060,63.1,49.37,0.0,0.09000000000000341,2008.56,9864.35,-4.710000000000036,-1.1000000000003638
UNHCR_LAGOS_OFFICE_DG1_and_DG2_1687899120,2023-06-27T20:52:00,2023-06-27T20:53:00,1687899120,63.1,49.37,0.0,0.0,2008.56,9864.37,-4.710000000000036,-1.1200000000008004
UNHCR_LAGOS_OFFICE_DG1_and_DG2_1687899180,2023-06-27T20:53:00,2023-06-27T20:54:00,1687899180,63.1,49.37,0.0,0.0,2008.56,9864.39,-4.710000000000036,-1.139999999999418
UNHCR_LAGOS_OFFICE_DG1_and_DG2_1687899240,2023-06-27T20:54:00,2023-06-27T20:55:00,1687899240,63.1,49.37,0.0,0.0,2008.56,9864.4,-4.710000000000036,-1.1499999999996362
UNHCR_LAGOS_OFFICE_DG1_and_DG2_1687899300,2023-06-27T20:55:00,2023-06-27T20:56:00,1687899300,63.1,49.37,0.0,0.0,2008.56,9864.42,-4.710000000000036,-1.1700000000000728
UNHCR_LAGOS_OFFICE_DG1_and_DG2_1687899360,2023-06-27T20:56:00,2023-06-27T20:57:00,1687899360,63.1,49.37,0.0,0.0,2008.56,9864.44,-4.710000000000036,-1.1900000000005093
UNHCR_LAGOS_OFFICE_DG1_and_DG2_1687899420,2023-06-27T20:57:00,2023-06-27T20:58:00,1687899420,63.1,49.29,0.0,0.0799999999999983,2008.56,9864.45,-4.710000000000036,-1.2000000000007276
UNHCR_LAGOS_OFFICE_DG1_and_DG2_1687899480,2023-06-27T20:58:00,2023-06-27T20:59:00,1687899480,63.1,49.29,0.0,0.0,2008.56,9864.47,-4.710000000000036,-1.2199999999993452
UNHCR_LAGOS_OFFICE_DG1_and_DG2_1687899540,2023-06-27T20:59:00,2023-06-27T21:00:00,1687899540,63.1,49.29,0.0,0.0,2008.56,9864.49,-4.710000000000036,-1.2399999999997817
UNHCR_LAGOS_OFFICE_DG1_and_DG2_1687899600,2023-06-27T21:00:00,2023-06-27T21:01:00,1687899600,63.1,49.21,0.0,0.0799999999999983,2008.56,9864.5,-4.710000000000036,-1.25
UNHCR_LAGOS_OFFICE_DG1_and_DG2_1687899660,2023-06-27T21:01:00,2023-06-27T21:02:00,1687899660,63.1,49.21,0.0,0.0,2008.56,9864.52,-4.710000000000036,-1.2700000000004366
UNHCR_LAGOS_OFFICE_DG1_and_DG2_1687899720,2023-06-27T21:02:00,2023-06-27T21:03:00,1687899720,63.1,49.13,0.0,0.0799999999999983,2008.56,9864.54,-4.710000000000036,-1.2900000000008731
UNHCR_LAGOS_OFFICE_DG1_and_DG2_1687899780,2023-06-27T21:03:00,2023-06-27T21:04:00,1687899780,63.1,49.04,0.0,0.09000000000000341,2008.56,9864.55,-4.710000000000036,-1.2999999999992724
UNHCR_LAGOS_OFFICE_DG1_and_DG2_1687899840,2023-06-27T21:04:00,2023-06-27T21:05:00,1687899840,63.1,49.04,0.0,0.0,2008.56,9864.57,-4.710000000000036,-1.319999999999709
UNHCR_LAGOS_OFFICE_DG1_and_DG2_1687899900,2023-06-27T21:05:00,2023-06-27T21:06:00,1687899900,63.1,49.04,0.0,0.0,2008.56,9864.59,-4.710000000000036,-1.3400000000001455
UNHCR_LAGOS_OFFICE_DG1_and_DG2_1687899960,2023-06-27T21:06:00,2023-06-27T21:07:00,1687899960,63.1,49.04,0.0,0.0,2008.56,9864.6,-4.710000000000036,-1.3500000000003638
UNHCR_LAGOS_OFFICE_DG1_and_DG2_1687900020,2023-06-27T21:07:00,2023-06-27T21:08:00,1687900020,63.1,49.04,0.0,0.0,2008.56,9864.62,-4.710000000000036,-1.3700000000008004
UNHCR_LAGOS_OFFICE_DG1_and_DG2_1687900080,2023-06-27T21:08:00,2023-06-27T21:09:00,1687900080,63.1,49.04,0.0,0.0,2008.56,9864.64,-4.710000000000036,-1.389999999999418
UNHCR_LAGOS_OFFICE_DG1_and_DG2_1687900140,2023-06-27T21:09:00,2023-06-27T21:10:00,1687900140,63.1,48.96,0.0,0.0799999999999983,2008.56,9864.65,-4.710000000000036,-1.3999999999996362
UNHCR_LAGOS_OFFICE_DG1_and_DG2_1687900200,2023-06-27T21:10:00,2023-06-27T21:11:00,1687900200,63.1,48.88,0.0,0.0799999999999983,2008.56,9864.67,-4.710000000000036,-1.4200000000000728
UNHCR_LAGOS_OFFICE_DG1_and_DG2_1687900260,2023-06-27T21:11:00,2023-06-27T21:12:00,1687900260,63.1,48.79,0.0,0.09000000000000341,2008.56,9864.69,-4.710000000000036,-1.4400000000005093
UNHCR_LAGOS_OFFICE_DG1_and_DG2_1687900320,2023-06-27T21:12:00,2023-06-27T21:13:00,1687900320,63.1,48.71,0.0,0.0799999999999983,2008.56,9864.7,-4.710000000000036,-1.4500000000007276
UNHCR_LAGOS_OFFICE_DG1_and_DG2_1687900380,2023-06-27T21:13:00,2023-06-27T21:14:00,1687900380,63.1,48.71,0.0,0.0,2008.56,9864.72,-4.710000000000036,-1.4699999999993452
UNHCR_LAGOS_OFFICE_DG1_and_DG2_1687900440,2023-06-27T21:14:00,2023-06-27T21:15:00,1687900440,63.1,48.71,0.0,0.0,2008.56,9864.74,-4.710000000000036,-1.4899999999997817
UNHCR_LAGOS_OFFICE_DG1_and_DG2_1687900500,2023-06-27T21:15:00,2023-06-27T21:16:00,1687900500,63.1,48.71,0.0,0.0,2008.56,9864.75,-4.710000000000036,-1.5
UNHCR_LAGOS_OFFICE_DG1_and_DG2_1687900560,2023-06-27T21:16:00,2023-06-27T21:17:00,1687900560,63.1,48.71,0.0,0.0,2008.56,9864.77,-4.710000000000036,-1.5200000000004366
UNHCR_LAGOS_OFFICE_DG1_and_DG2_1687900620,2023-06-27T21:17:00,2023-06-27T21:18:00,1687900620,63.1,48.71,0.0,0.0,2008.56,9864.79,-4.710000000000036,-1.5400000000008731
UNHCR_LAGOS_OFFICE_DG1_and_DG2_1687900680,2023-06-27T21:18:00,2023-06-27T21:19:00,1687900680,63.1,48.71,0.0,0.0,2008.56,9864.8,-4.710000000000036,-1.5499999999992724
UNHCR_LAGOS_OFFICE_DG1_and_DG2_1687900740,2023-06-27T21:19:00,2023-06-27T21:20:00,1687900740,63.1,48.71,0.0,0.0,2008.56,9864.82,-4.710000000000036,-1.569999999999709
UNHCR_LAGOS_OFFICE_DG1_and_DG2_1687900800,2023-06-27T21:20:00,2023-06-27T21:21:00,1687900800,63.1,48.71,0.0,0.0,2008.56,9864.84,-4.710000000000036,-1.5900000000001455
UNHCR_LAGOS_OFFICE_DG1_and_DG2_1687900860,2023-06-27T21:21:00,2023-06-27T21:22:00,1687900860,63.1,48.63,0.0,0.0799999999999983,2008.56,9864.85,-4.710000000000036,-1.6000000000003638
UNHCR_LAGOS_OFFICE_DG1_and_DG2_1687900920,2023-06-27T21:22:00,2023-06-27T21:23:00,1687900920,63.1,48.55,0.0,0.0800000000000054,2008.56,9864.87,-4.710000000000036,-1.6200000000008004
UNHCR_LAGOS_OFFICE_DG1_and_DG2_1687900980,2023-06-27T21:23:00,2023-06-27T21:24:00,1687900980,63.1,48.46,0.0,0.0899999999999963,2008.56,9864.89,-4.710000000000036,-1.639999999999418
UNHCR_LAGOS_OFFICE_DG1_and_DG2_1687901040,2023-06-27T21:24:00,2023-06-27T21:25:00,1687901040,63.1,48.38,0.0,0.0799999999999983,2008.56,9864.9,-4.710000000000036,-1.6499999999996362
UNHCR_LAGOS_OFFICE_DG1_and_DG2_1687901100,2023-06-27T21:25:00,2023-06-27T21:26:00,1687901100,63.1,48.38,0.0,0.0,2008.56,9864.92,-4.710000000000036,-1.6700000000000728
UNHCR_LAGOS_OFFICE_DG1_and_DG2_1687901160,2023-06-27T21:26:00,2023-06-27T21:27:00,1687901160,63.1,48.38,0.0,0.0,2008.56,9864.94,-4.710000000000036,-1.6900000000005093
UNHCR_LAGOS_OFFICE_DG1_and_DG2_1687901220,2023-06-27T21:27:00,2023-06-27T21:28:00,1687901220,63.1,48.38,0.0,0.0,2008.56,9864.95,-4.710000000000036,-1.7000000000007276
UNHCR_LAGOS_OFFICE_DG1_and_DG2_1687901280,2023-06-27T21:28:00,2023-06-27T21:29:00,1687901280,63.1,48.3,0.0,0.0800000000000054,2008.56,9864.97,-4.710000000000036,-1.7199999999993452
UNHCR_LAGOS_OFFICE_DG1_and_DG2_1687901340,2023-06-27T21:29:00,2023-06-27T21:30:00,1687901340,63.1,48.3,0.0,0.0,2008.56,9864.99,-4.710000000000036,-1.7399999999997817
UNHCR_LAGOS_OFFICE_DG1_and_DG2_1687901400,2023-06-27T21:30:00,2023-06-27T21:31:00,1687901400,63.1,48.22,0.0,0.0799999999999983,2008.56,9865.0,-4.710000000000036,-1.75
UNHCR_LAGOS_OFFICE_DG1_and_DG2_1687901460,2023-06-27T21:31:00,2023-06-27T21:32:00,1687901460,63.1,48.13,0.0,0.0899999999999963,2008.56,9865.02,-4.710000000000036,-1.7700000000004366
UNHCR_LAGOS_OFFICE_DG1_and_DG2_1687901520,2023-06-27T21:32:00,2023-06-27T21:33:00,1687901520,63.1,48.13,0.0,0.0,2008.56,9865.04,-4.710000000000036,-1.7900000000008731
UNHCR_LAGOS_OFFICE_DG1_and_DG2_1687901580,2023-06-27T21:33:00,2023-06-27T21:34:00,1687901580,63.1,48.05,0.0,0.0800000000000054,2008.56,9865.05,-4.710000000000036,-1.7999999999992724
UNHCR_LAGOS_OFFICE_DG1_and_DG2_1687901640,2023-06-27T21:34:00,2023-06-27T21:35:00,1687901640,63.1,48.05,0.0,0.0,2008.56,9865.07,-4.710000000000036,-1.819999999999709
UNHCR_LAGOS_OFFICE_DG1_and_DG2_1687901700,2023-06-27T21:35:00,2023-06-27T21:36:00,1687901700,63.1,47.97,0.0,0.0799999999999983,2008.56,9865.09,-4.710000000000036,-1.8400000000001455
UNHCR_LAGOS_OFFICE_DG1_and_DG2_1687901760,2023-06-27T21:36:00,2023-06-27T21:37:00,1687901760,63.1,47.97,0.0,0.0,2008.56,9865.1,-4.710000000000036,-1.8500000000003638
UNHCR_LAGOS_OFFICE_DG1_and_DG2_1687901820,2023-06-27T21:37:00,2023-06-27T21:38:00,1687901820,63.1,47.97,0.0,0.0,2008.56,9865.12,-4.710000000000036,-1.8700000000008004
UNHCR_LAGOS_OFFICE_DG1_and_DG2_1687901880,2023-06-27T21:38:00,2023-06-27T21:39:00,1687901880,63.1,47.97,0.0,0.0,2008.56,9865.14,-4.710000000000036,-1.889999999999418
UNHCR_LAGOS_OFFICE_DG1_and_DG2_1687901940,2023-06-27T21:39:00,2023-06-27T21:40:00,1687901940,63.1,47.97,0.0,0.0,2008.56,9865.15,-4.710000000000036,-1.8999999999996362
UNHCR_LAGOS_OFFICE_DG1_and_DG2_1687902000,2023-06-27T21:40:00,2023-06-27T21:41:00,1687902000,63.1,47.88,0.0,0.0899999999999963,2008.56,9865.17,-4.710000000000036,-1.9200000000000728
UNHCR_LAGOS_OFFICE_DG1_and_DG2_1687902060,2023-06-27T21:41:00,2023-06-27T21:42:00,1687902060,63.1,47.8,0.0,0.0800000000000054,2008.56,9865.19,-4.710000000000036,-1.9400000000005093
UNHCR_LAGOS_OFFICE_DG1_and_DG2_1687902120,2023-06-27T21:42:00,2023-06-27T21:43:00,1687902120,63.1,47.72,0.0,0.0799999999999983,2008.56,9865.2,-4.710000000000036,-1.9500000000007276
UNHCR_LAGOS_OFFICE_DG1_and_DG2_1687902180,2023-06-27T21:43:00,2023-06-27T21:44:00,1687902180,63.1,47.72,0.0,0.0,2008.56,9865.22,-4.710000000000036,-1.9699999999993452
UNHCR_LAGOS_OFFICE_DG1_and_DG2_1687902240,2023-06-27T21:44:00,2023-06-27T21:45:00,1687902240,63.1,47.72,0.0,0.0,2008.56,9865.24,-4.710000000000036,-1.9899999999997817
UNHCR_LAGOS_OFFICE_DG1_and_DG2_1687902300,2023-06-27T21:45:00,2023-06-27T21:46:00,1687902300,63.1,47.72,0.0,0.0,2008.56,9865.25,-4.710000000000036,-2.0
UNHCR_LAGOS_OFFICE_DG1_and_DG2_1687902360,2023-06-27T21:46:00,2023-06-27T21:47:00,1687902360,63.1,47.72,0.0,0.0,2008.56,9865.27,-4.710000000000036,-2.0200000000004366
UNHCR_LAGOS_OFFICE_DG1_and_DG2_1687902420,2023-06-27T21:47:00,2023-06-27T21:48:00,1687902420,63.1,47.72,0.0,0.0,2008.56,9865.29,-4.710000000000036,-2.040000000000873
UNHCR_LAGOS_OFFICE_DG1_and_DG2_1687902480,2023-06-27T21:48:00,2023-06-27T21:49:00,1687902480,63.1,47.72,0.0,0.0,2008.56,9865.3,-4.710000000000036,-2.0499999999992724
UNHCR_LAGOS_OFFICE_DG1_and_DG2_1687902540,2023-06-27T21:49:00,2023-06-27T21:50:00,1687902540,63.1,47.64,0.0,0.0799999999999983,2008.56,9865.32,-4.710000000000036,-2.069999999999709
UNHCR_LAGOS_OFFICE_DG1_and_DG2_1687902600,2023-06-27T21:50:00,2023-06-27T21:51:00,1687902600,63.1,47.55,0.0,0.09000000000000341,2008.56,9865.34,-4.710000000000036,-2.0900000000001455
UNHCR_LAGOS_OFFICE_DG1_and_DG2_1687902660,2023-06-27T21:51:00,2023-06-27T21:52:00,1687902660,63.1,47.47,0.0,0.0799999999999983,2008.56,9865.35,-4.710000000000036,-2.100000000000364
UNHCR_LAGOS_OFFICE_DG1_and_DG2_1687902720,2023-06-27T21:52:00,2023-06-27T21:53:00,1687902720,63.1,47.39,0.0,0.0799999999999983,2008.56,9865.37,-4.710000000000036,-2.1200000000008004
UNHCR_LAGOS_OFFICE_DG1_and_DG2_1687902780,2023-06-27T21:53:00,2023-06-27T21:54:00,1687902780,63.1,47.39,0.0,0.0,2008.56,9865.39,-4.710000000000036,-2.139999999999418
UNHCR_LAGOS_OFFICE_DG1_and_DG2_1687902840,2023-06-27T21:54:00,2023-06-27T21:55:00,1687902840,63.1,47.39,0.0,0.0,2008.56,9865.4,-4.710000000000036,-2.149999999999636
UNHCR_LAGOS_OFFICE_DG1_and_DG2_1687902900,2023-06-27T21:55:00,2023-06-27T21:56:00,1687902900,63.1,47.39,0.0,0.0,2008.56,9865.42,-4.710000000000036,-2.1700000000000728
UNHCR_LAGOS_OFFICE_DG1_and_DG2_1687902960,2023-06-27T21:56:00,2023-06-27T21:57:00,1687902960,63.1,47.39,0.0,0.0,2008.56,9865.44,-4.710000000000036,-2.1900000000005093
UNHCR_LAGOS_OFFICE_DG1_and_DG2_1687903020,2023-06-27T21:57:00,2023-06-27T21:58:00,1687903020,63.1,47.39,0.0,0.0,2008.56,9865.45,-4.710000000000036,-2.2000000000007276
UNHCR_LAGOS_OFFICE_DG1_and_DG2_1687903080,2023-06-27T21:58:00,2023-06-27T21:59:00,1687903080,63.1,47.39,0.0,0.0,2008.56,9865.47,-4.710000000000036,-2.219999999999345
UNHCR_LAGOS_OFFICE_DG1_and_DG2_1687903140,2023-06-27T21:59:00,2023-06-27T22:00:00,1687903140,63.1,47.39,0.0,0.0,2008.56,9865.49,-4.710000000000036,-2.2399999999997817
UNHCR_LAGOS_OFFICE_DG1_and_DG2_1687903200,2023-06-27T22:00:00,2023-06-27T22:01:00,1687903200,63.1,47.31,0.0,0.0799999999999983,2008.56,9865.5,-4.710000000000036,-2.25
UNHCR_LAGOS_OFFICE_DG1_and_DG2_1687903260,2023-06-27T22:01:00,2023-06-27T22:02:00,1687903260,63.1,47.22,0.0,0.09000000000000341,2008.56,9865.52,-4.710000000000036,-2.2700000000004366
UNHCR_LAGOS_OFFICE_DG1_and_DG2_1687903320,2023-06-27T22:02:00,2023-06-27T22:03:00,1687903320,63.1,47.14,0.0,0.0799999999999983,2008.56,9865.54,-4.710000000000036,-2.290000000000873
UNHCR_LAGOS_OFFICE_DG1_and_DG2_1687903380,2023-06-27T22:03:00,2023-06-27T22:04:00,1687903380,63.1,47.06,0.0,0.0799999999999983,2008.56,9865.55,-4.710000000000036,-2.2999999999992724
UNHCR_LAGOS_OFFICE_DG1_and_DG2_1687903440,2023-06-27T22:04:00,2023-06-27T22:05:00,1687903440,63.1,47.06,0.0,0.0,2008.56,9865.57,-4.710000000000036,-2.319999999999709
UNHCR_LAGOS_OFFICE_DG1_and_DG2_1687903500,2023-06-27T22:05:00,2023-06-27T22:06:00,1687903500,63.1,47.06,0.0,0.0,2008.56,9865.59,-4.710000000000036,-2.3400000000001455
UNHCR_LAGOS_OFFICE_DG1_and_DG2_1687903560,2023-06-27T22:06:00,2023-06-27T22:07:00,1687903560,63.1,47.06,0.0,0.0,2008.56,9865.6,-4.710000000000036,-2.350000000000364
UNHCR_LAGOS_OFFICE_DG1_and_DG2_1687903620,2023-06-27T22:07:00,2023-06-27T22:08:00,1687903620,63.1,47.06,0.0,0.0,2008.56,9865.62,-4.710000000000036,-2.3700000000008004
UNHCR_LAGOS_OFFICE_DG1_and_DG2_1687903680,2023-06-27T22:08:00,2023-06-27T22:09:00,1687903680,63.1,47.06,0.0,0.0,2008.56,9865.64,-4.710000000000036,-2.389999999999418
UNHCR_LAGOS_OFFICE_DG1_and_DG2_1687903740,2023-06-27T22:09:00,2023-06-27T22:10:00,1687903740,63.1,47.06,0.0,0.0,2008.56,9865.65,-4.710000000000036,-2.399999999999636
UNHCR_LAGOS_OFFICE_DG1_and_DG2_1687903800,2023-06-27T22:10:00,2023-06-27T22:11:00,1687903800,63.1,47.06,0.0,0.0,2008.56,9865.67,-4.710000000000036,-2.4200000000000728
UNHCR_LAGOS_OFFICE_DG1_and_DG2_1687903860,2023-06-27T22:11:00,2023-06-27T22:12:00,1687903860,63.1,47.06,0.0,0.0,2008.56,9865.69,-4.710000000000036,-2.4400000000005093
UNHCR_LAGOS_OFFICE_DG1_and_DG2_1687903920,2023-06-27T22:12:00,2023-06-27T22:13:00,1687903920,63.1,46.97,0.0,0.09000000000000341,2008.56,9865.7,-4.710000000000036,-2.4500000000007276
UNHCR_LAGOS_OFFICE_DG1_and_DG2_1687903980,2023-06-27T22:13:00,2023-06-27T22:14:00,1687903980,63.1,46.89,0.0,0.0799999999999983,2008.56,9865.72,-4.710000000000036,-2.469999999999345
UNHCR_LAGOS_OFFICE_DG1_and_DG2_1687904040,2023-06-27T22:14:00,2023-06-27T22:15:00,1687904040,63.1,46.81,0.0,0.0799999999999983,2008.56,9865.74,-4.710000000000036,-2.4899999999997817
UNHCR_LAGOS_OFFICE_DG1_and_DG2_1687904100,2023-06-27T22:15:00,2023-06-27T22:16:00,1687904100,63.1,46.73,0.0,0.0800000000000054,2008.56,9865.75,-4.710000000000036,-2.5
UNHCR_LAGOS_OFFICE_DG1_and_DG2_1687904160,2023-06-27T22:16:00,2023-06-27T22:17:00,1687904160,63.1,46.73,0.0,0.0,2008.56,9865.77,-4.710000000000036,-2.5200000000004366
UNHCR_LAGOS_OFFICE_DG1_and_DG2_1687904220,2023-06-27T22:17:00,2023-06-27T22:18:00,1687904220,63.1,46.73,0.0,0.0,2008.56,9865.79,-4.710000000000036,-2.540000000000873
UNHCR_LAGOS_OFFICE_DG1_and_DG2_1687904280,2023-06-27T22:18:00,2023-06-27T22:19:00,1687904280,63.1,46.73,0.0,0.0,2008.56,9865.8,-4.710000000000036,-2.5499999999992724
UNHCR_LAGOS_OFFICE_DG1_and_DG2_1687904340,2023-06-27T22:19:00,2023-06-27T22:20:00,1687904340,63.1,46.73,0.0,0.0,2008.56,9865.82,-4.710000000000036,-2.569999999999709
UNHCR_LAGOS_OFFICE_DG1_and_DG2_1687904400,2023-06-27T22:20:00,2023-06-27T22:21:00,1687904400,63.1,46.73,0.0,0.0,2008.56,9865.84,-4.710000000000036,-2.5900000000001455
UNHCR_LAGOS_OFFICE_DG1_and_DG2_1687904460,2023-06-27T22:21:00,2023-06-27T22:22:00,1687904460,63.1,46.73,0.0,0.0,2008.56,9865.85,-4.710000000000036,-2.600000000000364
UNHCR_LAGOS_OFFICE_DG1_and_DG2_1687904520,2023-06-27T22:22:00,2023-06-27T22:23:00,1687904520,63.1,46.73,0.0,0.0,2008.56,9865.87,-4.710000000000036,-2.6200000000008004
UNHCR_LAGOS_OFFICE_DG1_and_DG2_1687904580,2023-06-27T22:23:00,2023-06-27T22:24:00,1687904580,63.1,46.64,0.0,0.0899999999999963,2008.56,9865.89,-4.710000000000036,-2.639999999999418
UNHCR_LAGOS_OFFICE_DG1_and_DG2_1687904640,2023-06-27T22:24:00,2023-06-27T22:25:00,1687904640,63.1,46.56,0.0,0.0799999999999983,2008.56,9865.9,-4.710000000000036,-2.649999999999636
UNHCR_LAGOS_OFFICE_DG1_and_DG2_1687904700,2023-06-27T22:25:00,2023-06-27T22:26:00,1687904700,63.1,46.48,0.0,0.0800000000000054,2008.56,9865.92,-4.710000000000036,-2.6700000000000728
UNHCR_LAGOS_OFFICE_DG1_and_DG2_1687904760,2023-06-27T22:26:00,2023-06-27T22:27:00,1687904760,63.1,46.4,0.0,0.0799999999999983,2008.56,9865.94,-4.710000000000036,-2.6900000000005093
UNHCR_LAGOS_OFFICE_DG1_and_DG2_1687904820,2023-06-27T22:27:00,2023-06-27T22:28:00,1687904820,63.1,46.4,0.0,0.0,2008.56,9865.95,-4.710000000000036,-2.7000000000007276
UNHCR_LAGOS_OFFICE_DG1_and_DG2_1687904880,2023-06-27T22:28:00,2023-06-27T22:29:00,1687904880,63.1,46.4,0.0,0.0,2008.56,9865.97,-4.710000000000036,-2.719999999999345
UNHCR_LAGOS_OFFICE_DG1_and_DG2_1687904940,2023-06-27T22:29:00,2023-06-27T22:30:00,1687904940,63.1,46.4,0.0,0.0,2008.56,9865.99,-4.710000000000036,-2.7399999999997817
UNHCR_LAGOS_OFFICE_DG1_and_DG2_1687905000,2023-06-27T22:30:00,2023-06-27T22:31:00,1687905000,63.1,46.4,0.0,0.0,2008.56,9866.0,-4.710000000000036,-2.75
UNHCR_LAGOS_OFFICE_DG1_and_DG2_1687905060,2023-06-27T22:31:00,2023-06-27T22:32:00,1687905060,63.1,46.31,0.0,0.0899999999999963,2008.56,9866.02,-4.710000000000036,-2.7700000000004366
UNHCR_LAGOS_OFFICE_DG1_and_DG2_1687905120,2023-06-27T22:32:00,2023-06-27T22:33:00,1687905120,63.1,46.23,0.0,0.0800000000000054,2008.56,9866.04,-4.710000000000036,-2.790000000000873
UNHCR_LAGOS_OFFICE_DG1_and_DG2_1687905180,2023-06-27T22:33:00,2023-06-27T22:34:00,1687905180,63.1,46.15,0.0,0.0799999999999983,2008.56,9866.05,-4.710000000000036,-2.7999999999992724
UNHCR_LAGOS_OFFICE_DG1_and_DG2_1687905240,2023-06-27T22:34:00,2023-06-27T22:35:00,1687905240,63.1,46.06,0.0,0.0899999999999963,2008.56,9866.07,-4.710000000000036,-2.819999999999709
UNHCR_LAGOS_OFFICE_DG1_and_DG2_1687905300,2023-06-27T22:35:00,2023-06-27T22:36:00,1687905300,63.1,46.06,0.0,0.0,2008.56,9866.09,-4.710000000000036,-2.8400000000001455
UNHCR_LAGOS_OFFICE_DG1_and_DG2_1687905360,2023-06-27T22:36:00,2023-06-27T22:37:00,1687905360,63.1,46.06,0.0,0.0,2008.56,9866.1,-4.710000000000036,-2.850000000000364
UNHCR_LAGOS_OFFICE_DG1_and_DG2_1687905420,2023-06-27T22:37:00,2023-06-27T22:38:00,1687905420,63.1,46.06,0.0,0.0,2008.56,9866.12,-4.710000000000036,-2.8700000000008004
UNHCR_LAGOS_OFFICE_DG1_and_DG2_1687905480,2023-06-27T22:38:00,2023-06-27T22:39:00,1687905480,63.1,46.06,0.0,0.0,2008.56,9866.14,-4.710000000000036,-2.889999999999418
UNHCR_LAGOS_OFFICE_DG1_and_DG2_1687905540,2023-06-27T22:39:00,2023-06-27T22:40:00,1687905540,63.1,46.06,0.0,0.0,2008.56,9866.15,-4.710000000000036,-2.899999999999636
UNHCR_LAGOS_OFFICE_DG1_and_DG2_1687905600,2023-06-27T22:40:00,2023-06-27T22:41:00,1687905600,63.1,46.06,0.0,0.0,2008.56,9866.17,-4.710000000000036,-2.9200000000000728
UNHCR_LAGOS_OFFICE_DG1_and_DG2_1687905660,2023-06-27T22:41:00,2023-06-27T22:42:00,1687905660,63.1,46.06,0.0,0.0,2008.56,9866.19,-4.710000000000036,-2.9400000000005093
UNHCR_LAGOS_OFFICE_DG1_and_DG2_1687905720,2023-06-27T22:42:00,2023-06-27T22:43:00,1687905720,63.1,46.06,0.0,0.0,2008.56,9866.2,-4.710000000000036,-2.9500000000007276
UNHCR_LAGOS_OFFICE_DG1_and_DG2_1687905780,2023-06-27T22:43:00,2023-06-27T22:44:00,1687905780,63.1,46.06,0.0,0.0,2008.56,9866.22,-4.710000000000036,-2.969999999999345
UNHCR_LAGOS_OFFICE_DG1_and_DG2_1687905840,2023-06-27T22:44:00,2023-06-27T22:45:00,1687905840,63.1,46.06,0.0,0.0,2008.56,9866.24,-4.710000000000036,-2.9899999999997817
UNHCR_LAGOS_OFFICE_DG1_and_DG2_1687905900,2023-06-27T22:45:00,2023-06-27T22:46:00,1687905900,63.1,45.98,0.0,0.0800000000000054,2008.56,9866.25,-4.710000000000036,-3.0
UNHCR_LAGOS_OFFICE_DG1_and_DG2_1687905960,2023-06-27T22:46:00,2023-06-27T22:47:00,1687905960,63.1,45.9,0.0,0.0799999999999983,2008.56,9866.27,-4.710000000000036,-3.0200000000004366
UNHCR_LAGOS_OFFICE_DG1_and_DG2_1687906020,2023-06-27T22:47:00,2023-06-27T22:48:00,1687906020,63.1,45.82,0.0,0.0799999999999983,2008.56,9866.29,-4.710000000000036,-3.040000000000873
UNHCR_LAGOS_OFFICE_DG1_and_DG2_1687906080,2023-06-27T22:48:00,2023-06-27T22:49:00,1687906080,63.1,45.73,0.0,0.09000000000000341,2008.56,9866.3,-4.710000000000036,-3.0499999999992724
UNHCR_LAGOS_OFFICE_DG1_and_DG2_1687906140,2023-06-27T22:49:00,2023-06-27T22:50:00,1687906140,63.1,45.73,0.0,0.0,2008.56,9866.32,-4.710000000000036,-3.069999999999709
UNHCR_LAGOS_OFFICE_DG1_and_DG2_1687906200,2023-06-27T22:50:00,2023-06-27T22:51:00,1687906200,63.1,45.73,0.0,0.0,2008.56,9866.34,-4.710000000000036,-3.0900000000001455
UNHCR_LAGOS_OFFICE_DG1_and_DG2_1687906260,2023-06-27T22:51:00,2023-06-27T22:52:00,1687906260,63.1,45.73,0.0,0.0,2008.56,9866.35,-4.710000000000036,-3.100000000000364
UNHCR_LAGOS_OFFICE_DG1_and_DG2_1687906320,2023-06-27T22:52:00,2023-06-27T22:53:00,1687906320,63.1,45.73,0.0,0.0,2008.56,9866.37,-4.710000000000036,-3.1200000000008004
UNHCR_LAGOS_OFFICE_DG1_and_DG2_1687906380,2023-06-27T22:53:00,2023-06-27T22:54:00,1687906380,63.1,45.73,0.0,0.0,2008.56,9866.39,-4.710000000000036,-3.139999999999418
UNHCR_LAGOS_OFFICE_DG1_and_DG2_1687906440,2023-06-27T22:54:00,2023-06-27T22:55:00,1687906440,63.1,45.73,0.0,0.0,2008.56,9866.4,-4.710000000000036,-3.149999999999636
UNHCR_LAGOS_OFFICE_DG1_and_DG2_1687906500,2023-06-27T22:55:00,2023-06-27T22:56:00,1687906500,63.1,45.65,0.0,0.0799999999999983,2008.56,9866.42,-4.710000000000036,-3.1700000000000728
UNHCR_LAGOS_OFFICE_DG1_and_DG2_1687906560,2023-06-27T22:56:00,2023-06-27T22:57:00,1687906560,63.1,45.57,0.0,0.0799999999999983,2008.56,9866.44,-4.710000000000036,-3.1900000000005093
UNHCR_LAGOS_OFFICE_DG1_and_DG2_1687906620,2023-06-27T22:57:00,2023-06-27T22:58:00,1687906620,63.1,45.49,0.0,0.0799999999999983,2008.56,9866.45,-4.710000000000036,-3.2000000000007276
UNHCR_LAGOS_OFFICE_DG1_and_DG2_1687906680,2023-06-27T22:58:00,2023-06-27T22:59:00,1687906680,63.1,45.4,0.0,0.09000000000000341,2008.56,9866.47,-4.710000000000036,-3.219999999999345
UNHCR_LAGOS_OFFICE_DG1_and_DG2_1687906740,2023-06-27T22:59:00,2023-06-27T23:00:00,1687906740,63.1,45.4,0.0,0.0,2008.56,9866.49,-4.710000000000036,-3.2399999999997817
UNHCR_LAGOS_OFFICE_DG1_and_DG2_1687906800,2023-06-27T23:00:00,2023-06-27T23:01:00,1687906800,63.1,45.4,0.0,0.0,2008.56,9866.5,-4.710000000000036,-3.25
UNHCR_LAGOS_OFFICE_DG1_and_DG2_1687906860,2023-06-27T23:01:00,2023-06-27T23:02:00,1687906860,63.1,45.4,0.0,0.0,2008.56,9866.52,-4.710000000000036,-3.2700000000004366
UNHCR_LAGOS_OFFICE_DG1_and_DG2_1687906920,2023-06-27T23:02:00,2023-06-27T23:03:00,1687906920,63.1,45.4,0.0,0.0,2008.56,9866.54,-4.710000000000036,-3.290000000000873
UNHCR_LAGOS_OFFICE_DG1_and_DG2_1687906980,2023-06-27T23:03:00,2023-06-27T23:04:00,1687906980,63.1,45.4,0.0,0.0,2008.56,9866.55,-4.710000000000036,-3.2999999999992724
UNHCR_LAGOS_OFFICE_DG1_and_DG2_1687907040,2023-06-27T23:04:00,2023-06-27T23:05:00,1687907040,63.1,45.4,0.0,0.0,2008.56,9866.57,-4.710000000000036,-3.319999999999709
UNHCR_LAGOS_OFFICE_DG1_and_DG2_1687907100,2023-06-27T23:05:00,2023-06-27T23:06:00,1687907100,63.1,45.4,0.0,0.0,2008.56,9866.59,-4.710000000000036,-3.3400000000001455
UNHCR_LAGOS_OFFICE_DG1_and_DG2_1687907160,2023-06-27T23:06:00,2023-06-27T23:07:00,1687907160,63.1,45.4,0.0,0.0,2008.56,9866.6,-4.710000000000036,-3.350000000000364
UNHCR_LAGOS_OFFICE_DG1_and_DG2_1687907220,2023-06-27T23:07:00,2023-06-27T23:08:00,1687907220,63.1,45.4,0.0,0.0,2008.56,9866.62,-4.710000000000036,-3.3700000000008004
UNHCR_LAGOS_OFFICE_DG1_and_DG2_1687907280,2023-06-27T23:08:00,2023-06-27T23:09:00,1687907280,63.1,45.32,0.0,0.0799999999999983,2008.56,9866.64,-4.710000000000036,-3.389999999999418
UNHCR_LAGOS_OFFICE_DG1_and_DG2_1687907340,2023-06-27T23:09:00,2023-06-27T23:10:00,1687907340,63.1,45.24,0.0,0.0799999999999983,2008.56,9866.65,-4.710000000000036,-3.399999999999636
UNHCR_LAGOS_OFFICE_DG1_and_DG2_1687907400,2023-06-27T23:10:00,2023-06-27T23:11:00,1687907400,63.1,45.15,0.0,0.09000000000000341,2008.56,9866.67,-4.710000000000036,-3.4200000000000728
UNHCR_LAGOS_OFFICE_DG1_and_DG2_1687907460,2023-06-27T23:11:00,2023-06-27T23:12:00,1687907460,63.1,45.07,0.0,0.0799999999999983,2008.56,9866.69,-4.710000000000036,-3.4400000000005093
UNHCR_LAGOS_OFFICE_DG1_and_DG2_1687907520,2023-06-27T23:12:00,2023-06-27T23:13:00,1687907520,63.1,45.07,0.0,0.0,2008.56,9866.7,-4.710000000000036,-3.4500000000007276
UNHCR_LAGOS_OFFICE_DG1_and_DG2_1687907580,2023-06-27T23:13:00,2023-06-27T23:14:00,1687907580,63.1,45.07,0.0,0.0,2008.56,9866.72,-4.710000000000036,-3.469999999999345
UNHCR_LAGOS_OFFICE_DG1_and_DG2_1687907640,2023-06-27T23:14:00,2023-06-27T23:15:00,1687907640,63.1,45.07,0.0,0.0,2008.56,9866.74,-4.710000000000036,-3.4899999999997817
UNHCR_LAGOS_OFFICE_DG1_and_DG2_1687907700,2023-06-27T23:15:00,2023-06-27T23:16:00,1687907700,63.1,45.07,0.0,0.0,2008.56,9866.75,-4.710000000000036,-3.5
UNHCR_LAGOS_OFFICE_DG1_and_DG2_1687907760,2023-06-27T23:16:00,2023-06-27T23:17:00,1687907760,63.1,45.07,0.0,0.0,2008.56,9866.77,-4.710000000000036,-3.5200000000004366
UNHCR_LAGOS_OFFICE_DG1_and_DG2_1687907820,2023-06-27T23:17:00,2023-06-27T23:18:00,1687907820,63.1,44.99,0.0,0.0799999999999983,2008.56,9866.79,-4.710000000000036,-3.540000000000873
UNHCR_LAGOS_OFFICE_DG1_and_DG2_1687907880,2023-06-27T23:18:00,2023-06-27T23:19:00,1687907880,63.1,44.91,0.0,0.0800000000000054,2008.56,9866.8,-4.710000000000036,-3.5499999999992724
UNHCR_LAGOS_OFFICE_DG1_and_DG2_1687907940,2023-06-27T23:19:00,2023-06-27T23:20:00,1687907940,63.1,44.82,0.0,0.0899999999999963,2008.56,9866.82,-4.710000000000036,-3.569999999999709
UNHCR_LAGOS_OFFICE_DG1_and_DG2_1687908000,2023-06-27T23:20:00,2023-06-27T23:21:00,1687908000,63.1,44.74,0.0,0.0799999999999983,2008.56,9866.84,-4.710000000000036,-3.5900000000001455
UNHCR_LAGOS_OFFICE_DG1_and_DG2_1687908060,2023-06-27T23:21:00,2023-06-27T23:22:00,1687908060,63.1,44.74,0.0,0.0,2008.56,9866.85,-4.710000000000036,-3.600000000000364
UNHCR_LAGOS_OFFICE_DG1_and_DG2_1687908120,2023-06-27T23:22:00,2023-06-27T23:23:00,1687908120,63.1,44.74,0.0,0.0,2008.56,9866.87,-4.710000000000036,-3.6200000000008004
UNHCR_LAGOS_OFFICE_DG1_and_DG2_1687908180,2023-06-27T23:23:00,2023-06-27T23:24:00,1687908180,63.1,44.74,0.0,0.0,2008.56,9866.89,-4.710000000000036,-3.639999999999418
UNHCR_LAGOS_OFFICE_DG1_and_DG2_1687908240,2023-06-27T23:24:00,2023-06-27T23:25:00,1687908240,63.1,44.74,0.0,0.0,2008.56,9866.9,-4.710000000000036,-3.649999999999636
UNHCR_LAGOS_OFFICE_DG1_and_DG2_1687908300,2023-06-27T23:25:00,2023-06-27T23:26:00,1687908300,63.1,44.74,0.0,0.0,2008.56,9866.92,-4.710000000000036,-3.6700000000000728
UNHCR_LAGOS_OFFICE_DG1_and_DG2_1687908360,2023-06-27T23:26:00,2023-06-27T23:27:00,1687908360,63.1,44.74,0.0,0.0,2008.56,9866.94,-4.710000000000036,-3.6900000000005093
UNHCR_LAGOS_OFFICE_DG1_and_DG2_1687908420,2023-06-27T23:27:00,2023-06-27T23:28:00,1687908420,63.1,44.74,0.0,0.0,2008.56,9866.95,-4.710000000000036,-3.7000000000007276
UNHCR_LAGOS_OFFICE_DG1_and_DG2_1687908480,2023-06-27T23:28:00,2023-06-27T23:29:00,1687908480,63.1,44.74,0.0,0.0,2008.56,9866.97,-4.710000000000036,-3.719999999999345
UNHCR_LAGOS_OFFICE_DG1_and_DG2_1687908540,2023-06-27T23:29:00,2023-06-27T23:30:00,1687908540,63.1,44.66,0.0,0.0800000000000054,2008.56,9866.99,-4.710000000000036,-3.7399999999997817
UNHCR_LAGOS_OFFICE_DG1_and_DG2_1687908600,2023-06-27T23:30:00,2023-06-27T23:31:00,1687908600,63.1,44.66,0.0,0.0,2008.56,9867.0,-4.710000000000036,-3.75
UNHCR_LAGOS_OFFICE_DG1_and_DG2_1687908660,2023-06-27T23:31:00,2023-06-27T23:32:00,1687908660,63.1,44.58,0.0,0.0799999999999983,2008.56,9867.02,-4.710000000000036,-3.7700000000004366
UNHCR_LAGOS_OFFICE_DG1_and_DG2_1687908720,2023-06-27T23:32:00,2023-06-27T23:33:00,1687908720,63.1,44.49,0.0,0.0899999999999963,2008.56,9867.04,-4.710000000000036,-3.790000000000873
UNHCR_LAGOS_OFFICE_DG1_and_DG2_1687908780,2023-06-27T23:33:00,2023-06-27T23:34:00,1687908780,63.1,44.49,0.0,0.0,2008.56,9867.05,-4.710000000000036,-3.7999999999992724
UNHCR_LAGOS_OFFICE_DG1_and_DG2_1687908840,2023-06-27T23:34:00,2023-06-27T23:35:00,1687908840,63.1,44.41,0.0,0.0800000000000054,2008.56,9867.07,-4.710000000000036,-3.819999999999709
UNHCR_LAGOS_OFFICE_DG1_and_DG2_1687908900,2023-06-27T23:35:00,2023-06-27T23:36:00,1687908900,63.1,44.41,0.0,0.0,2008.56,9867.09,-4.710000000000036,-3.8400000000001455
UNHCR_LAGOS_OFFICE_DG1_and_DG2_1687908960,2023-06-27T23:36:00,2023-06-27T23:37:00,1687908960,63.1,44.41,0.0,0.0,2008.56,9867.1,-4.710000000000036,-3.850000000000364
UNHCR_LAGOS_OFFICE_DG1_and_DG2_1687909020,2023-06-27T23:37:00,2023-06-27T23:38:00,1687909020,63.1,44.41,0.0,0.0,2008.56,9867.12,-4.710000000000036,-3.8700000000008004
UNHCR_LAGOS_OFFICE_DG1_and_DG2_1687909080,2023-06-27T23:38:00,2023-06-27T23:39:00,1687909080,63.1,44.33,0.0,0.0799999999999983,2008.56,9867.14,-4.710000000000036,-3.889999999999418
UNHCR_LAGOS_OFFICE_DG1_and_DG2_1687909140,2023-06-27T23:39:00,2023-06-27T23:40:00,1687909140,63.1,44.33,0.0,0.0,2008.56,9867.15,-4.710000000000036,-3.899999999999636
UNHCR_LAGOS_OFFICE_DG1_and_DG2_1687909200,2023-06-27T23:40:00,2023-06-27T23:41:00,1687909200,63.1,44.33,0.0,0.0,2008.56,9867.17,-4.710000000000036,-3.9200000000000728
UNHCR_LAGOS_OFFICE_DG1_and_DG2_1687909260,2023-06-27T23:41:00,2023-06-27T23:42:00,1687909260,63.1,44.24,0.0,0.0899999999999963,2008.56,9867.19,-4.710000000000036,-3.9400000000005093
UNHCR_LAGOS_OFFICE_DG1_and_DG2_1687909320,2023-06-27T23:42:00,2023-06-27T23:43:00,1687909320,63.1,44.24,0.0,0.0,2008.56,9867.2,-4.710000000000036,-3.9500000000007276
UNHCR_LAGOS_OFFICE_DG1_and_DG2_1687909380,2023-06-27T23:43:00,2023-06-27T23:44:00,1687909380,63.1,44.16,0.0,0.0800000000000054,2008.56,9867.22,-4.710000000000036,-3.969999999999345
UNHCR_LAGOS_OFFICE_DG1_and_DG2_1687909440,2023-06-27T23:44:00,2023-06-27T23:45:00,1687909440,63.1,44.08,0.0,0.0799999999999983,2008.56,9867.24,-4.710000000000036,-3.9899999999997817
UNHCR_LAGOS_OFFICE_DG1_and_DG2_1687909500,2023-06-27T23:45:00,2023-06-27T23:46:00,1687909500,63.1,44.08,0.0,0.0,2008.56,9867.25,-4.710000000000036,-4.0
UNHCR_LAGOS_OFFICE_DG1_and_DG2_1687909560,2023-06-27T23:46:00,2023-06-27T23:47:00,1687909560,63.1,44.08,0.0,0.0,2008.56,9867.27,-4.710000000000036,-4.020000000000437
UNHCR_LAGOS_OFFICE_DG1_and_DG2_1687909620,2023-06-27T23:47:00,2023-06-27T23:48:00,1687909620,63.1,44.08,0.0,0.0,2008.56,9867.29,-4.710000000000036,-4.040000000000873
UNHCR_LAGOS_OFFICE_DG1_and_DG2_1687909680,2023-06-27T23:48:00,2023-06-27T23:49:00,1687909680,63.1,44.08,0.0,0.0,2008.56,9867.3,-4.710000000000036,-4.049999999999272
UNHCR_LAGOS_OFFICE_DG1_and_DG2_1687909740,2023-06-27T23:49:00,2023-06-27T23:50:00,1687909740,63.1,44.0,0.0,0.0799999999999983,2008.56,9867.32,-4.710000000000036,-4.069999999999709
UNHCR_LAGOS_OFFICE_DG1_and_DG2_1687909800,2023-06-27T23:50:00,2023-06-27T23:51:00,1687909800,63.1,44.0,0.0,0.0,2008.56,9867.34,-4.710000000000036,-4.0900000000001455
UNHCR_LAGOS_OFFICE_DG1_and_DG2_1687909860,2023-06-27T23:51:00,2023-06-27T23:52:00,1687909860,63.1,44.0,0.0,0.0,2008.56,9867.35,-4.710000000000036,-4.100000000000364
UNHCR_LAGOS_OFFICE_DG1_and_DG2_1687909920,2023-06-27T23:52:00,2023-06-27T23:53:00,1687909920,63.1,43.91,0.0,0.09000000000000341,2008.56,9867.37,-4.710000000000036,-4.1200000000008
UNHCR_LAGOS_OFFICE_DG1_and_DG2_1687909980,2023-06-27T23:53:00,2023-06-27T23:54:00,1687909980,63.1,43.91,0.0,0.0,2008.56,9867.39,-4.710000000000036,-4.139999999999418
UNHCR_LAGOS_OFFICE_DG1_and_DG2_1687910040,2023-06-27T23:54:00,2023-06-27T23:55:00,1687910040,63.1,43.91,0.0,0.0,2008.56,9867.4,-4.710000000000036,-4.149999999999636
UNHCR_LAGOS_OFFICE_DG1_and_DG2_1687910100,2023-06-27T23:55:00,2023-06-27T23:56:00,1687910100,63.1,43.83,0.0,0.0799999999999983,2008.56,9867.42,-4.710000000000036,-4.170000000000073
UNHCR_LAGOS_OFFICE_DG1_and_DG2_1687910160,2023-06-27T23:56:00,2023-06-27T23:57:00,1687910160,63.1,43.83,0.0,0.0,2008.56,9867.44,-4.710000000000036,-4.190000000000509
UNHCR_LAGOS_OFFICE_DG1_and_DG2_1687910220,2023-06-27T23:57:00,2023-06-27T23:58:00,1687910220,63.1,43.75,0.0,0.0799999999999983,2008.56,9867.46,-4.710000000000036,-4.209999999999127
UNHCR_LAGOS_OFFICE_DG1_and_DG2_1687910280,2023-06-27T23:58:00,2023-06-27T23:59:00,1687910280,63.1,43.75,0.0,0.0,2008.56,9867.47,-4.710000000000036,-4.219999999999345
UNHCR_LAGOS_OFFICE_DG1_and_DG2_1687910340,2023-06-27T23:59:00,2023-06-28T00:00:00,1687910340,63.1,43.67,0.0,0.0799999999999983,2008.56,9867.49,-4.710000000000036,-4.239999999999782
UNHCR_LAGOS_OFFICE_DG1_and_DG2_1687910400,2023-06-28T00:00:00,2023-06-28T00:01:00,1687910400,63.1,43.67,0.0,0.0,2008.56,9867.5,-4.710000000000036,-4.25
UNHCR_LAGOS_OFFICE_DG1_and_DG2_1687910460,2023-06-28T00:01:00,2023-06-28T00:02:00,1687910460,63.1,43.67,0.0,0.0,2008.56,9867.52,-4.710000000000036,-4.270000000000437
UNHCR_LAGOS_OFFICE_DG1_and_DG2_1687910520,2023-06-28T00:02:00,2023-06-28T00:03:00,1687910520,63.1,43.58,0.0,0.09000000000000341,2008.56,9867.54,-4.710000000000036,-4.290000000000873
UNHCR_LAGOS_OFFICE_DG1_and_DG2_1687910580,2023-06-28T00:03:00,2023-06-28T00:04:00,1687910580,63.1,43.58,0.0,0.0,2008.56,9867.56,-4.710000000000036,-4.309999999999491
UNHCR_LAGOS_OFFICE_DG1_and_DG2_1687910640,2023-06-28T00:04:00,2023-06-28T00:05:00,1687910640,63.1,43.5,0.0,0.0799999999999983,2008.56,9867.57,-4.710000000000036,-4.319999999999709
UNHCR_LAGOS_OFFICE_DG1_and_DG2_1687910700,2023-06-28T00:05:00,2023-06-28T00:06:00,1687910700,63.1,43.42,0.0,0.0799999999999983,2008.56,9867.59,-4.710000000000036,-4.3400000000001455
UNHCR_LAGOS_OFFICE_DG1_and_DG2_1687910760,2023-06-28T00:06:00,2023-06-28T00:07:00,1687910760,63.1,43.42,0.0,0.0,2008.56,9867.6,-4.710000000000036,-4.350000000000364
UNHCR_LAGOS_OFFICE_DG1_and_DG2_1687910820,2023-06-28T00:07:00,2023-06-28T00:08:00,1687910820,63.1,43.42,0.0,0.0,2008.56,9867.62,-4.710000000000036,-4.3700000000008
UNHCR_LAGOS_OFFICE_DG1_and_DG2_1687910880,2023-06-28T00:08:00,2023-06-28T00:09:00,1687910880,63.1,43.42,0.0,0.0,2008.56,9867.64,-4.710000000000036,-4.389999999999418
UNHCR_LAGOS_OFFICE_DG1_and_DG2_1687910940,2023-06-28T00:09:00,2023-06-28T00:10:00,1687910940,63.1,43.42,0.0,0.0,2008.56,9867.66,-4.710000000000036,-4.4099999999998545
UNHCR_LAGOS_OFFICE_DG1_and_DG2_1687911000,2023-06-28T00:10:00,2023-06-28T00:11:00,1687911000,63.1,43.42,0.0,0.0,2008.56,9867.67,-4.710000000000036,-4.420000000000073
UNHCR_LAGOS_OFFICE_DG1_and_DG2_1687911060,2023-06-28T00:11:00,2023-06-28T00:12:00,1687911060,63.1,43.42,0.0,0.0,2008.56,9867.69,-4.710000000000036,-4.440000000000509
UNHCR_LAGOS_OFFICE_DG1_and_DG2_1687911120,2023-06-28T00:12:00,2023-06-28T00:13:00,1687911120,63.1,43.42,0.0,0.0,2008.56,9867.7,-4.710000000000036,-4.450000000000728
UNHCR_LAGOS_OFFICE_DG1_and_DG2_1687911180,2023-06-28T00:13:00,2023-06-28T00:14:00,1687911180,63.1,43.33,0.0,0.09000000000000341,2008.56,9867.72,-4.710000000000036,-4.469999999999345
UNHCR_LAGOS_OFFICE_DG1_and_DG2_1687911240,2023-06-28T00:14:00,2023-06-28T00:15:00,1687911240,63.1,43.25,0.0,0.0799999999999983,2008.56,9867.74,-4.710000000000036,-4.489999999999782
UNHCR_LAGOS_OFFICE_DG1_and_DG2_1687911300,2023-06-28T00:15:00,2023-06-28T00:16:00,1687911300,63.1,43.17,0.0,0.0799999999999983,2008.56,9867.75,-4.710000000000036,-4.5
UNHCR_LAGOS_OFFICE_DG1_and_DG2_1687911360,2023-06-28T00:16:00,2023-06-28T00:17:00,1687911360,63.1,43.09,0.0,0.0799999999999983,2008.56,9867.77,-4.710000000000036,-4.520000000000437
UNHCR_LAGOS_OFFICE_DG1_and_DG2_1687911420,2023-06-28T00:17:00,2023-06-28T00:18:00,1687911420,63.1,43.09,0.0,0.0,2008.56,9867.79,-4.710000000000036,-4.540000000000873
UNHCR_LAGOS_OFFICE_DG1_and_DG2_1687911480,2023-06-28T00:18:00,2023-06-28T00:19:00,1687911480,63.1,43.09,0.0,0.0,2008.56,9867.8,-4.710000000000036,-4.549999999999272
UNHCR_LAGOS_OFFICE_DG1_and_DG2_1687911540,2023-06-28T00:19:00,2023-06-28T00:20:00,1687911540,63.1,43.09,0.0,0.0,2008.56,9867.82,-4.710000000000036,-4.569999999999709
UNHCR_LAGOS_OFFICE_DG1_and_DG2_1687911600,2023-06-28T00:20:00,2023-06-28T00:21:00,1687911600,63.1,43.09,0.0,0.0,2008.56,9867.84,-4.710000000000036,-4.5900000000001455
UNHCR_LAGOS_OFFICE_DG1_and_DG2_1687911660,2023-06-28T00:21:00,2023-06-28T00:22:00,1687911660,63.1,43.09,0.0,0.0,2008.56,9867.86,-4.710000000000036,-4.610000000000582
UNHCR_LAGOS_OFFICE_DG1_and_DG2_1687911720,2023-06-28T00:22:00,2023-06-28T00:23:00,1687911720,63.1,43.0,0.0,0.09000000000000341,2008.56,9867.87,-4.710000000000036,-4.6200000000008
UNHCR_LAGOS_OFFICE_DG1_and_DG2_1687911780,2023-06-28T00:23:00,2023-06-28T00:24:00,1687911780,63.1,43.0,0.0,0.0,2008.56,9867.89,-4.710000000000036,-4.639999999999418
UNHCR_LAGOS_OFFICE_DG1_and_DG2_1687911840,2023-06-28T00:24:00,2023-06-28T00:25:00,1687911840,63.1,42.92,0.0,0.0799999999999983,2008.56,9867.91,-4.710000000000036,-4.6599999999998545
UNHCR_LAGOS_OFFICE_DG1_and_DG2_1687911900,2023-06-28T00:25:00,2023-06-28T00:26:00,1687911900,63.1,42.84,0.0,0.0799999999999983,2008.56,9867.92,-4.710000000000036,-4.670000000000073
UNHCR_LAGOS_OFFICE_DG1_and_DG2_1687911960,2023-06-28T00:26:00,2023-06-28T00:27:00,1687911960,63.1,42.84,0.0,0.0,2008.56,9867.94,-4.710000000000036,-4.690000000000509
UNHCR_LAGOS_OFFICE_DG1_and_DG2_1687912020,2023-06-28T00:27:00,2023-06-28T00:28:00,1687912020,63.1,42.76,0.0,0.0800000000000054,2008.56,9867.96,-4.710000000000036,-4.709999999999127
UNHCR_LAGOS_OFFICE_DG1_and_DG2_1687912080,2023-06-28T00:28:00,2023-06-28T00:29:00,1687912080,63.1,42.76,0.0,0.0,2008.56,9867.97,-4.710000000000036,-4.719999999999345
UNHCR_LAGOS_OFFICE_DG1_and_DG2_1687912140,2023-06-28T00:29:00,2023-06-28T00:30:00,1687912140,63.1,42.76,0.0,0.0,2008.56,9867.99,-4.710000000000036,-4.739999999999782
UNHCR_LAGOS_OFFICE_DG1_and_DG2_1687912200,2023-06-28T00:30:00,2023-06-28T00:31:00,1687912200,63.1,42.76,0.0,0.0,2008.56,9868.0,-4.710000000000036,-4.75
UNHCR_LAGOS_OFFICE_DG1_and_DG2_1687912260,2023-06-28T00:31:00,2023-06-28T00:32:00,1687912260,63.1,42.76,0.0,0.0,2008.56,9868.02,-4.710000000000036,-4.770000000000437
UNHCR_LAGOS_OFFICE_DG1_and_DG2_1687912320,2023-06-28T00:32:00,2023-06-28T00:33:00,1687912320,63.1,42.76,0.0,0.0,2008.56,9868.04,-4.710000000000036,-4.790000000000873
UNHCR_LAGOS_OFFICE_DG1_and_DG2_1687912380,2023-06-28T00:33:00,2023-06-28T00:34:00,1687912380,63.1,42.76,0.0,0.0,2008.56,9868.06,-4.710000000000036,-4.809999999999491
UNHCR_LAGOS_OFFICE_DG1_and_DG2_1687912440,2023-06-28T00:34:00,2023-06-28T00:35:00,1687912440,63.1,42.76,0.0,0.0,2008.56,9868.07,-4.710000000000036,-4.819999999999709
UNHCR_LAGOS_OFFICE_DG1_and_DG2_1687912500,2023-06-28T00:35:00,2023-06-28T00:36:00,1687912500,63.1,42.67,0.0,0.0899999999999963,2008.56,9868.09,-4.710000000000036,-4.8400000000001455
UNHCR_LAGOS_OFFICE_DG1_and_DG2_1687912560,2023-06-28T00:36:00,2023-06-28T00:37:00,1687912560,63.1,42.59,0.0,0.0799999999999983,2008.56,9868.1,-4.710000000000036,-4.850000000000364
UNHCR_LAGOS_OFFICE_DG1_and_DG2_1687912620,2023-06-28T00:37:00,2023-06-28T00:38:00,1687912620,63.1,42.51,0.0,0.0800000000000054,2008.56,9868.12,-4.710000000000036,-4.8700000000008
UNHCR_LAGOS_OFFICE_DG1_and_DG2_1687912680,2023-06-28T00:38:00,2023-06-28T00:39:00,1687912680,63.1,42.42,0.0,0.0899999999999963,2008.56,9868.14,-4.710000000000036,-4.889999999999418
UNHCR_LAGOS_OFFICE_DG1_and_DG2_1687912740,2023-06-28T00:39:00,2023-06-28T00:40:00,1687912740,63.1,42.42,0.0,0.0,2008.56,9868.16,-4.710000000000036,-4.9099999999998545
UNHCR_LAGOS_OFFICE_DG1_and_DG2_1687912800,2023-06-28T00:40:00,2023-06-28T00:41:00,1687912800,63.1,42.42,0.0,0.0,2008.56,9868.17,-4.710000000000036,-4.920000000000073
UNHCR_LAGOS_OFFICE_DG1_and_DG2_1687912860,2023-06-28T00:41:00,2023-06-28T00:42:00,1687912860,63.1,42.42,0.0,0.0,2008.56,9868.19,-4.710000000000036,-4.940000000000509
UNHCR_LAGOS_OFFICE_DG1_and_DG2_1687912920,2023-06-28T00:42:00,2023-06-28T00:43:00,1687912920,63.1,42.42,0.0,0.0,2008.56,9868.2,-4.710000000000036,-4.950000000000728
UNHCR_LAGOS_OFFICE_DG1_and_DG2_1687912980,2023-06-28T00:43:00,2023-06-28T00:44:00,1687912980,63.1,42.34,0.0,0.0799999999999983,2008.56,9868.22,-4.710000000000036,-4.969999999999345
UNHCR_LAGOS_OFFICE_DG1_and_DG2_1687913040,2023-06-28T00:44:00,2023-06-28T00:45:00,1687913040,63.1,42.26,0.0,0.0800000000000054,2008.56,9868.24,-4.710000000000036,-4.989999999999782
UNHCR_LAGOS_OFFICE_DG1_and_DG2_1687913100,2023-06-28T00:45:00,2023-06-28T00:46:00,1687913100,63.1,42.18,0.0,0.0799999999999983,2008.56,9868.25,-4.710000000000036,-5.0
UNHCR_LAGOS_OFFICE_DG1_and_DG2_1687913160,2023-06-28T00:46:00,2023-06-28T00:47:00,1687913160,63.1,42.09,0.0,0.0899999999999963,2008.56,9868.27,-4.710000000000036,-5.020000000000437
UNHCR_LAGOS_OFFICE_DG1_and_DG2_1687913220,2023-06-28T00:47:00,2023-06-28T00:48:00,1687913220,63.1,42.09,0.0,0.0,2008.56,9868.29,-4.710000000000036,-5.040000000000873
UNHCR_LAGOS_OFFICE_DG1_and_DG2_1687913280,2023-06-28T00:48:00,2023-06-28T00:49:00,1687913280,63.1,42.09,0.0,0.0,2008.56,9868.3,-4.710000000000036,-5.049999999999272
UNHCR_LAGOS_OFFICE_DG1_and_DG2_1687913340,2023-06-28T00:49:00,2023-06-28T00:50:00,1687913340,63.1,42.09,0.0,0.0,2008.56,9868.32,-4.710000000000036,-5.069999999999709
UNHCR_LAGOS_OFFICE_DG1_and_DG2_1687913400,2023-06-28T00:50:00,2023-06-28T00:51:00,1687913400,63.1,42.09,0.0,0.0,2008.56,9868.34,-4.710000000000036,-5.0900000000001455
UNHCR_LAGOS_OFFICE_DG1_and_DG2_1687913460,2023-06-28T00:51:00,2023-06-28T00:52:00,1687913460,63.1,42.09,0.0,0.0,2008.56,9868.36,-4.710000000000036,-5.110000000000582
UNHCR_LAGOS_OFFICE_DG1_and_DG2_1687913520,2023-06-28T00:52:00,2023-06-28T00:53:00,1687913520,63.1,42.09,0.0,0.0,2008.56,9868.37,-4.710000000000036,-5.1200000000008
UNHCR_LAGOS_OFFICE_DG1_and_DG2_1687913580,2023-06-28T00:53:00,2023-06-28T00:54:00,1687913580,63.1,42.09,0.0,0.0,2008.56,9868.39,-4.710000000000036,-5.139999999999418
UNHCR_LAGOS_OFFICE_DG1_and_DG2_1687913640,2023-06-28T00:54:00,2023-06-28T00:55:00,1687913640,63.1,42.09,0.0,0.0,2008.56,9868.41,-4.710000000000036,-5.1599999999998545
UNHCR_LAGOS_OFFICE_DG1_and_DG2_1687913700,2023-06-28T00:55:00,2023-06-28T00:56:00,1687913700,63.1,42.09,0.0,0.0,2008.56,9868.42,-4.710000000000036,-5.170000000000073
UNHCR_LAGOS_OFFICE_DG1_and_DG2_1687913760,2023-06-28T00:56:00,2023-06-28T00:57:00,1687913760,63.1,42.09,0.0,0.0,2008.56,9868.44,-4.710000000000036,-5.190000000000509
UNHCR_LAGOS_OFFICE_DG1_and_DG2_1687913820,2023-06-28T00:57:00,2023-06-28T00:58:00,1687913820,63.1,42.01,0.0,0.0800000000000054,2008.56,9868.46,-4.710000000000036,-5.209999999999127
UNHCR_LAGOS_OFFICE_DG1_and_DG2_1687913880,2023-06-28T00:58:00,2023-06-28T00:59:00,1687913880,63.1,41.93,0.0,0.0799999999999983,2008.56,9868.47,-4.710000000000036,-5.219999999999345
UNHCR_LAGOS_OFFICE_DG1_and_DG2_1687913940,2023-06-28T00:59:00,2023-06-28T01:00:00,1687913940,63.1,41.85,0.0,0.0799999999999983,2008.56,9868.49,-4.710000000000036,-5.239999999999782
UNHCR_LAGOS_OFFICE_DG1_and_DG2_1687914000,2023-06-28T01:00:00,2023-06-28T01:01:00,1687914000,63.1,41.76,0.0,0.09000000000000341,2008.56,9868.5,-4.710000000000036,-5.25
UNHCR_LAGOS_OFFICE_DG1_and_DG2_1687914060,2023-06-28T01:01:00,2023-06-28T01:02:00,1687914060,63.1,41.76,0.0,0.0,2008.56,9868.52,-4.710000000000036,-5.270000000000437
UNHCR_LAGOS_OFFICE_DG1_and_DG2_1687914120,2023-06-28T01:02:00,2023-06-28T01:03:00,1687914120,63.1,41.76,0.0,0.0,2008.56,9868.54,-4.710000000000036,-5.290000000000873
UNHCR_LAGOS_OFFICE_DG1_and_DG2_1687914180,2023-06-28T01:03:00,2023-06-28T01:04:00,1687914180,63.1,41.76,0.0,0.0,2008.56,9868.56,-4.710000000000036,-5.309999999999491
UNHCR_LAGOS_OFFICE_DG1_and_DG2_1687914240,2023-06-28T01:04:00,2023-06-28T01:05:00,1687914240,63.1,41.76,0.0,0.0,2008.56,9868.57,-4.710000000000036,-5.319999999999709
UNHCR_LAGOS_OFFICE_DG1_and_DG2_1687914300,2023-06-28T01:05:00,2023-06-28T01:06:00,1687914300,63.1,41.76,0.0,0.0,2008.56,9868.59,-4.710000000000036,-5.3400000000001455
UNHCR_LAGOS_OFFICE_DG1_and_DG2_1687914360,2023-06-28T01:06:00,2023-06-28T01:07:00,1687914360,63.1,41.76,0.0,0.0,2008.56,9868.6,-4.710000000000036,-5.350000000000364
UNHCR_LAGOS_OFFICE_DG1_and_DG2_1687914420,2023-06-28T01:07:00,2023-06-28T01:08:00,1687914420,63.1,41.76,0.0,0.0,2008.56,9868.62,-4.710000000000036,-5.3700000000008
UNHCR_LAGOS_OFFICE_DG1_and_DG2_1687914480,2023-06-28T01:08:00,2023-06-28T01:09:00,1687914480,63.1,41.68,0.0,0.0799999999999983,2008.56,9868.64,-4.710000000000036,-5.389999999999418
UNHCR_LAGOS_OFFICE_DG1_and_DG2_1687914540,2023-06-28T01:09:00,2023-06-28T01:10:00,1687914540,63.1,41.6,0.0,0.0799999999999983,2008.56,9868.66,-4.710000000000036,-5.4099999999998545
UNHCR_LAGOS_OFFICE_DG1_and_DG2_1687914600,2023-06-28T01:10:00,2023-06-28T01:11:00,1687914600,63.1,41.51,0.0,0.09000000000000341,2008.56,9868.67,-4.710000000000036,-5.420000000000073
UNHCR_LAGOS_OFFICE_DG1_and_DG2_1687914660,2023-06-28T01:11:00,2023-06-28T01:12:00,1687914660,63.1,41.43,0.0,0.0799999999999983,2008.56,9868.69,-4.710000000000036,-5.440000000000509
UNHCR_LAGOS_OFFICE_DG1_and_DG2_1687914720,2023-06-28T01:12:00,2023-06-28T01:13:00,1687914720,63.1,41.43,0.0,0.0,2008.56,9868.7,-4.710000000000036,-5.450000000000728
UNHCR_LAGOS_OFFICE_DG1_and_DG2_1687914780,2023-06-28T01:13:00,2023-06-28T01:14:00,1687914780,63.1,41.43,0.0,0.0,2008.56,9868.72,-4.710000000000036,-5.469999999999345
UNHCR_LAGOS_OFFICE_DG1_and_DG2_1687914840,2023-06-28T01:14:00,2023-06-28T01:15:00,1687914840,63.1,41.43,0.0,0.0,2008.56,9868.74,-4.710000000000036,-5.489999999999782
UNHCR_LAGOS_OFFICE_DG1_and_DG2_1687914900,2023-06-28T01:15:00,2023-06-28T01:16:00,1687914900,63.1,41.43,0.0,0.0,2008.56,9868.75,-4.710000000000036,-5.5
UNHCR_LAGOS_OFFICE_DG1_and_DG2_1687914960,2023-06-28T01:16:00,2023-06-28T01:17:00,1687914960,63.1,41.43,0.0,0.0,2008.56,9868.77,-4.710000000000036,-5.520000000000437
UNHCR_LAGOS_OFFICE_DG1_and_DG2_1687915020,2023-06-28T01:17:00,2023-06-28T01:18:00,1687915020,63.1,41.35,0.0,0.0799999999999983,2008.56,9868.79,-4.710000000000036,-5.540000000000873
UNHCR_LAGOS_OFFICE_DG1_and_DG2_1687915080,2023-06-28T01:18:00,2023-06-28T01:19:00,1687915080,63.1,41.27,0.0,0.0799999999999983,2008.56,9868.8,-4.710000000000036,-5.549999999999272
UNHCR_LAGOS_OFFICE_DG1_and_DG2_1687915140,2023-06-28T01:19:00,2023-06-28T01:20:00,1687915140,63.1,41.18,0.0,0.09000000000000341,2008.56,9868.82,-4.710000000000036,-5.569999999999709
UNHCR_LAGOS_OFFICE_DG1_and_DG2_1687915200,2023-06-28T01:20:00,2023-06-28T01:21:00,1687915200,63.1,41.1,0.0,0.0799999999999983,2008.56,9868.84,-4.710000000000036,-5.5900000000001455
UNHCR_LAGOS_OFFICE_DG1_and_DG2_1687915260,2023-06-28T01:21:00,2023-06-28T01:22:00,1687915260,63.1,41.1,0.0,0.0,2008.56,9868.86,-4.710000000000036,-5.610000000000582
UNHCR_LAGOS_OFFICE_DG1_and_DG2_1687915320,2023-06-28T01:22:00,2023-06-28T01:23:00,1687915320,63.1,41.1,0.0,0.0,2008.56,9868.87,-4.710000000000036,-5.6200000000008
UNHCR_LAGOS_OFFICE_DG1_and_DG2_1687915380,2023-06-28T01:23:00,2023-06-28T01:24:00,1687915380,63.1,41.1,0.0,0.0,2008.56,9868.89,-4.710000000000036,-5.639999999999418
UNHCR_LAGOS_OFFICE_DG1_and_DG2_1687915440,2023-06-28T01:24:00,2023-06-28T01:25:00,1687915440,63.1,41.1,0.0,0.0,2008.56,9868.91,-4.710000000000036,-5.6599999999998545
UNHCR_LAGOS_OFFICE_DG1_and_DG2_1687915500,2023-06-28T01:25:00,2023-06-28T01:26:00,1687915500,63.1,41.1,0.0,0.0,2008.56,9868.92,-4.710000000000036,-5.670000000000073
UNHCR_LAGOS_OFFICE_DG1_and_DG2_1687915560,2023-06-28T01:26:00,2023-06-28T01:27:00,1687915560,63.1,41.1,0.0,0.0,2008.56,9868.94,-4.710000000000036,-5.690000000000509
UNHCR_LAGOS_OFFICE_DG1_and_DG2_1687915620,2023-06-28T01:27:00,2023-06-28T01:28:00,1687915620,63.1,41.1,0.0,0.0,2008.56,9868.96,-4.710000000000036,-5.709999999999127
UNHCR_LAGOS_OFFICE_DG1_and_DG2_1687915680,2023-06-28T01:28:00,2023-06-28T01:29:00,1687915680,63.1,41.02,0.0,0.0799999999999983,2008.56,9868.97,-4.710000000000036,-5.719999999999345
UNHCR_LAGOS_OFFICE_DG1_and_DG2_1687915740,2023-06-28T01:29:00,2023-06-28T01:30:00,1687915740,63.1,40.94,0.0,0.0800000000000054,2008.56,9868.99,-4.710000000000036,-5.739999999999782
UNHCR_LAGOS_OFFICE_DG1_and_DG2_1687915800,2023-06-28T01:30:00,2023-06-28T01:31:00,1687915800,63.1,40.85,0.0,0.0899999999999963,2008.56,9869.0,-4.710000000000036,-5.75
UNHCR_LAGOS_OFFICE_DG1_and_DG2_1687915860,2023-06-28T01:31:00,2023-06-28T01:32:00,1687915860,63.1,40.85,0.0,0.0,2008.56,9869.02,-4.710000000000036,-5.770000000000437
UNHCR_LAGOS_OFFICE_DG1_and_DG2_1687915920,2023-06-28T01:32:00,2023-06-28T01:33:00,1687915920,63.1,40.85,0.0,0.0,2008.56,9869.04,-4.710000000000036,-5.790000000000873
UNHCR_LAGOS_OFFICE_DG1_and_DG2_1687915980,2023-06-28T01:33:00,2023-06-28T01:34:00,1687915980,63.1,40.85,0.0,0.0,2008.56,9869.06,-4.710000000000036,-5.809999999999491
UNHCR_LAGOS_OFFICE_DG1_and_DG2_1687916040,2023-06-28T01:34:00,2023-06-28T01:35:00,1687916040,63.1,40.85,0.0,0.0,2008.56,9869.07,-4.710000000000036,-5.819999999999709
UNHCR_LAGOS_OFFICE_DG1_and_DG2_1687916100,2023-06-28T01:35:00,2023-06-28T01:36:00,1687916100,63.1,40.77,0.0,0.0799999999999983,2008.56,9869.09,-4.710000000000036,-5.8400000000001455
UNHCR_LAGOS_OFFICE_DG1_and_DG2_1687916160,2023-06-28T01:36:00,2023-06-28T01:37:00,1687916160,63.1,40.77,0.0,0.0,2008.56,9869.1,-4.710000000000036,-5.850000000000364
UNHCR_LAGOS_OFFICE_DG1_and_DG2_1687916220,2023-06-28T01:37:00,2023-06-28T01:38:00,1687916220,63.1,40.77,0.0,0.0,2008.56,9869.12,-4.710000000000036,-5.8700000000008
UNHCR_LAGOS_OFFICE_DG1_and_DG2_1687916280,2023-06-28T01:38:00,2023-06-28T01:39:00,1687916280,63.1,40.69,0.0,0.0800000000000054,2008.56,9869.14,-4.710000000000036,-5.889999999999418
UNHCR_LAGOS_OFFICE_DG1_and_DG2_1687916340,2023-06-28T01:39:00,2023-06-28T01:40:00,1687916340,63.1,40.69,0.0,0.0,2008.56,9869.16,-4.710000000000036,-5.9099999999998545
UNHCR_LAGOS_OFFICE_DG1_and_DG2_1687916400,2023-06-28T01:40:00,2023-06-28T01:41:00,1687916400,63.1,40.6,0.0,0.0899999999999963,2008.56,9869.17,-4.710000000000036,-5.920000000000073
UNHCR_LAGOS_OFFICE_DG1_and_DG2_1687916460,2023-06-28T01:41:00,2023-06-28T01:42:00,1687916460,63.1,40.52,0.0,0.0799999999999983,2008.56,9869.19,-4.710000000000036,-5.940000000000509
UNHCR_LAGOS_OFFICE_DG1_and_DG2_1687916520,2023-06-28T01:42:00,2023-06-28T01:43:00,1687916520,63.1,40.52,0.0,0.0,2008.56,9869.2,-4.710000000000036,-5.950000000000728
UNHCR_LAGOS_OFFICE_DG1_and_DG2_1687916580,2023-06-28T01:43:00,2023-06-28T01:44:00,1687916580,63.1,40.44,0.0,0.0800000000000054,2008.56,9869.22,-4.710000000000036,-5.969999999999345
UNHCR_LAGOS_OFFICE_DG1_and_DG2_1687916640,2023-06-28T01:44:00,2023-06-28T01:45:00,1687916640,63.1,40.44,0.0,0.0,2008.56,9869.24,-4.710000000000036,-5.989999999999782
UNHCR_LAGOS_OFFICE_DG1_and_DG2_1687916700,2023-06-28T01:45:00,2023-06-28T01:46:00,1687916700,63.1,40.44,0.0,0.0,2008.56,9869.25,-4.710000000000036,-6.0
UNHCR_LAGOS_OFFICE_DG1_and_DG2_1687916760,2023-06-28T01:46:00,2023-06-28T01:47:00,1687916760,63.1,40.44,0.0,0.0,2008.56,9869.27,-4.710000000000036,-6.020000000000437
UNHCR_LAGOS_OFFICE_DG1_and_DG2_1687916820,2023-06-28T01:47:00,2023-06-28T01:48:00,1687916820,63.1,40.44,0.0,0.0,2008.56,9869.29,-4.710000000000036,-6.040000000000873
UNHCR_LAGOS_OFFICE_DG1_and_DG2_1687916880,2023-06-28T01:48:00,2023-06-28T01:49:00,1687916880,63.1,40.44,0.0,0.0,2008.56,9869.3,-4.710000000000036,-6.049999999999272
UNHCR_LAGOS_OFFICE_DG1_and_DG2_1687916940,2023-06-28T01:49:00,2023-06-28T01:50:00,1687916940,63.1,40.44,0.0,0.0,2008.56,9869.32,-4.710000000000036,-6.069999999999709
UNHCR_LAGOS_OFFICE_DG1_and_DG2_1687917000,2023-06-28T01:50:00,2023-06-28T01:51:00,1687917000,63.1,40.44,0.0,0.0,2008.56,9869.34,-4.710000000000036,-6.0900000000001455
UNHCR_LAGOS_OFFICE_DG1_and_DG2_1687917060,2023-06-28T01:51:00,2023-06-28T01:52:00,1687917060,63.1,40.44,0.0,0.0,2008.56,9869.36,-4.710000000000036,-6.110000000000582
UNHCR_LAGOS_OFFICE_DG1_and_DG2_1687917120,2023-06-28T01:52:00,2023-06-28T01:53:00,1687917120,63.1,40.36,0.0,0.0799999999999983,2008.56,9869.37,-4.710000000000036,-6.1200000000008
UNHCR_LAGOS_OFFICE_DG1_and_DG2_1687917180,2023-06-28T01:53:00,2023-06-28T01:54:00,1687917180,63.1,40.27,0.0,0.0899999999999963,2008.56,9869.39,-4.710000000000036,-6.139999999999418
UNHCR_LAGOS_OFFICE_DG1_and_DG2_1687917240,2023-06-28T01:54:00,2023-06-28T01:55:00,1687917240,63.1,40.19,0.0,0.0800000000000054,2008.56,9869.41,-4.710000000000036,-6.1599999999998545
UNHCR_LAGOS_OFFICE_DG1_and_DG2_1687917300,2023-06-28T01:55:00,2023-06-28T01:56:00,1687917300,63.1,40.11,0.0,0.0799999999999983,2008.56,9869.42,-4.710000000000036,-6.170000000000073
UNHCR_LAGOS_OFFICE_DG1_and_DG2_1687917360,2023-06-28T01:56:00,2023-06-28T01:57:00,1687917360,63.1,40.03,0.0,0.0799999999999983,2008.56,9869.44,-4.710000000000036,-6.190000000000509
UNHCR_LAGOS_OFFICE_DG1_and_DG2_1687917420,2023-06-28T01:57:00,2023-06-28T01:58:00,1687917420,63.1,40.03,0.0,0.0,2008.56,9869.46,-4.710000000000036,-6.209999999999127
UNHCR_LAGOS_OFFICE_DG1_and_DG2_1687917480,2023-06-28T01:58:00,2023-06-28T01:59:00,1687917480,63.1,40.03,0.0,0.0,2008.56,9869.47,-4.710000000000036,-6.219999999999345
UNHCR_LAGOS_OFFICE_DG1_and_DG2_1687917540,2023-06-28T01:59:00,2023-06-28T02:00:00,1687917540,63.1,40.03,0.0,0.0,2008.56,9869.49,-4.710000000000036,-6.239999999999782
UNHCR_LAGOS_OFFICE_DG1_and_DG2_1687917600,2023-06-28T02:00:00,2023-06-28T02:01:00,1687917600,63.1,40.03,0.0,0.0,2008.56,9869.5,-4.710000000000036,-6.25
UNHCR_LAGOS_OFFICE_DG1_and_DG2_1687917660,2023-06-28T02:01:00,2023-06-28T02:02:00,1687917660,63.1,40.03,0.0,0.0,2008.56,9869.52,-4.710000000000036,-6.270000000000437
UNHCR_LAGOS_OFFICE_DG1_and_DG2_1687917720,2023-06-28T02:02:00,2023-06-28T02:03:00,1687917720,63.1,39.94,0.0,0.09000000000000341,2008.56,9869.54,-4.710000000000036,-6.290000000000873
UNHCR_LAGOS_OFFICE_DG1_and_DG2_1687917780,2023-06-28T02:03:00,2023-06-28T02:04:00,1687917780,63.1,39.86,0.0,0.0799999999999983,2008.56,9869.56,-4.710000000000036,-6.309999999999491
UNHCR_LAGOS_OFFICE_DG1_and_DG2_1687917840,2023-06-28T02:04:00,2023-06-28T02:05:00,1687917840,63.1,39.86,0.0,0.0,2008.56,9869.57,-4.710000000000036,-6.319999999999709
UNHCR_LAGOS_OFFICE_DG1_and_DG2_1687917900,2023-06-28T02:05:00,2023-06-28T02:06:00,1687917900,63.1,39.78,0.0,0.0799999999999983,2008.56,9869.59,-4.710000000000036,-6.3400000000001455
UNHCR_LAGOS_OFFICE_DG1_and_DG2_1687917960,2023-06-28T02:06:00,2023-06-28T02:07:00,1687917960,63.1,39.78,0.0,0.0,2008.56,9869.6,-4.710000000000036,-6.350000000000364
UNHCR_LAGOS_OFFICE_DG1_and_DG2_1687918020,2023-06-28T02:07:00,2023-06-28T02:08:00,1687918020,63.1,39.78,0.0,0.0,2008.56,9869.62,-4.710000000000036,-6.3700000000008
UNHCR_LAGOS_OFFICE_DG1_and_DG2_1687918080,2023-06-28T02:08:00,2023-06-28T02:09:00,1687918080,63.1,39.78,0.0,0.0,2008.56,9869.64,-4.710000000000036,-6.389999999999418
UNHCR_LAGOS_OFFICE_DG1_and_DG2_1687918140,2023-06-28T02:09:00,2023-06-28T02:10:00,1687918140,63.1,39.78,0.0,0.0,2008.56,9869.66,-4.710000000000036,-6.4099999999998545
UNHCR_LAGOS_OFFICE_DG1_and_DG2_1687918200,2023-06-28T02:10:00,2023-06-28T02:11:00,1687918200,63.1,39.78,0.0,0.0,2008.56,9869.67,-4.710000000000036,-6.420000000000073
UNHCR_LAGOS_OFFICE_DG1_and_DG2_1687918260,2023-06-28T02:11:00,2023-06-28T02:12:00,1687918260,63.1,39.78,0.0,0.0,2008.56,9869.69,-4.710000000000036,-6.440000000000509
UNHCR_LAGOS_OFFICE_DG1_and_DG2_1687918320,2023-06-28T02:12:00,2023-06-28T02:13:00,1687918320,63.1,39.78,0.0,0.0,2008.56,9869.7,-4.710000000000036,-6.450000000000728
UNHCR_LAGOS_OFFICE_DG1_and_DG2_1687918380,2023-06-28T02:13:00,2023-06-28T02:14:00,1687918380,63.1,39.78,0.0,0.0,2008.56,9869.72,-4.710000000000036,-6.469999999999345
UNHCR_LAGOS_OFFICE_DG1_and_DG2_1687918440,2023-06-28T02:14:00,2023-06-28T02:15:00,1687918440,63.1,39.69,0.0,0.09000000000000341,2008.56,9869.74,-4.710000000000036,-6.489999999999782
UNHCR_LAGOS_OFFICE_DG1_and_DG2_1687918500,2023-06-28T02:15:00,2023-06-28T02:16:00,1687918500,63.1,39.61,0.0,0.0799999999999983,2008.56,9869.75,-4.710000000000036,-6.5
UNHCR_LAGOS_OFFICE_DG1_and_DG2_1687918560,2023-06-28T02:16:00,2023-06-28T02:17:00,1687918560,63.1,39.53,0.0,0.0799999999999983,2008.56,9869.77,-4.710000000000036,-6.520000000000437
UNHCR_LAGOS_OFFICE_DG1_and_DG2_1687918620,2023-06-28T02:17:00,2023-06-28T02:18:00,1687918620,63.1,39.45,0.0,0.0799999999999983,2008.56,9869.79,-4.710000000000036,-6.540000000000873
UNHCR_LAGOS_OFFICE_DG1_and_DG2_1687918680,2023-06-28T02:18:00,2023-06-28T02:19:00,1687918680,63.1,39.45,0.0,0.0,2008.56,9869.8,-4.710000000000036,-6.549999999999272
UNHCR_LAGOS_OFFICE_DG1_and_DG2_1687918740,2023-06-28T02:19:00,2023-06-28T02:20:00,1687918740,63.1,39.45,0.0,0.0,2008.56,9869.82,-4.710000000000036,-6.569999999999709
UNHCR_LAGOS_OFFICE_DG1_and_DG2_1687918800,2023-06-28T02:20:00,2023-06-28T02:21:00,1687918800,63.1,39.45,0.0,0.0,2008.56,9869.84,-4.710000000000036,-6.5900000000001455
UNHCR_LAGOS_OFFICE_DG1_and_DG2_1687918860,2023-06-28T02:21:00,2023-06-28T02:22:00,1687918860,63.1,39.45,0.0,0.0,2008.56,9869.86,-4.710000000000036,-6.610000000000582
UNHCR_LAGOS_OFFICE_DG1_and_DG2_1687918920,2023-06-28T02:22:00,2023-06-28T02:23:00,1687918920,63.1,39.36,0.0,0.09000000000000341,2008.56,9869.87,-4.710000000000036,-6.6200000000008
UNHCR_LAGOS_OFFICE_DG1_and_DG2_1687918980,2023-06-28T02:23:00,2023-06-28T02:24:00,1687918980,63.1,39.28,0.0,0.0799999999999983,2008.56,9869.89,-4.710000000000036,-6.639999999999418
UNHCR_LAGOS_OFFICE_DG1_and_DG2_1687919040,2023-06-28T02:24:00,2023-06-28T02:25:00,1687919040,63.1,39.2,0.0,0.0799999999999983,2008.56,9869.91,-4.710000000000036,-6.6599999999998545
UNHCR_LAGOS_OFFICE_DG1_and_DG2_1687919100,2023-06-28T02:25:00,2023-06-28T02:26:00,1687919100,63.1,39.12,0.0,0.0800000000000054,2008.56,9869.92,-4.710000000000036,-6.670000000000073
UNHCR_LAGOS_OFFICE_DG1_and_DG2_1687919160,2023-06-28T02:26:00,2023-06-28T02:27:00,1687919160,63.1,39.12,0.0,0.0,2008.56,9869.94,-4.710000000000036,-6.690000000000509
UNHCR_LAGOS_OFFICE_DG1_and_DG2_1687919220,2023-06-28T02:27:00,2023-06-28T02:28:00,1687919220,63.1,39.12,0.0,0.0,2008.56,9869.96,-4.710000000000036,-6.709999999999127
UNHCR_LAGOS_OFFICE_DG1_and_DG2_1687919280,2023-06-28T02:28:00,2023-06-28T02:29:00,1687919280,63.1,39.12,0.0,0.0,2008.56,9869.97,-4.710000000000036,-6.719999999999345
UNHCR_LAGOS_OFFICE_DG1_and_DG2_1687919340,2023-06-28T02:29:00,2023-06-28T02:30:00,1687919340,63.1,39.12,0.0,0.0,2008.56,9869.99,-4.710000000000036,-6.739999999999782
UNHCR_LAGOS_OFFICE_DG1_and_DG2_1687919400,2023-06-28T02:30:00,2023-06-28T02:31:00,1687919400,63.1,39.12,0.0,0.0,2008.56,9870.0,-4.710000000000036,-6.75
UNHCR_LAGOS_OFFICE_DG1_and_DG2_1687919460,2023-06-28T02:31:00,2023-06-28T02:32:00,1687919460,63.1,39.12,0.0,0.0,2008.56,9870.02,-4.710000000000036,-6.770000000000437
UNHCR_LAGOS_OFFICE_DG1_and_DG2_1687919520,2023-06-28T02:32:00,2023-06-28T02:33:00,1687919520,63.1,39.12,0.0,0.0,2008.56,9870.04,-4.710000000000036,-6.790000000000873
UNHCR_LAGOS_OFFICE_DG1_and_DG2_1687919580,2023-06-28T02:33:00,2023-06-28T02:34:00,1687919580,63.1,39.12,0.0,0.0,2008.56,9870.06,-4.710000000000036,-6.809999999999491
UNHCR_LAGOS_OFFICE_DG1_and_DG2_1687919640,2023-06-28T02:34:00,2023-06-28T02:35:00,1687919640,63.1,39.12,0.0,0.0,2008.56,9870.07,-4.710000000000036,-6.819999999999709
UNHCR_LAGOS_OFFICE_DG1_and_DG2_1687919700,2023-06-28T02:35:00,2023-06-28T02:36:00,1687919700,63.1,39.12,0.0,0.0,2008.56,9870.09,-4.710000000000036,-6.8400000000001455
UNHCR_LAGOS_OFFICE_DG1_and_DG2_1687919760,2023-06-28T02:36:00,2023-06-28T02:37:00,1687919760,63.1,39.03,0.0,0.0899999999999963,2008.56,9870.1,-4.710000000000036,-6.850000000000364
UNHCR_LAGOS_OFFICE_DG1_and_DG2_1687919820,2023-06-28T02:37:00,2023-06-28T02:38:00,1687919820,63.1,38.95,0.0,0.0799999999999983,2008.56,9870.12,-4.710000000000036,-6.8700000000008
UNHCR_LAGOS_OFFICE_DG1_and_DG2_1687919880,2023-06-28T02:38:00,2023-06-28T02:39:00,1687919880,63.1,38.87,0.0,0.0800000000000054,2008.56,9870.14,-4.710000000000036,-6.889999999999418
UNHCR_LAGOS_OFFICE_DG1_and_DG2_1687919940,2023-06-28T02:39:00,2023-06-28T02:40:00,1687919940,63.1,38.78,0.0,0.0899999999999963,2008.56,9870.16,-4.710000000000036,-6.9099999999998545
UNHCR_LAGOS_OFFICE_DG1_and_DG2_1687920000,2023-06-28T02:40:00,2023-06-28T02:41:00,1687920000,63.1,38.78,0.0,0.0,2008.56,9870.17,-4.710000000000036,-6.920000000000073
UNHCR_LAGOS_OFFICE_DG1_and_DG2_1687920060,2023-06-28T02:41:00,2023-06-28T02:42:00,1687920060,63.1,38.78,0.0,0.0,2008.56,9870.19,-4.710000000000036,-6.940000000000509
UNHCR_LAGOS_OFFICE_DG1_and_DG2_1687920120,2023-06-28T02:42:00,2023-06-28T02:43:00,1687920120,63.1,38.78,0.0,0.0,2008.56,9870.2,-4.710000000000036,-6.950000000000728
UNHCR_LAGOS_OFFICE_DG1_and_DG2_1687920180,2023-06-28T02:43:00,2023-06-28T02:44:00,1687920180,63.1,38.78,0.0,0.0,2008.56,9870.22,-4.710000000000036,-6.969999999999345
UNHCR_LAGOS_OFFICE_DG1_and_DG2_1687920240,2023-06-28T02:44:00,2023-06-28T02:45:00,1687920240,63.1,38.78,0.0,0.0,2008.56,9870.24,-4.710000000000036,-6.989999999999782
UNHCR_LAGOS_OFFICE_DG1_and_DG2_1687920300,2023-06-28T02:45:00,2023-06-28T02:46:00,1687920300,63.1,38.78,0.0,0.0,2008.56,9870.25,-4.710000000000036,-7.0
UNHCR_LAGOS_OFFICE_DG1_and_DG2_1687920360,2023-06-28T02:46:00,2023-06-28T02:47:00,1687920360,63.1,38.7,0.0,0.0799999999999983,2008.56,9870.27,-4.710000000000036,-7.020000000000437
UNHCR_LAGOS_OFFICE_DG1_and_DG2_1687920420,2023-06-28T02:47:00,2023-06-28T02:48:00,1687920420,63.1,38.62,0.0,0.0800000000000054,2008.56,9870.29,-4.710000000000036,-7.040000000000873
UNHCR_LAGOS_OFFICE_DG1_and_DG2_1687920480,2023-06-28T02:48:00,2023-06-28T02:49:00,1687920480,63.1,38.54,0.0,0.0799999999999983,2008.56,9870.3,-4.710000000000036,-7.049999999999272
UNHCR_LAGOS_OFFICE_DG1_and_DG2_1687920540,2023-06-28T02:49:00,2023-06-28T02:50:00,1687920540,63.1,38.45,0.0,0.0899999999999963,2008.56,9870.32,-4.710000000000036,-7.069999999999709
UNHCR_LAGOS_OFFICE_DG1_and_DG2_1687920600,2023-06-28T02:50:00,2023-06-28T02:51:00,1687920600,63.1,38.45,0.0,0.0,2008.56,9870.34,-4.710000000000036,-7.0900000000001455
UNHCR_LAGOS_OFFICE_DG1_and_DG2_1687920660,2023-06-28T02:51:00,2023-06-28T02:52:00,1687920660,63.1,38.45,0.0,0.0,2008.56,9870.36,-4.710000000000036,-7.110000000000582
UNHCR_LAGOS_OFFICE_DG1_and_DG2_1687920720,2023-06-28T02:52:00,2023-06-28T02:53:00,1687920720,63.1,38.45,0.0,0.0,2008.56,9870.37,-4.710000000000036,-7.1200000000008
UNHCR_LAGOS_OFFICE_DG1_and_DG2_1687920780,2023-06-28T02:53:00,2023-06-28T02:54:00,1687920780,63.1,38.45,0.0,0.0,2008.56,9870.39,-4.710000000000036,-7.139999999999418
UNHCR_LAGOS_OFFICE_DG1_and_DG2_1687920840,2023-06-28T02:54:00,2023-06-28T02:55:00,1687920840,63.1,38.45,0.0,0.0,2008.56,9870.41,-4.710000000000036,-7.1599999999998545
UNHCR_LAGOS_OFFICE_DG1_and_DG2_1687920900,2023-06-28T02:55:00,2023-06-28T02:56:00,1687920900,63.1,38.45,0.0,0.0,2008.56,9870.42,-4.710000000000036,-7.170000000000073
UNHCR_LAGOS_OFFICE_DG1_and_DG2_1687920960,2023-06-28T02:56:00,2023-06-28T02:57:00,1687920960,63.1,38.45,0.0,0.0,2008.56,9870.44,-4.710000000000036,-7.190000000000509
UNHCR_LAGOS_OFFICE_DG1_and_DG2_1687921020,2023-06-28T02:57:00,2023-06-28T02:58:00,1687921020,63.1,38.45,0.0,0.0,2008.56,9870.46,-4.710000000000036,-7.209999999999127
UNHCR_LAGOS_OFFICE_DG1_and_DG2_1687921080,2023-06-28T02:58:00,2023-06-28T02:59:00,1687921080,63.1,38.45,0.0,0.0,2008.56,9870.47,-4.710000000000036,-7.219999999999345
UNHCR_LAGOS_OFFICE_DG1_and_DG2_1687921140,2023-06-28T02:59:00,2023-06-28T03:00:00,1687921140,63.1,38.37,0.0,0.0800000000000054,2008.56,9870.49,-4.710000000000036,-7.239999999999782
UNHCR_LAGOS_OFFICE_DG1_and_DG2_1687921200,2023-06-28T03:00:00,2023-06-28T03:01:00,1687921200,63.1,38.29,0.0,0.0799999999999983,2008.56,9870.5,-4.710000000000036,-7.25
UNHCR_LAGOS_OFFICE_DG1_and_DG2_1687921260,2023-06-28T03:01:00,2023-06-28T03:02:00,1687921260,63.1,38.21,0.0,0.0799999999999983,2008.56,9870.52,-4.710000000000036,-7.270000000000437
UNHCR_LAGOS_OFFICE_DG1_and_DG2_1687921320,2023-06-28T03:02:00,2023-06-28T03:03:00,1687921320,63.1,38.12,0.0,0.09000000000000341,2008.56,9870.54,-4.710000000000036,-7.290000000000873
UNHCR_LAGOS_OFFICE_DG1_and_DG2_1687921380,2023-06-28T03:03:00,2023-06-28T03:04:00,1687921380,63.1,38.12,0.0,0.0,2008.56,9870.56,-4.710000000000036,-7.309999999999491
UNHCR_LAGOS_OFFICE_DG1_and_DG2_1687921440,2023-06-28T03:04:00,2023-06-28T03:05:00,1687921440,63.1,38.12,0.0,0.0,2008.56,9870.57,-4.710000000000036,-7.319999999999709
UNHCR_LAGOS_OFFICE_DG1_and_DG2_1687921500,2023-06-28T03:05:00,2023-06-28T03:06:00,1687921500,63.1,38.12,0.0,0.0,2008.56,9870.59,-4.710000000000036,-7.3400000000001455
UNHCR_LAGOS_OFFICE_DG1_and_DG2_1687921560,2023-06-28T03:06:00,2023-06-28T03:07:00,1687921560,63.1,38.12,0.0,0.0,2008.56,9870.6,-4.710000000000036,-7.350000000000364
UNHCR_LAGOS_OFFICE_DG1_and_DG2_1687921620,2023-06-28T03:07:00,2023-06-28T03:08:00,1687921620,63.1,38.04,0.0,0.0799999999999983,2008.56,9870.62,-4.710000000000036,-7.3700000000008
UNHCR_LAGOS_OFFICE_DG1_and_DG2_1687921680,2023-06-28T03:08:00,2023-06-28T03:09:00,1687921680,63.1,38.04,0.0,0.0,2008.56,9870.64,-4.710000000000036,-7.389999999999418
UNHCR_LAGOS_OFFICE_DG1_and_DG2_1687921740,2023-06-28T03:09:00,2023-06-28T03:10:00,1687921740,63.1,37.96,0.0,0.0799999999999983,2008.56,9870.66,-4.710000000000036,-7.4099999999998545
UNHCR_LAGOS_OFFICE_DG1_and_DG2_1687921800,2023-06-28T03:10:00,2023-06-28T03:11:00,1687921800,63.1,37.87,0.0,0.09000000000000341,2008.56,9870.67,-4.710000000000036,-7.420000000000073
UNHCR_LAGOS_OFFICE_DG1_and_DG2_1687921860,2023-06-28T03:11:00,2023-06-28T03:12:00,1687921860,63.1,37.87,0.0,0.0,2008.56,9870.69,-4.710000000000036,-7.440000000000509
UNHCR_LAGOS_OFFICE_DG1_and_DG2_1687921920,2023-06-28T03:12:00,2023-06-28T03:13:00,1687921920,63.1,37.79,0.0,0.0799999999999983,2008.56,9870.71,-4.710000000000036,-7.459999999999127
UNHCR_LAGOS_OFFICE_DG1_and_DG2_1687921980,2023-06-28T03:13:00,2023-06-28T03:14:00,1687921980,63.1,37.79,0.0,0.0,2008.56,9870.72,-4.710000000000036,-7.469999999999345
UNHCR_LAGOS_OFFICE_DG1_and_DG2_1687922040,2023-06-28T03:14:00,2023-06-28T03:15:00,1687922040,63.1,37.79,0.0,0.0,2008.56,9870.74,-4.710000000000036,-7.489999999999782
UNHCR_LAGOS_OFFICE_DG1_and_DG2_1687922100,2023-06-28T03:15:00,2023-06-28T03:16:00,1687922100,63.1,37.79,0.0,0.0,2008.56,9870.76,-4.710000000000036,-7.510000000000218
UNHCR_LAGOS_OFFICE_DG1_and_DG2_1687922160,2023-06-28T03:16:00,2023-06-28T03:17:00,1687922160,63.1,37.79,0.0,0.0,2008.56,9870.77,-4.710000000000036,-7.520000000000437
UNHCR_LAGOS_OFFICE_DG1_and_DG2_1687922220,2023-06-28T03:17:00,2023-06-28T03:18:00,1687922220,63.1,37.79,0.0,0.0,2008.56,9870.79,-4.710000000000036,-7.540000000000873
UNHCR_LAGOS_OFFICE_DG1_and_DG2_1687922280,2023-06-28T03:18:00,2023-06-28T03:19:00,1687922280,63.1,37.79,0.0,0.0,2008.56,9870.81,-4.710000000000036,-7.559999999999491
UNHCR_LAGOS_OFFICE_DG1_and_DG2_1687922340,2023-06-28T03:19:00,2023-06-28T03:20:00,1687922340,63.1,37.79,0.0,0.0,2008.56,9870.82,-4.710000000000036,-7.569999999999709
UNHCR_LAGOS_OFFICE_DG1_and_DG2_1687922400,2023-06-28T03:20:00,2023-06-28T03:21:00,1687922400,63.1,37.79,0.0,0.0,2008.56,9870.84,-4.710000000000036,-7.5900000000001455
UNHCR_LAGOS_OFFICE_DG1_and_DG2_1687922460,2023-06-28T03:21:00,2023-06-28T03:22:00,1687922460,63.1,37.71,0.0,0.0799999999999983,2008.56,9870.86,-4.710000000000036,-7.610000000000582
UNHCR_LAGOS_OFFICE_DG1_and_DG2_1687922520,2023-06-28T03:22:00,2023-06-28T03:23:00,1687922520,63.1,37.71,0.0,0.0,2008.56,9870.87,-4.710000000000036,-7.6200000000008
UNHCR_LAGOS_OFFICE_DG1_and_DG2_1687922580,2023-06-28T03:23:00,2023-06-28T03:24:00,1687922580,63.1,37.63,0.0,0.0799999999999983,2008.56,9870.89,-4.710000000000036,-7.639999999999418
UNHCR_LAGOS_OFFICE_DG1_and_DG2_1687922640,2023-06-28T03:24:00,2023-06-28T03:25:00,1687922640,63.1,37.54,0.0,0.09000000000000341,2008.56,9870.91,-4.710000000000036,-7.6599999999998545
UNHCR_LAGOS_OFFICE_DG1_and_DG2_1687922700,2023-06-28T03:25:00,2023-06-28T03:26:00,1687922700,63.1,37.54,0.0,0.0,2008.56,9870.92,-4.710000000000036,-7.670000000000073
UNHCR_LAGOS_OFFICE_DG1_and_DG2_1687922760,2023-06-28T03:26:00,2023-06-28T03:27:00,1687922760,63.1,37.46,0.0,0.0799999999999983,2008.56,9870.94,-4.710000000000036,-7.690000000000509
UNHCR_LAGOS_OFFICE_DG1_and_DG2_1687922820,2023-06-28T03:27:00,2023-06-28T03:28:00,1687922820,63.1,37.46,0.0,0.0,2008.56,9870.96,-4.710000000000036,-7.709999999999127
UNHCR_LAGOS_OFFICE_DG1_and_DG2_1687922880,2023-06-28T03:28:00,2023-06-28T03:29:00,1687922880,63.1,37.46,0.0,0.0,2008.56,9870.97,-4.710000000000036,-7.719999999999345
UNHCR_LAGOS_OFFICE_DG1_and_DG2_1687922940,2023-06-28T03:29:00,2023-06-28T03:30:00,1687922940,63.1,37.46,0.0,0.0,2008.56,9870.99,-4.710000000000036,-7.739999999999782
UNHCR_LAGOS_OFFICE_DG1_and_DG2_1687923000,2023-06-28T03:30:00,2023-06-28T03:31:00,1687923000,63.1,37.46,0.0,0.0,2008.56,9871.01,-4.710000000000036,-7.760000000000218
UNHCR_LAGOS_OFFICE_DG1_and_DG2_1687923060,2023-06-28T03:31:00,2023-06-28T03:32:00,1687923060,63.1,37.46,0.0,0.0,2008.56,9871.02,-4.710000000000036,-7.770000000000437
UNHCR_LAGOS_OFFICE_DG1_and_DG2_1687923120,2023-06-28T03:32:00,2023-06-28T03:33:00,1687923120,63.1,37.38,0.0,0.0799999999999983,2008.56,9871.04,-4.710000000000036,-7.790000000000873
UNHCR_LAGOS_OFFICE_DG1_and_DG2_1687923180,2023-06-28T03:33:00,2023-06-28T03:34:00,1687923180,63.1,37.29,0.0,0.09000000000000341,2008.56,9871.06,-4.710000000000036,-7.809999999999491
UNHCR_LAGOS_OFFICE_DG1_and_DG2_1687923240,2023-06-28T03:34:00,2023-06-28T03:35:00,1687923240,63.1,37.21,0.0,0.0799999999999983,2008.56,9871.07,-4.710000000000036,-7.819999999999709
UNHCR_LAGOS_OFFICE_DG1_and_DG2_1687923300,2023-06-28T03:35:00,2023-06-28T03:36:00,1687923300,63.1,37.13,0.0,0.0799999999999983,2008.56,9871.09,-4.710000000000036,-7.8400000000001455
UNHCR_LAGOS_OFFICE_DG1_and_DG2_1687923360,2023-06-28T03:36:00,2023-06-28T03:37:00,1687923360,63.1,37.13,0.0,0.0,2008.56,9871.11,-4.710000000000036,-7.860000000000582
UNHCR_LAGOS_OFFICE_DG1_and_DG2_1687923420,2023-06-28T03:37:00,2023-06-28T03:38:00,1687923420,63.1,37.13,0.0,0.0,2008.56,9871.12,-4.710000000000036,-7.8700000000008
UNHCR_LAGOS_OFFICE_DG1_and_DG2_1687923480,2023-06-28T03:38:00,2023-06-28T03:39:00,1687923480,63.1,37.13,0.0,0.0,2008.56,9871.14,-4.710000000000036,-7.889999999999418
UNHCR_LAGOS_OFFICE_DG1_and_DG2_1687923540,2023-06-28T03:39:00,2023-06-28T03:40:00,1687923540,63.1,37.13,0.0,0.0,2008.56,9871.16,-4.710000000000036,-7.9099999999998545
UNHCR_LAGOS_OFFICE_DG1_and_DG2_1687923600,2023-06-28T03:40:00,2023-06-28T03:41:00,1687923600,63.1,37.13,0.0,0.0,2008.56,9871.17,-4.710000000000036,-7.920000000000073
UNHCR_LAGOS_OFFICE_DG1_and_DG2_1687923660,2023-06-28T03:41:00,2023-06-28T03:42:00,1687923660,63.1,37.13,0.0,0.0,2008.56,9871.19,-4.710000000000036,-7.940000000000509
UNHCR_LAGOS_OFFICE_DG1_and_DG2_1687923720,2023-06-28T03:42:00,2023-06-28T03:43:00,1687923720,63.1,37.13,0.0,0.0,2008.56,9871.21,-4.710000000000036,-7.959999999999127
UNHCR_LAGOS_OFFICE_DG1_and_DG2_1687923780,2023-06-28T03:43:00,2023-06-28T03:44:00,1687923780,63.1,37.05,0.0,0.0800000000000054,2008.56,9871.22,-4.710000000000036,-7.969999999999345
UNHCR_LAGOS_OFFICE_DG1_and_DG2_1687923840,2023-06-28T03:44:00,2023-06-28T03:45:00,1687923840,63.1,37.05,0.0,0.0,2008.56,9871.24,-4.710000000000036,-7.989999999999782
UNHCR_LAGOS_OFFICE_DG1_and_DG2_1687923900,2023-06-28T03:45:00,2023-06-28T03:46:00,1687923900,63.1,36.96,0.0,0.0899999999999963,2008.56,9871.26,-4.710000000000036,-8.010000000000218
UNHCR_LAGOS_OFFICE_DG1_and_DG2_1687923960,2023-06-28T03:46:00,2023-06-28T03:47:00,1687923960,63.1,36.88,0.0,0.0799999999999983,2008.56,9871.27,-4.710000000000036,-8.020000000000437
UNHCR_LAGOS_OFFICE_DG1_and_DG2_1687924020,2023-06-28T03:47:00,2023-06-28T03:48:00,1687924020,63.1,36.88,0.0,0.0,2008.56,9871.29,-4.710000000000036,-8.040000000000873
UNHCR_LAGOS_OFFICE_DG1_and_DG2_1687924080,2023-06-28T03:48:00,2023-06-28T03:49:00,1687924080,63.1,36.8,0.0,0.0800000000000054,2008.56,9871.31,-4.710000000000036,-8.05999999999949
UNHCR_LAGOS_OFFICE_DG1_and_DG2_1687924140,2023-06-28T03:49:00,2023-06-28T03:50:00,1687924140,63.1,36.8,0.0,0.0,2008.56,9871.32,-4.710000000000036,-8.069999999999709
UNHCR_LAGOS_OFFICE_DG1_and_DG2_1687924200,2023-06-28T03:50:00,2023-06-28T03:51:00,1687924200,63.1,36.8,0.0,0.0,2008.56,9871.34,-4.710000000000036,-8.090000000000146
UNHCR_LAGOS_OFFICE_DG1_and_DG2_1687924260,2023-06-28T03:51:00,2023-06-28T03:52:00,1687924260,63.1,36.8,0.0,0.0,2008.56,9871.36,-4.710000000000036,-8.110000000000582
UNHCR_LAGOS_OFFICE_DG1_and_DG2_1687924320,2023-06-28T03:52:00,2023-06-28T03:53:00,1687924320,63.1,36.72,0.0,0.0799999999999983,2008.56,9871.37,-4.710000000000036,-8.1200000000008
UNHCR_LAGOS_OFFICE_DG1_and_DG2_1687924380,2023-06-28T03:53:00,2023-06-28T03:54:00,1687924380,63.1,36.63,0.0,0.0899999999999963,2008.56,9871.39,-4.710000000000036,-8.139999999999418
UNHCR_LAGOS_OFFICE_DG1_and_DG2_1687924440,2023-06-28T03:54:00,2023-06-28T03:55:00,1687924440,63.1,36.55,0.0,0.0800000000000054,2008.56,9871.41,-4.710000000000036,-8.159999999999854
UNHCR_LAGOS_OFFICE_DG1_and_DG2_1687924500,2023-06-28T03:55:00,2023-06-28T03:56:00,1687924500,63.1,36.47,0.0,0.0799999999999983,2008.56,9871.42,-4.710000000000036,-8.170000000000073
UNHCR_LAGOS_OFFICE_DG1_and_DG2_1687924560,2023-06-28T03:56:00,2023-06-28T03:57:00,1687924560,63.1,36.47,0.0,0.0,2008.56,9871.44,-4.710000000000036,-8.19000000000051
UNHCR_LAGOS_OFFICE_DG1_and_DG2_1687924620,2023-06-28T03:57:00,2023-06-28T03:58:00,1687924620,63.1,36.47,0.0,0.0,2008.56,9871.46,-4.710000000000036,-8.209999999999127
UNHCR_LAGOS_OFFICE_DG1_and_DG2_1687924680,2023-06-28T03:58:00,2023-06-28T03:59:00,1687924680,63.1,36.47,0.0,0.0,2008.56,9871.47,-4.710000000000036,-8.219999999999345
UNHCR_LAGOS_OFFICE_DG1_and_DG2_1687924740,2023-06-28T03:59:00,2023-06-28T04:00:00,1687924740,63.1,36.47,0.0,0.0,2008.56,9871.49,-4.710000000000036,-8.239999999999782
UNHCR_LAGOS_OFFICE_DG1_and_DG2_1687924800,2023-06-28T04:00:00,2023-06-28T04:01:00,1687924800,63.1,36.47,0.0,0.0,2008.56,9871.51,-4.710000000000036,-8.260000000000218
UNHCR_LAGOS_OFFICE_DG1_and_DG2_1687924860,2023-06-28T04:01:00,2023-06-28T04:02:00,1687924860,63.1,36.47,0.0,0.0,2008.56,9871.52,-4.710000000000036,-8.270000000000437
UNHCR_LAGOS_OFFICE_DG1_and_DG2_1687924920,2023-06-28T04:02:00,2023-06-28T04:03:00,1687924920,63.1,36.47,0.0,0.0,2008.56,9871.54,-4.710000000000036,-8.290000000000873
UNHCR_LAGOS_OFFICE_DG1_and_DG2_1687924980,2023-06-28T04:03:00,2023-06-28T04:04:00,1687924980,63.1,36.47,0.0,0.0,2008.56,9871.56,-4.710000000000036,-8.30999999999949
UNHCR_LAGOS_OFFICE_DG1_and_DG2_1687925040,2023-06-28T04:04:00,2023-06-28T04:05:00,1687925040,63.1,36.47,0.0,0.0,2008.56,9871.57,-4.710000000000036,-8.319999999999709
UNHCR_LAGOS_OFFICE_DG1_and_DG2_1687925100,2023-06-28T04:05:00,2023-06-28T04:06:00,1687925100,63.1,36.38,0.0,0.0899999999999963,2008.56,9871.59,-4.710000000000036,-8.340000000000146
UNHCR_LAGOS_OFFICE_DG1_and_DG2_1687925160,2023-06-28T04:06:00,2023-06-28T04:07:00,1687925160,63.1,36.3,0.0,0.0800000000000054,2008.56,9871.61,-4.710000000000036,-8.360000000000582
UNHCR_LAGOS_OFFICE_DG1_and_DG2_1687925220,2023-06-28T04:07:00,2023-06-28T04:08:00,1687925220,63.1,36.22,0.0,0.0799999999999983,2008.56,9871.62,-4.710000000000036,-8.3700000000008
UNHCR_LAGOS_OFFICE_DG1_and_DG2_1687925280,2023-06-28T04:08:00,2023-06-28T04:09:00,1687925280,63.1,36.14,0.0,0.0799999999999983,2008.56,9871.64,-4.710000000000036,-8.389999999999418
UNHCR_LAGOS_OFFICE_DG1_and_DG2_1687925340,2023-06-28T04:09:00,2023-06-28T04:10:00,1687925340,63.1,36.14,0.0,0.0,2008.56,9871.66,-4.710000000000036,-8.409999999999854
UNHCR_LAGOS_OFFICE_DG1_and_DG2_1687925400,2023-06-28T04:10:00,2023-06-28T04:11:00,1687925400,63.1,36.14,0.0,0.0,2008.56,9871.67,-4.710000000000036,-8.420000000000073
UNHCR_LAGOS_OFFICE_DG1_and_DG2_1687925460,2023-06-28T04:11:00,2023-06-28T04:12:00,1687925460,63.1,36.14,0.0,0.0,2008.56,9871.69,-4.710000000000036,-8.44000000000051
UNHCR_LAGOS_OFFICE_DG1_and_DG2_1687925520,2023-06-28T04:12:00,2023-06-28T04:13:00,1687925520,63.1,36.14,0.0,0.0,2008.56,9871.71,-4.710000000000036,-8.459999999999127
UNHCR_LAGOS_OFFICE_DG1_and_DG2_1687925580,2023-06-28T04:13:00,2023-06-28T04:14:00,1687925580,63.1,36.14,0.0,0.0,2008.56,9871.72,-4.710000000000036,-8.469999999999345
UNHCR_LAGOS_OFFICE_DG1_and_DG2_1687925640,2023-06-28T04:14:00,2023-06-28T04:15:00,1687925640,63.1,36.14,0.0,0.0,2008.56,9871.73,-4.710000000000036,-8.479999999999563
UNHCR_LAGOS_OFFICE_DG1_and_DG2_1687925700,2023-06-28T04:15:00,2023-06-28T04:16:00,1687925700,63.1,36.14,0.0,0.0,2008.56,9871.75,-4.710000000000036,-8.5
UNHCR_LAGOS_OFFICE_DG1_and_DG2_1687925760,2023-06-28T04:16:00,2023-06-28T04:17:00,1687925760,63.1,36.14,0.0,0.0,2008.56,9871.77,-4.710000000000036,-8.520000000000437
UNHCR_LAGOS_OFFICE_DG1_and_DG2_1687925820,2023-06-28T04:17:00,2023-06-28T04:18:00,1687925820,63.1,36.05,0.0,0.09000000000000341,2008.56,9871.78,-4.710000000000036,-8.530000000000655
UNHCR_LAGOS_OFFICE_DG1_and_DG2_1687925880,2023-06-28T04:18:00,2023-06-28T04:19:00,1687925880,63.1,36.05,0.0,0.0,2008.56,9871.8,-4.710000000000036,-8.549999999999272
UNHCR_LAGOS_OFFICE_DG1_and_DG2_1687925940,2023-06-28T04:19:00,2023-06-28T04:20:00,1687925940,63.1,35.97,0.0,0.0799999999999983,2008.56,9871.82,-4.710000000000036,-8.569999999999709
UNHCR_LAGOS_OFFICE_DG1_and_DG2_1687926000,2023-06-28T04:20:00,2023-06-28T04:21:00,1687926000,63.1,35.89,0.0,0.0799999999999983,2008.56,9871.83,-4.710000000000036,-8.579999999999927
UNHCR_LAGOS_OFFICE_DG1_and_DG2_1687926060,2023-06-28T04:21:00,2023-06-28T04:22:00,1687926060,63.1,35.89,0.0,0.0,2008.56,9871.85,-4.710000000000036,-8.600000000000364
UNHCR_LAGOS_OFFICE_DG1_and_DG2_1687926120,2023-06-28T04:22:00,2023-06-28T04:23:00,1687926120,63.1,35.81,0.0,0.0799999999999983,2008.56,9871.87,-4.710000000000036,-8.6200000000008
UNHCR_LAGOS_OFFICE_DG1_and_DG2_1687926180,2023-06-28T04:23:00,2023-06-28T04:24:00,1687926180,63.1,35.81,0.0,0.0,2008.56,9871.88,-4.710000000000036,-8.6299999999992
UNHCR_LAGOS_OFFICE_DG1_and_DG2_1687926240,2023-06-28T04:24:00,2023-06-28T04:25:00,1687926240,63.1,35.81,0.0,0.0,2008.56,9871.9,-4.710000000000036,-8.649999999999636
UNHCR_LAGOS_OFFICE_DG1_and_DG2_1687926300,2023-06-28T04:25:00,2023-06-28T04:26:00,1687926300,63.1,35.81,0.0,0.0,2008.56,9871.92,-4.710000000000036,-8.670000000000073
UNHCR_LAGOS_OFFICE_DG1_and_DG2_1687926360,2023-06-28T04:26:00,2023-06-28T04:27:00,1687926360,63.1,35.72,0.0,0.09000000000000341,2008.56,9871.93,-4.710000000000036,-8.680000000000291
UNHCR_LAGOS_OFFICE_DG1_and_DG2_1687926420,2023-06-28T04:27:00,2023-06-28T04:28:00,1687926420,63.1,35.64,0.0,0.0799999999999983,2008.56,9871.95,-4.710000000000036,-8.700000000000728
UNHCR_LAGOS_OFFICE_DG1_and_DG2_1687926480,2023-06-28T04:28:00,2023-06-28T04:29:00,1687926480,63.1,35.56,0.0,0.0799999999999983,2008.56,9871.97,-4.710000000000036,-8.719999999999345
UNHCR_LAGOS_OFFICE_DG1_and_DG2_1687926540,2023-06-28T04:29:00,2023-06-28T04:30:00,1687926540,63.1,35.47,0.0,0.09000000000000341,2008.56,9871.98,-4.710000000000036,-8.729999999999563
UNHCR_LAGOS_OFFICE_DG1_and_DG2_1687926600,2023-06-28T04:30:00,2023-06-28T04:31:00,1687926600,63.1,35.47,0.0,0.0,2008.56,9872.0,-4.710000000000036,-8.75
UNHCR_LAGOS_OFFICE_DG1_and_DG2_1687926660,2023-06-28T04:31:00,2023-06-28T04:32:00,1687926660,63.1,35.47,0.0,0.0,2008.56,9872.02,-4.710000000000036,-8.770000000000437
UNHCR_LAGOS_OFFICE_DG1_and_DG2_1687926720,2023-06-28T04:32:00,2023-06-28T04:33:00,1687926720,63.1,35.47,0.0,0.0,2008.56,9872.03,-4.710000000000036,-8.780000000000655
UNHCR_LAGOS_OFFICE_DG1_and_DG2_1687926780,2023-06-28T04:33:00,2023-06-28T04:34:00,1687926780,63.1,35.47,0.0,0.0,2008.56,9872.05,-4.710000000000036,-8.799999999999272
UNHCR_LAGOS_OFFICE_DG1_and_DG2_1687926840,2023-06-28T04:34:00,2023-06-28T04:35:00,1687926840,63.1,35.47,0.0,0.0,2008.56,9872.07,-4.710000000000036,-8.819999999999709
UNHCR_LAGOS_OFFICE_DG1_and_DG2_1687926900,2023-06-28T04:35:00,2023-06-28T04:36:00,1687926900,63.1,35.47,0.0,0.0,2008.56,9872.08,-4.710000000000036,-8.829999999999927
UNHCR_LAGOS_OFFICE_DG1_and_DG2_1687926960,2023-06-28T04:36:00,2023-06-28T04:37:00,1687926960,63.1,35.47,0.0,0.0,2008.56,9872.1,-4.710000000000036,-8.850000000000364
UNHCR_LAGOS_OFFICE_DG1_and_DG2_1687927020,2023-06-28T04:37:00,2023-06-28T04:38:00,1687927020,63.1,35.47,0.0,0.0,2008.56,9872.12,-4.710000000000036,-8.8700000000008
UNHCR_LAGOS_OFFICE_DG1_and_DG2_1687927080,2023-06-28T04:38:00,2023-06-28T04:39:00,1687927080,63.1,35.47,0.0,0.0,2008.56,9872.14,-4.710000000000036,-8.889999999999418
UNHCR_LAGOS_OFFICE_DG1_and_DG2_1687927140,2023-06-28T04:39:00,2023-06-28T04:40:00,1687927140,63.1,35.39,0.0,0.0799999999999983,2008.56,9872.15,-4.710000000000036,-8.899999999999636
UNHCR_LAGOS_OFFICE_DG1_and_DG2_1687927200,2023-06-28T04:40:00,2023-06-28T04:41:00,1687927200,63.1,35.39,0.0,0.0,2008.56,9872.17,-4.710000000000036,-8.920000000000073
UNHCR_LAGOS_OFFICE_DG1_and_DG2_1687927260,2023-06-28T04:41:00,2023-06-28T04:42:00,1687927260,63.1,35.31,0.0,0.0799999999999983,2008.56,9872.18,-4.710000000000036,-8.930000000000291
UNHCR_LAGOS_OFFICE_DG1_and_DG2_1687927320,2023-06-28T04:42:00,2023-06-28T04:43:00,1687927320,63.1,35.23,0.0,0.0800000000000054,2008.56,9872.2,-4.710000000000036,-8.950000000000728
UNHCR_LAGOS_OFFICE_DG1_and_DG2_1687927380,2023-06-28T04:43:00,2023-06-28T04:44:00,1687927380,63.1,35.23,0.0,0.0,2008.56,9872.22,-4.710000000000036,-8.969999999999345
UNHCR_LAGOS_OFFICE_DG1_and_DG2_1687927440,2023-06-28T04:44:00,2023-06-28T04:45:00,1687927440,63.1,35.14,0.0,0.0899999999999963,2008.56,9872.24,-4.710000000000036,-8.989999999999782
UNHCR_LAGOS_OFFICE_DG1_and_DG2_1687927500,2023-06-28T04:45:00,2023-06-28T04:46:00,1687927500,63.1,35.14,0.0,0.0,2008.56,9872.25,-4.710000000000036,-9.0
UNHCR_LAGOS_OFFICE_DG1_and_DG2_1687927560,2023-06-28T04:46:00,2023-06-28T04:47:00,1687927560,63.1,35.14,0.0,0.0,2008.56,9872.27,-4.710000000000036,-9.020000000000437
UNHCR_LAGOS_OFFICE_DG1_and_DG2_1687927620,2023-06-28T04:47:00,2023-06-28T04:48:00,1687927620,63.1,35.14,0.0,0.0,2008.56,9872.28,-4.710000000000036,-9.030000000000655
UNHCR_LAGOS_OFFICE_DG1_and_DG2_1687927680,2023-06-28T04:48:00,2023-06-28T04:49:00,1687927680,63.1,35.06,0.0,0.0799999999999983,2008.56,9872.3,-4.710000000000036,-9.049999999999272
UNHCR_LAGOS_OFFICE_DG1_and_DG2_1687927740,2023-06-28T04:49:00,2023-06-28T04:50:00,1687927740,63.1,34.98,0.0,0.0800000000000054,2008.56,9872.32,-4.710000000000036,-9.069999999999709
UNHCR_LAGOS_OFFICE_DG1_and_DG2_1687927800,2023-06-28T04:50:00,2023-06-28T04:51:00,1687927800,63.1,34.9,0.0,0.0799999999999983,2008.56,9872.33,-4.710000000000036,-9.079999999999927
UNHCR_LAGOS_OFFICE_DG1_and_DG2_1687927860,2023-06-28T04:51:00,2023-06-28T04:52:00,1687927860,63.1,34.81,0.0,0.0899999999999963,2008.56,9872.35,-4.710000000000036,-9.100000000000364
UNHCR_LAGOS_OFFICE_DG1_and_DG2_1687927920,2023-06-28T04:52:00,2023-06-28T04:53:00,1687927920,63.1,34.81,0.0,0.0,2008.56,9872.37,-4.710000000000036,-9.1200000000008
UNHCR_LAGOS_OFFICE_DG1_and_DG2_1687927980,2023-06-28T04:53:00,2023-06-28T04:54:00,1687927980,63.1,34.81,0.0,0.0,2008.56,9872.38,-4.710000000000036,-9.1299999999992
UNHCR_LAGOS_OFFICE_DG1_and_DG2_1687928040,2023-06-28T04:54:00,2023-06-28T04:55:00,1687928040,63.1,34.81,0.0,0.0,2008.56,9872.4,-4.710000000000036,-9.149999999999636
UNHCR_LAGOS_OFFICE_DG1_and_DG2_1687928100,2023-06-28T04:55:00,2023-06-28T04:56:00,1687928100,63.1,34.81,0.0,0.0,2008.56,9872.42,-4.710000000000036,-9.170000000000073
UNHCR_LAGOS_OFFICE_DG1_and_DG2_1687928160,2023-06-28T04:56:00,2023-06-28T04:57:00,1687928160,63.1,34.81,0.0,0.0,2008.56,9872.44,-4.710000000000036,-9.19000000000051
UNHCR_LAGOS_OFFICE_DG1_and_DG2_1687928220,2023-06-28T04:57:00,2023-06-28T04:58:00,1687928220,63.1,34.81,0.0,0.0,2008.56,9872.45,-4.710000000000036,-9.200000000000728
UNHCR_LAGOS_OFFICE_DG1_and_DG2_1687928280,2023-06-28T04:58:00,2023-06-28T04:59:00,1687928280,63.1,34.81,0.0,0.0,2008.56,9872.47,-4.710000000000036,-9.219999999999345
UNHCR_LAGOS_OFFICE_DG1_and_DG2_1687928340,2023-06-28T04:59:00,2023-06-28T05:00:00,1687928340,63.1,34.81,0.0,0.0,2008.56,9872.48,-4.710000000000036,-9.229999999999563
UNHCR_LAGOS_OFFICE_DG1_and_DG2_1687928400,2023-06-28T05:00:00,2023-06-28T05:01:00,1687928400,63.1,34.81,0.0,0.0,2008.56,9872.5,-4.710000000000036,-9.25
UNHCR_LAGOS_OFFICE_DG1_and_DG2_1687928460,2023-06-28T05:01:00,2023-06-28T05:02:00,1687928460,63.1,34.81,0.0,0.0,2008.56,9872.52,-4.710000000000036,-9.270000000000437
UNHCR_LAGOS_OFFICE_DG1_and_DG2_1687928520,2023-06-28T05:02:00,2023-06-28T05:03:00,1687928520,63.1,34.81,0.0,0.0,2008.56,9872.54,-4.710000000000036,-9.290000000000873
UNHCR_LAGOS_OFFICE_DG1_and_DG2_1687928580,2023-06-28T05:03:00,2023-06-28T05:04:00,1687928580,63.1,34.73,0.0,0.0800000000000054,2008.56,9872.55,-4.710000000000036,-9.299999999999272
UNHCR_LAGOS_OFFICE_DG1_and_DG2_1687928640,2023-06-28T05:04:00,2023-06-28T05:05:00,1687928640,63.1,34.65,0.0,0.0799999999999983,2008.56,9872.57,-4.710000000000036,-9.319999999999709
UNHCR_LAGOS_OFFICE_DG1_and_DG2_1687928700,2023-06-28T05:05:00,2023-06-28T05:06:00,1687928700,63.1,34.56,0.0,0.0899999999999963,2008.56,9872.58,-4.710000000000036,-9.329999999999927
UNHCR_LAGOS_OFFICE_DG1_and_DG2_1687928760,2023-06-28T05:06:00,2023-06-28T05:07:00,1687928760,63.1,34.48,0.0,0.0800000000000054,2008.56,9872.6,-4.710000000000036,-9.350000000000364
UNHCR_LAGOS_OFFICE_DG1_and_DG2_1687928820,2023-06-28T05:07:00,2023-06-28T05:08:00,1687928820,63.1,34.48,0.0,0.0,2008.56,9872.62,-4.710000000000036,-9.3700000000008
UNHCR_LAGOS_OFFICE_DG1_and_DG2_1687928880,2023-06-28T05:08:00,2023-06-28T05:09:00,1687928880,63.1,34.48,0.0,0.0,2008.56,9872.64,-4.710000000000036,-9.389999999999418
UNHCR_LAGOS_OFFICE_DG1_and_DG2_1687928940,2023-06-28T05:09:00,2023-06-28T05:10:00,1687928940,63.1,34.48,0.0,0.0,2008.56,9872.65,-4.710000000000036,-9.399999999999636
UNHCR_LAGOS_OFFICE_DG1_and_DG2_1687929000,2023-06-28T05:10:00,2023-06-28T05:11:00,1687929000,63.1,34.48,0.0,0.0,2008.56,9872.67,-4.710000000000036,-9.420000000000073
UNHCR_LAGOS_OFFICE_DG1_and_DG2_1687929060,2023-06-28T05:11:00,2023-06-28T05:12:00,1687929060,63.1,34.48,0.0,0.0,2008.56,9872.68,-4.710000000000036,-9.430000000000291
UNHCR_LAGOS_OFFICE_DG1_and_DG2_1687929120,2023-06-28T05:12:00,2023-06-28T05:13:00,1687929120,63.1,34.48,0.0,0.0,2008.56,9872.7,-4.710000000000036,-9.450000000000728
UNHCR_LAGOS_OFFICE_DG1_and_DG2_1687929180,2023-06-28T05:13:00,2023-06-28T05:14:00,1687929180,63.1,34.4,0.0,0.0799999999999983,2008.56,9872.72,-4.710000000000036,-9.469999999999345
UNHCR_LAGOS_OFFICE_DG1_and_DG2_1687929240,2023-06-28T05:14:00,2023-06-28T05:15:00,1687929240,63.1,34.32,0.0,0.0799999999999983,2008.56,9872.74,-4.710000000000036,-9.489999999999782
UNHCR_LAGOS_OFFICE_DG1_and_DG2_1687929300,2023-06-28T05:15:00,2023-06-28T05:16:00,1687929300,63.1,34.23,0.0,0.09000000000000341,2008.56,9872.75,-4.710000000000036,-9.5
UNHCR_LAGOS_OFFICE_DG1_and_DG2_1687929360,2023-06-28T05:16:00,2023-06-28T05:17:00,1687929360,63.1,34.15,0.0,0.0799999999999983,2008.56,9872.77,-4.710000000000036,-9.520000000000437
UNHCR_LAGOS_OFFICE_DG1_and_DG2_1687929420,2023-06-28T05:17:00,2023-06-28T05:18:00,1687929420,63.1,34.15,0.0,0.0,2008.56,9872.78,-4.710000000000036,-9.530000000000655
UNHCR_LAGOS_OFFICE_DG1_and_DG2_1687929480,2023-06-28T05:18:00,2023-06-28T05:19:00,1687929480,63.1,34.15,0.0,0.0,2008.56,9872.8,-4.710000000000036,-9.549999999999272
UNHCR_LAGOS_OFFICE_DG1_and_DG2_1687929540,2023-06-28T05:19:00,2023-06-28T05:20:00,1687929540,63.1,34.15,0.0,0.0,2008.56,9872.82,-4.710000000000036,-9.569999999999709
UNHCR_LAGOS_OFFICE_DG1_and_DG2_1687929600,2023-06-28T05:20:00,2023-06-28T05:21:00,1687929600,63.1,34.15,0.0,0.0,2008.56,9872.83,-4.710000000000036,-9.579999999999927
UNHCR_LAGOS_OFFICE_DG1_and_DG2_1687929660,2023-06-28T05:21:00,2023-06-28T05:22:00,1687929660,63.1,34.15,0.0,0.0,2008.56,9872.85,-4.710000000000036,-9.600000000000364
UNHCR_LAGOS_OFFICE_DG1_and_DG2_1687929720,2023-06-28T05:22:00,2023-06-28T05:23:00,1687929720,63.1,34.15,0.0,0.0,2008.56,9872.87,-4.710000000000036,-9.6200000000008
UNHCR_LAGOS_OFFICE_DG1_and_DG2_1687929780,2023-06-28T05:23:00,2023-06-28T05:24:00,1687929780,63.1,34.15,0.0,0.0,2008.56,9872.88,-4.710000000000036,-9.6299999999992
UNHCR_LAGOS_OFFICE_DG1_and_DG2_1687929840,2023-06-28T05:24:00,2023-06-28T05:25:00,1687929840,63.1,34.15,0.0,0.0,2008.56,9872.9,-4.710000000000036,-9.649999999999636
UNHCR_LAGOS_OFFICE_DG1_and_DG2_1687929900,2023-06-28T05:25:00,2023-06-28T05:26:00,1687929900,63.1,34.15,0.0,0.0,2008.56,9872.92,-4.710000000000036,-9.670000000000073
UNHCR_LAGOS_OFFICE_DG1_and_DG2_1687929960,2023-06-28T05:26:00,2023-06-28T05:27:00,1687929960,63.1,34.15,0.0,0.0,2008.56,9872.94,-4.710000000000036,-9.69000000000051
UNHCR_LAGOS_OFFICE_DG1_and_DG2_1687930020,2023-06-28T05:27:00,2023-06-28T05:28:00,1687930020,63.1,34.15,0.0,0.0,2008.56,9872.95,-4.710000000000036,-9.700000000000728
UNHCR_LAGOS_OFFICE_DG1_and_DG2_1687930080,2023-06-28T05:28:00,2023-06-28T05:29:00,1687930080,63.1,34.07,0.0,0.0799999999999983,2008.56,9872.97,-4.710000000000036,-9.719999999999345
UNHCR_LAGOS_OFFICE_DG1_and_DG2_1687930140,2023-06-28T05:29:00,2023-06-28T05:30:00,1687930140,63.1,34.07,0.0,0.0,2008.56,9872.98,-4.710000000000036,-9.729999999999563
UNHCR_LAGOS_OFFICE_DG1_and_DG2_1687930200,2023-06-28T05:30:00,2023-06-28T05:31:00,1687930200,63.1,34.07,0.0,0.0,2008.56,9873.0,-4.710000000000036,-9.75
UNHCR_LAGOS_OFFICE_DG1_and_DG2_1687930260,2023-06-28T05:31:00,2023-06-28T05:32:00,1687930260,63.1,33.99,0.0,0.0799999999999983,2008.56,9873.02,-4.710000000000036,-9.770000000000437
UNHCR_LAGOS_OFFICE_DG1_and_DG2_1687930320,2023-06-28T05:32:00,2023-06-28T05:33:00,1687930320,63.1,33.99,0.0,0.0,2008.56,9873.03,-4.710000000000036,-9.780000000000655
UNHCR_LAGOS_OFFICE_DG1_and_DG2_1687930380,2023-06-28T05:33:00,2023-06-28T05:34:00,1687930380,63.1,33.9,0.0,0.09000000000000341,2008.56,9873.03,-4.710000000000036,-9.780000000000655
UNHCR_LAGOS_OFFICE_DG1_and_DG2_1687930440,2023-06-28T05:34:00,2023-06-28T05:35:00,1687930440,63.1,33.82,0.0,0.0799999999999983,2008.56,9873.03,-4.710000000000036,-9.780000000000655
UNHCR_LAGOS_OFFICE_DG1_and_DG2_1687930500,2023-06-28T05:35:00,2023-06-28T05:36:00,1687930500,63.1,33.82,0.0,0.0,2008.56,9873.03,-4.710000000000036,-9.780000000000655
UNHCR_LAGOS_OFFICE_DG1_and_DG2_1687930560,2023-06-28T05:36:00,2023-06-28T05:37:00,1687930560,63.1,33.82,0.0,0.0,2008.56,9873.03,-4.710000000000036,-9.780000000000655
UNHCR_LAGOS_OFFICE_DG1_and_DG2_1687930620,2023-06-28T05:37:00,2023-06-28T05:38:00,1687930620,63.1,33.82,0.0,0.0,2008.56,9873.03,-4.710000000000036,-9.780000000000655
UNHCR_LAGOS_OFFICE_DG1_and_DG2_1687930680,2023-06-28T05:38:00,2023-06-28T05:39:00,1687930680,63.1,33.82,0.0,0.0,2008.56,9873.03,-4.710000000000036,-9.780000000000655
UNHCR_LAGOS_OFFICE_DG1_and_DG2_1687930740,2023-06-28T05:39:00,2023-06-28T05:40:00,1687930740,63.1,33.82,0.0,0.0,2008.56,9873.03,-4.710000000000036,-9.780000000000655
UNHCR_LAGOS_OFFICE_DG1_and_DG2_1687930800,2023-06-28T05:40:00,2023-06-28T05:41:00,1687930800,63.1,33.82,0.0,0.0,2008.56,9873.03,-4.710000000000036,-9.780000000000655
UNHCR_LAGOS_OFFICE_DG1_and_DG2_1687930860,2023-06-28T05:41:00,2023-06-28T05:42:00,1687930860,63.1,33.82,0.0,0.0,2008.56,9873.03,-4.710000000000036,-9.780000000000655
UNHCR_LAGOS_OFFICE_DG1_and_DG2_1687930920,2023-06-28T05:42:00,2023-06-28T05:43:00,1687930920,63.1,33.82,0.0,0.0,2008.56,9873.03,-4.710000000000036,-9.780000000000655
UNHCR_LAGOS_OFFICE_DG1_and_DG2_1687930980,2023-06-28T05:43:00,2023-06-28T05:44:00,1687930980,63.1,33.82,0.0,0.0,2008.56,9873.03,-4.710000000000036,-9.780000000000655
UNHCR_LAGOS_OFFICE_DG1_and_DG2_1687931040,2023-06-28T05:44:00,2023-06-28T05:45:00,1687931040,63.1,33.82,0.0,0.0,2008.56,9873.03,-4.710000000000036,-9.780000000000655
